transformers: 5.14.1
[transformers] The fast path is not available because one of the required library is not installed. Falling back to torch implementation. To install follow https://github.com/fla-org/flash-linear-attention#installation and https://github.com/Dao-AILab/causal-conv1d

Loading weights:   0%|          | 0/1184 [00:00<?, ?it/s]
Loading weights:   0%|          | 1/1184 [00:00<04:57,  3.97it/s]
Loading weights:   1%|          | 13/1184 [00:00<00:25, 45.28it/s]
Loading weights:   2%|▏         | 26/1184 [00:00<00:15, 73.67it/s]
Loading weights:   3%|▎         | 36/1184 [00:00<00:14, 76.99it/s]
Loading weights:   4%|▍         | 46/1184 [00:00<00:14, 77.57it/s]
Loading weights:   5%|▌         | 60/1184 [00:00<00:12, 92.25it/s]
Loading weights:   6%|▌         | 70/1184 [00:00<00:12, 91.81it/s]
Loading weights:   7%|▋         | 82/1184 [00:01<00:11, 92.16it/s]
Loading weights:   8%|▊         | 96/1184 [00:01<00:11, 97.56it/s]
Loading weights:   9%|▉         | 106/1184 [00:01<00:11, 93.78it/s]
Loading weights:  10%|█         | 120/1184 [00:01<00:10, 102.74it/s]
Loading weights:  11%|█         | 133/1184 [00:01<00:09, 108.37it/s]
Loading weights:  12%|█▏        | 147/1184 [00:01<00:09, 109.94it/s]
Loading weights:  13%|█▎        | 159/1184 [00:01<00:10, 94.33it/s] 
Loading weights:  15%|█▍        | 174/1184 [00:01<00:09, 103.40it/s]
Loading weights:  16%|█▌        | 188/1184 [00:02<00:09, 108.83it/s]
Loading weights:  17%|█▋        | 202/1184 [00:02<00:08, 111.67it/s]
Loading weights:  18%|█▊        | 214/1184 [00:02<00:09, 106.40it/s]
Loading weights:  19%|█▉        | 226/1184 [00:02<00:08, 109.90it/s]
Loading weights:  20%|██        | 240/1184 [00:02<00:08, 111.40it/s]
Loading weights:  21%|██▏       | 254/1184 [00:02<00:08, 113.23it/s]
Loading weights:  22%|██▏       | 266/1184 [00:02<00:08, 102.41it/s]
Loading weights:  24%|██▎       | 279/1184 [00:02<00:08, 101.93it/s]
Loading weights:  25%|██▍       | 292/1184 [00:03<00:08, 107.97it/s]
Loading weights:  26%|██▌       | 307/1184 [00:03<00:08, 103.32it/s]
Loading weights:  27%|██▋       | 318/1184 [00:03<00:08, 100.26it/s]
Loading weights:  28%|██▊       | 333/1184 [00:03<00:08, 105.81it/s]
Loading weights:  29%|██▉       | 346/1184 [00:03<00:07, 105.28it/s]
Loading weights:  30%|███       | 360/1184 [00:03<00:07, 113.80it/s]
Loading weights:  31%|███▏      | 372/1184 [00:03<00:08, 99.15it/s] 
Loading weights:  33%|███▎      | 385/1184 [00:03<00:07, 104.88it/s]
Loading weights:  34%|███▍      | 408/1184 [00:04<00:06, 127.54it/s]
Loading weights:  36%|███▌      | 421/1184 [00:04<00:07, 103.99it/s]
Loading weights:  37%|███▋      | 437/1184 [00:04<00:06, 116.54it/s]
Loading weights:  38%|███▊      | 451/1184 [00:04<00:06, 113.94it/s]
Loading weights:  39%|███▉      | 464/1184 [00:04<00:06, 117.31it/s]
Loading weights:  40%|████      | 477/1184 [00:04<00:07, 90.49it/s] 
Loading weights:  41%|████▏     | 491/1184 [00:04<00:06, 100.23it/s]
Loading weights:  43%|████▎     | 504/1184 [00:05<00:06, 106.14it/s]
Loading weights:  44%|████▎     | 516/1184 [00:05<00:06, 108.39it/s]
Loading weights:  45%|████▍     | 528/1184 [00:05<00:07, 92.13it/s] 
Loading weights:  46%|████▌     | 543/1184 [00:05<00:06, 104.67it/s]
Loading weights:  47%|████▋     | 556/1184 [00:05<00:05, 109.00it/s]
Loading weights:  48%|████▊     | 568/1184 [00:05<00:05, 105.20it/s]
Loading weights:  49%|████▉     | 580/1184 [00:05<00:06, 87.88it/s] 
Loading weights:  50%|█████     | 596/1184 [00:05<00:06, 96.52it/s]
Loading weights:  52%|█████▏    | 610/1184 [00:06<00:05, 106.58it/s]
Loading weights:  53%|█████▎    | 623/1184 [00:06<00:04, 112.21it/s]
Loading weights:  54%|█████▎    | 635/1184 [00:06<00:05, 92.54it/s] 
Loading weights:  55%|█████▍    | 650/1184 [00:06<00:05, 97.59it/s]
Loading weights:  56%|█████▌    | 665/1184 [00:06<00:04, 106.10it/s]
Loading weights:  57%|█████▋    | 679/1184 [00:06<00:04, 108.13it/s]
Loading weights:  58%|█████▊    | 691/1184 [00:06<00:04, 106.92it/s]
Loading weights:  59%|█████▉    | 703/1184 [00:06<00:04, 105.63it/s]
Loading weights:  61%|██████    | 718/1184 [00:07<00:04, 110.47it/s]
Loading weights:  62%|██████▏   | 732/1184 [00:07<00:04, 111.30it/s]
Loading weights:  63%|██████▎   | 744/1184 [00:07<00:04, 108.90it/s]
Loading weights:  64%|██████▍   | 757/1184 [00:07<00:03, 108.84it/s]
Loading weights:  65%|██████▌   | 771/1184 [00:07<00:03, 111.30it/s]
Loading weights:  66%|██████▌   | 784/1184 [00:07<00:03, 110.53it/s]
Loading weights:  67%|██████▋   | 796/1184 [00:07<00:03, 109.77it/s]
Loading weights:  68%|██████▊   | 809/1184 [00:07<00:03, 110.27it/s]
Loading weights:  70%|██████▉   | 824/1184 [00:08<00:03, 116.35it/s]
Loading weights:  71%|███████   | 838/1184 [00:08<00:02, 118.14it/s]
Loading weights:  72%|███████▏  | 850/1184 [00:08<00:02, 115.53it/s]
Loading weights:  91%|█████████ | 1077/1184 [00:08<00:00, 703.60it/s]
Loading weights: 100%|██████████| 1184/1184 [00:08<00:00, 141.02it/s]
loaded via AutoModelForImageTextToText 13.602314472198486
model+tokenizer ready 14.155062198638916
dataset rows: 207865 16.986100673675537
tokenized 128 rows, len range: 406 - 2048
dataloader ready: 32 batches 17.40214514732361
ignore check (match_name replica): 937 modules scanned; must-ignore=519 missed=0; gdn Linear=240; language Linear quantized=256 wrongly-ignored=0
recipe ready 18.483091354370117
2026-09-11T06:03:42.7686 | __init__ | WARNING - Disabling tokenizer parallelism due to threading conflict between FastTokenizer and Datasets. Set TOKENIZERS_PARALLELISM=false to suppress this warning.

Dispatching model:   0%|          | 0/1345 [00:00<?, ?it/s]
Dispatching model: 100%|██████████| 1345/1345 [00:00<00:00, 37714.27it/s]
2026-09-11T06:03:42.8282 | reset | INFO - Compression lifecycle reset
2026-09-11T06:03:42.8582 | norm_calibration_context | INFO - Found 161 offset-norm modules to convert
2026-09-11T06:03:42.9614 | from_modifiers | INFO - Creating recipe from modifiers

Applying quantization config:   0%|          | 0/256 [00:00<?, ?it/s]
Applying quantization config: 100%|██████████| 256/256 [00:00<00:00, 6161.94it/s]
2026-09-11T06:03:43.0530 | initialize | INFO - Compression lifecycle initialized for 1 modifiers
2026-09-11T06:03:43.0531 | IndependentPipeline | INFO - Inferred `SequentialPipeline` for `GPTQModifier`
W0911 06:03:43.147000 83941 lc-env/lib/python3.12/site-packages/torch/fx/_symbolic_trace.py:56] is_fx_tracing will return true for both fx.symbolic_trace and torch.export. Please use is_fx_tracing_symbolic_tracing() for specifically fx.symbolic_trace or torch.compiler.is_compiling() for specifically torch.export/compile.
2026-09-11T06:03:43.2603 | trace_subgraphs | WARNING - Expected 91 subgraphs, but only traced 65. This is likely due to having wrapped code which calls sequential targets

Preparing cache:   0%|          | 0/32 [00:00<?, ?it/s]
Preparing cache: 100%|██████████| 32/32 [00:00<00:00, 1106.42it/s]

(1/65): Calibrating:   0%|          | 0/32 [00:00<?, ?it/s]
(1/65): Calibrating:   3%|▎         | 1/32 [00:01<00:46,  1.50s/it]
(1/65): Calibrating: 100%|██████████| 32/32 [00:01<00:00, 20.98it/s]

(1/65): Propagating:   0%|          | 0/32 [00:00<?, ?it/s]
(1/65): Propagating:   6%|▋         | 2/32 [00:00<00:01, 17.23it/s]
(1/65): Propagating:  12%|█▎        | 4/32 [00:00<00:01, 17.32it/s]
(1/65): Propagating:  19%|█▉        | 6/32 [00:00<00:01, 17.34it/s]
(1/65): Propagating:  25%|██▌       | 8/32 [00:00<00:01, 17.35it/s]
(1/65): Propagating:  31%|███▏      | 10/32 [00:00<00:01, 17.38it/s]
(1/65): Propagating:  38%|███▊      | 12/32 [00:00<00:01, 17.36it/s]
(1/65): Propagating:  44%|████▍     | 14/32 [00:00<00:01, 17.40it/s]
(1/65): Propagating:  50%|█████     | 16/32 [00:00<00:00, 17.46it/s]
(1/65): Propagating:  56%|█████▋    | 18/32 [00:01<00:00, 17.53it/s]
(1/65): Propagating:  62%|██████▎   | 20/32 [00:01<00:00, 17.58it/s]
(1/65): Propagating:  69%|██████▉   | 22/32 [00:01<00:00, 17.61it/s]
(1/65): Propagating:  75%|███████▌  | 24/32 [00:01<00:00, 17.63it/s]
(1/65): Propagating:  81%|████████▏ | 26/32 [00:01<00:00, 17.63it/s]
(1/65): Propagating:  88%|████████▊ | 28/32 [00:01<00:00, 17.62it/s]
(1/65): Propagating:  94%|█████████▍| 30/32 [00:01<00:00, 17.64it/s]
(1/65): Propagating: 100%|██████████| 32/32 [00:01<00:00, 17.65it/s]
(1/65): Propagating: 100%|██████████| 32/32 [00:01<00:00, 17.53it/s]

(2/65): Calibrating:   0%|          | 0/32 [00:00<?, ?it/s]
(2/65): Calibrating:   3%|▎         | 1/32 [00:00<00:13,  2.26it/s]
(2/65): Calibrating:   6%|▋         | 2/32 [00:00<00:08,  3.38it/s]
(2/65): Calibrating:   9%|▉         | 3/32 [00:00<00:07,  3.82it/s]
(2/65): Calibrating:  12%|█▎        | 4/32 [00:01<00:06,  4.07it/s]
(2/65): Calibrating:  16%|█▌        | 5/32 [00:01<00:06,  4.23it/s]
(2/65): Calibrating:  19%|█▉        | 6/32 [00:01<00:06,  4.33it/s]
(2/65): Calibrating:  22%|██▏       | 7/32 [00:01<00:05,  4.39it/s]
(2/65): Calibrating:  25%|██▌       | 8/32 [00:01<00:05,  4.43it/s]
(2/65): Calibrating:  28%|██▊       | 9/32 [00:02<00:05,  4.47it/s]
(2/65): Calibrating:  31%|███▏      | 10/32 [00:02<00:04,  4.49it/s]
(2/65): Calibrating:  34%|███▍      | 11/32 [00:02<00:04,  4.50it/s]
(2/65): Calibrating:  38%|███▊      | 12/32 [00:02<00:04,  4.51it/s]
(2/65): Calibrating:  41%|████      | 13/32 [00:03<00:04,  4.52it/s]
(2/65): Calibrating:  44%|████▍     | 14/32 [00:03<00:03,  4.52it/s]
(2/65): Calibrating:  47%|████▋     | 15/32 [00:03<00:03,  4.52it/s]
(2/65): Calibrating:  50%|█████     | 16/32 [00:03<00:03,  4.52it/s]
(2/65): Calibrating:  53%|█████▎    | 17/32 [00:03<00:03,  4.52it/s]
(2/65): Calibrating:  56%|█████▋    | 18/32 [00:04<00:03,  4.50it/s]
(2/65): Calibrating:  59%|█████▉    | 19/32 [00:04<00:02,  4.50it/s]
(2/65): Calibrating:  62%|██████▎   | 20/32 [00:04<00:02,  4.49it/s]
(2/65): Calibrating:  66%|██████▌   | 21/32 [00:04<00:02,  4.48it/s]
(2/65): Calibrating:  69%|██████▉   | 22/32 [00:05<00:02,  4.49it/s]
(2/65): Calibrating:  72%|███████▏  | 23/32 [00:05<00:02,  4.48it/s]
(2/65): Calibrating:  75%|███████▌  | 24/32 [00:05<00:01,  4.49it/s]
(2/65): Calibrating:  78%|███████▊  | 25/32 [00:05<00:01,  4.50it/s]
(2/65): Calibrating:  81%|████████▏ | 26/32 [00:05<00:01,  4.51it/s]
(2/65): Calibrating:  84%|████████▍ | 27/32 [00:06<00:01,  4.51it/s]
(2/65): Calibrating:  88%|████████▊ | 28/32 [00:06<00:00,  4.52it/s]
(2/65): Calibrating:  91%|█████████ | 29/32 [00:06<00:00,  4.52it/s]
(2/65): Calibrating:  94%|█████████▍| 30/32 [00:06<00:00,  4.53it/s]
(2/65): Calibrating:  97%|█████████▋| 31/32 [00:07<00:00,  4.50it/s]
(2/65): Calibrating: 100%|██████████| 32/32 [00:07<00:00,  4.48it/s]
(2/65): Calibrating: 100%|██████████| 32/32 [00:07<00:00,  4.39it/s]
2026-09-11T06:03:54.2003 | compress_module_list | INFO - Quantizing model.language_model.layers.0.mlp.gate_proj using 128 samples
2026-09-11T06:03:54.4654 | quantize_weight | WARNING - Failed to invert hessian due to numerical instability. Consider increasing GPTQModifier.dampening_frac, increasing the number of calibration samples, or shuffling the calibration dataset. Falling back to round-to-nearest for this module.
2026-09-11T06:03:56.4281 | GPTQ | METRIC - time 2.23s
2026-09-11T06:03:56.4284 | GPTQ | METRIC - error 58.12
2026-09-11T06:03:56.4289 | GPTQ | METRIC - Accelerator 0 | usage: 62.98% | total memory: 47.8 Gb
2026-09-11T06:03:56.4292 | GPTQ | METRIC - Accelerator 1 | usage: 61.54% | total memory: 47.8 Gb
2026-09-11T06:03:56.4299 | compress_module_list | INFO - Quantizing model.language_model.layers.0.mlp.up_proj using 128 samples
2026-09-11T06:03:56.4409 | quantize_weight | WARNING - Failed to invert hessian due to numerical instability. Consider increasing GPTQModifier.dampening_frac, increasing the number of calibration samples, or shuffling the calibration dataset. Falling back to round-to-nearest for this module.
2026-09-11T06:03:57.8989 | GPTQ | METRIC - time 1.47s
2026-09-11T06:03:57.8991 | GPTQ | METRIC - error 53.55
2026-09-11T06:03:57.8994 | GPTQ | METRIC - Accelerator 0 | usage: 62.98% | total memory: 47.8 Gb
2026-09-11T06:03:57.8996 | GPTQ | METRIC - Accelerator 1 | usage: 61.54% | total memory: 47.8 Gb
2026-09-11T06:03:57.9002 | compress_module_list | INFO - Quantizing model.language_model.layers.0.mlp.down_proj using 128 samples
2026-09-11T06:03:57.9942 | quantize_weight | WARNING - Failed to invert hessian due to numerical instability. Consider increasing GPTQModifier.dampening_frac, increasing the number of calibration samples, or shuffling the calibration dataset. Falling back to round-to-nearest for this module.
2026-09-11T06:04:02.8868 | GPTQ | METRIC - time 4.99s
2026-09-11T06:04:02.8870 | GPTQ | METRIC - error 65.75
2026-09-11T06:04:02.8873 | GPTQ | METRIC - Accelerator 0 | usage: 63.92% | total memory: 47.8 Gb
2026-09-11T06:04:02.8875 | GPTQ | METRIC - Accelerator 1 | usage: 61.54% | total memory: 47.8 Gb

(2/65): Propagating:   0%|          | 0/32 [00:00<?, ?it/s]
(2/65): Propagating:   3%|▎         | 1/32 [00:00<00:05,  5.79it/s]
(2/65): Propagating:   6%|▋         | 2/32 [00:00<00:05,  5.94it/s]
(2/65): Propagating:   9%|▉         | 3/32 [00:00<00:04,  5.94it/s]
(2/65): Propagating:  12%|█▎        | 4/32 [00:00<00:04,  5.89it/s]
(2/65): Propagating:  16%|█▌        | 5/32 [00:00<00:04,  5.86it/s]
(2/65): Propagating:  19%|█▉        | 6/32 [00:01<00:04,  5.87it/s]
(2/65): Propagating:  22%|██▏       | 7/32 [00:01<00:04,  5.86it/s]
(2/65): Propagating:  25%|██▌       | 8/32 [00:01<00:04,  5.88it/s]
(2/65): Propagating:  28%|██▊       | 9/32 [00:01<00:03,  5.87it/s]
(2/65): Propagating:  31%|███▏      | 10/32 [00:01<00:03,  5.86it/s]
(2/65): Propagating:  34%|███▍      | 11/32 [00:01<00:03,  6.00it/s]
(2/65): Propagating:  38%|███▊      | 12/32 [00:02<00:03,  6.05it/s]
(2/65): Propagating:  41%|████      | 13/32 [00:02<00:03,  5.99it/s]
(2/65): Propagating:  44%|████▍     | 14/32 [00:02<00:03,  5.98it/s]
(2/65): Propagating:  47%|████▋     | 15/32 [00:02<00:02,  6.04it/s]
(2/65): Propagating:  50%|█████     | 16/32 [00:02<00:02,  6.06it/s]
(2/65): Propagating:  53%|█████▎    | 17/32 [00:02<00:02,  6.04it/s]
(2/65): Propagating:  56%|█████▋    | 18/32 [00:03<00:02,  5.98it/s]
(2/65): Propagating:  59%|█████▉    | 19/32 [00:03<00:02,  5.94it/s]
(2/65): Propagating:  62%|██████▎   | 20/32 [00:03<00:02,  5.92it/s]
(2/65): Propagating:  66%|██████▌   | 21/32 [00:03<00:01,  5.90it/s]
(2/65): Propagating:  69%|██████▉   | 22/32 [00:03<00:01,  5.88it/s]
(2/65): Propagating:  72%|███████▏  | 23/32 [00:03<00:01,  5.87it/s]
(2/65): Propagating:  75%|███████▌  | 24/32 [00:04<00:01,  5.87it/s]
(2/65): Propagating:  78%|███████▊  | 25/32 [00:04<00:01,  5.86it/s]
(2/65): Propagating:  81%|████████▏ | 26/32 [00:04<00:01,  5.86it/s]
(2/65): Propagating:  84%|████████▍ | 27/32 [00:04<00:00,  5.86it/s]
(2/65): Propagating:  88%|████████▊ | 28/32 [00:04<00:00,  5.86it/s]
(2/65): Propagating:  91%|█████████ | 29/32 [00:04<00:00,  5.86it/s]
(2/65): Propagating:  94%|█████████▍| 30/32 [00:05<00:00,  5.86it/s]
(2/65): Propagating:  97%|█████████▋| 31/32 [00:05<00:00,  5.85it/s]
(2/65): Propagating: 100%|██████████| 32/32 [00:05<00:00,  5.88it/s]
(2/65): Propagating: 100%|██████████| 32/32 [00:05<00:00,  5.91it/s]

(3/65): Calibrating:   0%|          | 0/32 [00:00<?, ?it/s]
(3/65): Calibrating:   6%|▋         | 2/32 [00:00<00:03,  8.00it/s]
(3/65): Calibrating:   9%|▉         | 3/32 [00:00<00:04,  6.07it/s]
(3/65): Calibrating:  12%|█▎        | 4/32 [00:00<00:05,  5.39it/s]
(3/65): Calibrating:  16%|█▌        | 5/32 [00:00<00:05,  5.06it/s]
(3/65): Calibrating:  19%|█▉        | 6/32 [00:01<00:05,  4.87it/s]
(3/65): Calibrating:  22%|██▏       | 7/32 [00:01<00:05,  4.75it/s]
(3/65): Calibrating:  25%|██▌       | 8/32 [00:01<00:05,  4.68it/s]
(3/65): Calibrating:  28%|██▊       | 9/32 [00:01<00:04,  4.63it/s]
(3/65): Calibrating:  31%|███▏      | 10/32 [00:02<00:04,  4.60it/s]
(3/65): Calibrating:  34%|███▍      | 11/32 [00:02<00:04,  4.58it/s]
(3/65): Calibrating:  38%|███▊      | 12/32 [00:02<00:04,  4.57it/s]
(3/65): Calibrating:  41%|████      | 13/32 [00:02<00:04,  4.56it/s]
(3/65): Calibrating:  44%|████▍     | 14/32 [00:02<00:03,  4.54it/s]
(3/65): Calibrating:  47%|████▋     | 15/32 [00:03<00:03,  4.53it/s]
(3/65): Calibrating:  50%|█████     | 16/32 [00:03<00:03,  4.53it/s]
(3/65): Calibrating:  53%|█████▎    | 17/32 [00:03<00:03,  4.53it/s]
(3/65): Calibrating:  56%|█████▋    | 18/32 [00:03<00:03,  4.52it/s]
(3/65): Calibrating:  59%|█████▉    | 19/32 [00:04<00:02,  4.52it/s]
(3/65): Calibrating:  62%|██████▎   | 20/32 [00:04<00:02,  4.52it/s]
(3/65): Calibrating:  66%|██████▌   | 21/32 [00:04<00:02,  4.53it/s]
(3/65): Calibrating:  69%|██████▉   | 22/32 [00:04<00:02,  4.53it/s]
(3/65): Calibrating:  72%|███████▏  | 23/32 [00:04<00:01,  4.53it/s]
(3/65): Calibrating:  75%|███████▌  | 24/32 [00:05<00:01,  4.53it/s]
(3/65): Calibrating:  78%|███████▊  | 25/32 [00:05<00:01,  4.53it/s]
(3/65): Calibrating:  81%|████████▏ | 26/32 [00:05<00:01,  4.52it/s]
(3/65): Calibrating:  84%|████████▍ | 27/32 [00:05<00:01,  4.52it/s]
(3/65): Calibrating:  88%|████████▊ | 28/32 [00:05<00:00,  4.52it/s]
(3/65): Calibrating:  91%|█████████ | 29/32 [00:06<00:00,  4.53it/s]
(3/65): Calibrating:  94%|█████████▍| 30/32 [00:06<00:00,  4.52it/s]
(3/65): Calibrating:  97%|█████████▋| 31/32 [00:06<00:00,  4.52it/s]
(3/65): Calibrating: 100%|██████████| 32/32 [00:06<00:00,  4.52it/s]
(3/65): Calibrating: 100%|██████████| 32/32 [00:06<00:00,  4.65it/s]
2026-09-11T06:04:15.3790 | compress_module_list | INFO - Quantizing model.language_model.layers.1.mlp.gate_proj using 128 samples
2026-09-11T06:04:15.3895 | quantize_weight | WARNING - Failed to invert hessian due to numerical instability. Consider increasing GPTQModifier.dampening_frac, increasing the number of calibration samples, or shuffling the calibration dataset. Falling back to round-to-nearest for this module.
2026-09-11T06:04:16.8352 | GPTQ | METRIC - time 1.46s
2026-09-11T06:04:16.8354 | GPTQ | METRIC - error 63.67
2026-09-11T06:04:16.8357 | GPTQ | METRIC - Accelerator 0 | usage: 63.92% | total memory: 47.8 Gb
2026-09-11T06:04:16.8359 | GPTQ | METRIC - Accelerator 1 | usage: 61.54% | total memory: 47.8 Gb
2026-09-11T06:04:16.8366 | compress_module_list | INFO - Quantizing model.language_model.layers.1.mlp.up_proj using 128 samples
2026-09-11T06:04:16.8471 | quantize_weight | WARNING - Failed to invert hessian due to numerical instability. Consider increasing GPTQModifier.dampening_frac, increasing the number of calibration samples, or shuffling the calibration dataset. Falling back to round-to-nearest for this module.
2026-09-11T06:04:18.2887 | GPTQ | METRIC - time 1.45s
2026-09-11T06:04:18.2888 | GPTQ | METRIC - error 60.63
2026-09-11T06:04:18.2891 | GPTQ | METRIC - Accelerator 0 | usage: 63.92% | total memory: 47.8 Gb
2026-09-11T06:04:18.2893 | GPTQ | METRIC - Accelerator 1 | usage: 61.54% | total memory: 47.8 Gb
2026-09-11T06:04:18.2900 | compress_module_list | INFO - Quantizing model.language_model.layers.1.mlp.down_proj using 128 samples
2026-09-11T06:04:18.3841 | quantize_weight | WARNING - Failed to invert hessian due to numerical instability. Consider increasing GPTQModifier.dampening_frac, increasing the number of calibration samples, or shuffling the calibration dataset. Falling back to round-to-nearest for this module.
2026-09-11T06:04:23.2915 | GPTQ | METRIC - time 5.00s
2026-09-11T06:04:23.2917 | GPTQ | METRIC - error 69.84
2026-09-11T06:04:23.2920 | GPTQ | METRIC - Accelerator 0 | usage: 63.92% | total memory: 47.8 Gb
2026-09-11T06:04:23.2922 | GPTQ | METRIC - Accelerator 1 | usage: 61.54% | total memory: 47.8 Gb

(3/65): Propagating:   0%|          | 0/32 [00:00<?, ?it/s]
(3/65): Propagating:   3%|▎         | 1/32 [00:00<00:04,  6.35it/s]
(3/65): Propagating:   6%|▋         | 2/32 [00:00<00:04,  6.34it/s]
(3/65): Propagating:   9%|▉         | 3/32 [00:00<00:04,  6.35it/s]
(3/65): Propagating:  12%|█▎        | 4/32 [00:00<00:04,  6.34it/s]
(3/65): Propagating:  16%|█▌        | 5/32 [00:00<00:04,  6.35it/s]
(3/65): Propagating:  19%|█▉        | 6/32 [00:00<00:04,  6.35it/s]
(3/65): Propagating:  22%|██▏       | 7/32 [00:01<00:03,  6.36it/s]
(3/65): Propagating:  25%|██▌       | 8/32 [00:01<00:03,  6.36it/s]
(3/65): Propagating:  28%|██▊       | 9/32 [00:01<00:03,  6.36it/s]
(3/65): Propagating:  31%|███▏      | 10/32 [00:01<00:03,  6.37it/s]
(3/65): Propagating:  34%|███▍      | 11/32 [00:01<00:03,  6.37it/s]
(3/65): Propagating:  38%|███▊      | 12/32 [00:01<00:03,  6.37it/s]
(3/65): Propagating:  41%|████      | 13/32 [00:02<00:02,  6.37it/s]
(3/65): Propagating:  44%|████▍     | 14/32 [00:02<00:02,  6.34it/s]
(3/65): Propagating:  47%|████▋     | 15/32 [00:02<00:02,  6.34it/s]
(3/65): Propagating:  50%|█████     | 16/32 [00:02<00:02,  6.32it/s]
(3/65): Propagating:  53%|█████▎    | 17/32 [00:02<00:02,  6.32it/s]
(3/65): Propagating:  56%|█████▋    | 18/32 [00:02<00:02,  6.06it/s]
(3/65): Propagating:  59%|█████▉    | 19/32 [00:03<00:02,  6.15it/s]
(3/65): Propagating:  62%|██████▎   | 20/32 [00:03<00:01,  6.22it/s]
(3/65): Propagating:  66%|██████▌   | 21/32 [00:03<00:01,  6.27it/s]
(3/65): Propagating:  69%|██████▉   | 22/32 [00:03<00:01,  6.30it/s]
(3/65): Propagating:  72%|███████▏  | 23/32 [00:03<00:01,  6.32it/s]
(3/65): Propagating:  75%|███████▌  | 24/32 [00:03<00:01,  6.31it/s]
(3/65): Propagating:  78%|███████▊  | 25/32 [00:03<00:01,  6.31it/s]
(3/65): Propagating:  81%|████████▏ | 26/32 [00:04<00:00,  6.31it/s]
(3/65): Propagating:  84%|████████▍ | 27/32 [00:04<00:00,  6.30it/s]
(3/65): Propagating:  88%|████████▊ | 28/32 [00:04<00:00,  6.32it/s]
(3/65): Propagating:  91%|█████████ | 29/32 [00:04<00:00,  6.33it/s]
(3/65): Propagating:  94%|█████████▍| 30/32 [00:04<00:00,  6.33it/s]
(3/65): Propagating:  97%|█████████▋| 31/32 [00:04<00:00,  6.33it/s]
(3/65): Propagating: 100%|██████████| 32/32 [00:05<00:00,  6.32it/s]
(3/65): Propagating: 100%|██████████| 32/32 [00:05<00:00,  6.31it/s]

(4/65): Calibrating:   0%|          | 0/32 [00:00<?, ?it/s]
(4/65): Calibrating:   6%|▋         | 2/32 [00:00<00:03,  8.01it/s]
(4/65): Calibrating:   9%|▉         | 3/32 [00:00<00:04,  6.06it/s]
(4/65): Calibrating:  12%|█▎        | 4/32 [00:00<00:05,  5.37it/s]
(4/65): Calibrating:  16%|█▌        | 5/32 [00:00<00:05,  5.04it/s]
(4/65): Calibrating:  19%|█▉        | 6/32 [00:01<00:05,  4.85it/s]
(4/65): Calibrating:  22%|██▏       | 7/32 [00:01<00:05,  4.74it/s]
(4/65): Calibrating:  25%|██▌       | 8/32 [00:01<00:05,  4.65it/s]
(4/65): Calibrating:  28%|██▊       | 9/32 [00:01<00:05,  4.57it/s]
(4/65): Calibrating:  31%|███▏      | 10/32 [00:02<00:04,  4.54it/s]
(4/65): Calibrating:  34%|███▍      | 11/32 [00:02<00:04,  4.52it/s]
(4/65): Calibrating:  38%|███▊      | 12/32 [00:02<00:04,  4.49it/s]
(4/65): Calibrating:  41%|████      | 13/32 [00:02<00:04,  4.45it/s]
(4/65): Calibrating:  44%|████▍     | 14/32 [00:02<00:04,  4.46it/s]
(4/65): Calibrating:  47%|████▋     | 15/32 [00:03<00:03,  4.47it/s]
(4/65): Calibrating:  50%|█████     | 16/32 [00:03<00:03,  4.46it/s]
(4/65): Calibrating:  53%|█████▎    | 17/32 [00:03<00:03,  4.44it/s]
(4/65): Calibrating:  56%|█████▋    | 18/32 [00:03<00:03,  4.40it/s]
(4/65): Calibrating:  59%|█████▉    | 19/32 [00:04<00:02,  4.40it/s]
(4/65): Calibrating:  62%|██████▎   | 20/32 [00:04<00:02,  4.41it/s]
(4/65): Calibrating:  66%|██████▌   | 21/32 [00:04<00:02,  4.43it/s]
(4/65): Calibrating:  69%|██████▉   | 22/32 [00:04<00:02,  4.44it/s]
(4/65): Calibrating:  72%|███████▏  | 23/32 [00:04<00:02,  4.44it/s]
(4/65): Calibrating:  75%|███████▌  | 24/32 [00:05<00:01,  4.45it/s]
(4/65): Calibrating:  78%|███████▊  | 25/32 [00:05<00:01,  4.47it/s]
(4/65): Calibrating:  81%|████████▏ | 26/32 [00:05<00:01,  4.46it/s]
(4/65): Calibrating:  84%|████████▍ | 27/32 [00:05<00:01,  4.47it/s]
(4/65): Calibrating:  88%|████████▊ | 28/32 [00:06<00:00,  4.48it/s]
(4/65): Calibrating:  91%|█████████ | 29/32 [00:06<00:00,  4.49it/s]
(4/65): Calibrating:  94%|█████████▍| 30/32 [00:06<00:00,  4.47it/s]
(4/65): Calibrating:  97%|█████████▋| 31/32 [00:06<00:00,  4.48it/s]
(4/65): Calibrating: 100%|██████████| 32/32 [00:06<00:00,  4.49it/s]
(4/65): Calibrating: 100%|██████████| 32/32 [00:06<00:00,  4.59it/s]
2026-09-11T06:04:35.5314 | compress_module_list | INFO - Quantizing model.language_model.layers.2.mlp.gate_proj using 128 samples
2026-09-11T06:04:37.0515 | GPTQ | METRIC - time 1.52s
2026-09-11T06:04:37.0517 | GPTQ | METRIC - error 1807.42
2026-09-11T06:04:37.0520 | GPTQ | METRIC - Accelerator 0 | usage: 63.92% | total memory: 47.8 Gb
2026-09-11T06:04:37.0522 | GPTQ | METRIC - Accelerator 1 | usage: 61.54% | total memory: 47.8 Gb
2026-09-11T06:04:37.0529 | compress_module_list | INFO - Quantizing model.language_model.layers.2.mlp.up_proj using 128 samples
2026-09-11T06:04:38.5604 | GPTQ | METRIC - time 1.51s
2026-09-11T06:04:38.5606 | GPTQ | METRIC - error 1702.58
2026-09-11T06:04:38.5609 | GPTQ | METRIC - Accelerator 0 | usage: 63.92% | total memory: 47.8 Gb
2026-09-11T06:04:38.5611 | GPTQ | METRIC - Accelerator 1 | usage: 61.54% | total memory: 47.8 Gb
2026-09-11T06:04:38.5617 | compress_module_list | INFO - Quantizing model.language_model.layers.2.mlp.down_proj using 128 samples
2026-09-11T06:04:38.6558 | quantize_weight | WARNING - Failed to invert hessian due to numerical instability. Consider increasing GPTQModifier.dampening_frac, increasing the number of calibration samples, or shuffling the calibration dataset. Falling back to round-to-nearest for this module.
2026-09-11T06:04:43.5526 | GPTQ | METRIC - time 4.99s
2026-09-11T06:04:43.5528 | GPTQ | METRIC - error 68.80
2026-09-11T06:04:43.5531 | GPTQ | METRIC - Accelerator 0 | usage: 63.92% | total memory: 47.8 Gb
2026-09-11T06:04:43.5533 | GPTQ | METRIC - Accelerator 1 | usage: 61.54% | total memory: 47.8 Gb

(4/65): Propagating:   0%|          | 0/32 [00:00<?, ?it/s]
(4/65): Propagating:   3%|▎         | 1/32 [00:00<00:05,  5.79it/s]
(4/65): Propagating:   6%|▋         | 2/32 [00:00<00:05,  5.80it/s]
(4/65): Propagating:   9%|▉         | 3/32 [00:00<00:04,  5.87it/s]
(4/65): Propagating:  12%|█▎        | 4/32 [00:00<00:04,  5.89it/s]
(4/65): Propagating:  16%|█▌        | 5/32 [00:00<00:04,  5.92it/s]
(4/65): Propagating:  19%|█▉        | 6/32 [00:01<00:04,  6.00it/s]
(4/65): Propagating:  22%|██▏       | 7/32 [00:01<00:04,  6.06it/s]
(4/65): Propagating:  25%|██▌       | 8/32 [00:01<00:03,  6.11it/s]
(4/65): Propagating:  28%|██▊       | 9/32 [00:01<00:03,  6.19it/s]
(4/65): Propagating:  31%|███▏      | 10/32 [00:01<00:03,  6.16it/s]
(4/65): Propagating:  34%|███▍      | 11/32 [00:01<00:03,  6.16it/s]
(4/65): Propagating:  38%|███▊      | 12/32 [00:01<00:03,  6.16it/s]
(4/65): Propagating:  41%|████      | 13/32 [00:02<00:03,  6.20it/s]
(4/65): Propagating:  44%|████▍     | 14/32 [00:02<00:02,  6.25it/s]
(4/65): Propagating:  47%|████▋     | 15/32 [00:02<00:02,  6.28it/s]
(4/65): Propagating:  50%|█████     | 16/32 [00:02<00:02,  6.30it/s]
(4/65): Propagating:  53%|█████▎    | 17/32 [00:02<00:02,  6.32it/s]
(4/65): Propagating:  56%|█████▋    | 18/32 [00:02<00:02,  6.34it/s]
(4/65): Propagating:  59%|█████▉    | 19/32 [00:03<00:02,  6.35it/s]
(4/65): Propagating:  62%|██████▎   | 20/32 [00:03<00:01,  6.36it/s]
(4/65): Propagating:  66%|██████▌   | 21/32 [00:03<00:01,  6.37it/s]
(4/65): Propagating:  69%|██████▉   | 22/32 [00:03<00:01,  6.38it/s]
(4/65): Propagating:  72%|███████▏  | 23/32 [00:03<00:01,  6.38it/s]
(4/65): Propagating:  75%|███████▌  | 24/32 [00:03<00:01,  6.36it/s]
(4/65): Propagating:  78%|███████▊  | 25/32 [00:04<00:01,  6.34it/s]
(4/65): Propagating:  81%|████████▏ | 26/32 [00:04<00:00,  6.33it/s]
(4/65): Propagating:  84%|████████▍ | 27/32 [00:04<00:00,  6.32it/s]
(4/65): Propagating:  88%|████████▊ | 28/32 [00:04<00:00,  6.31it/s]
(4/65): Propagating:  91%|█████████ | 29/32 [00:04<00:00,  6.32it/s]
(4/65): Propagating:  94%|█████████▍| 30/32 [00:04<00:00,  6.32it/s]
(4/65): Propagating:  97%|█████████▋| 31/32 [00:04<00:00,  6.33it/s]
(4/65): Propagating: 100%|██████████| 32/32 [00:05<00:00,  6.34it/s]
(4/65): Propagating: 100%|██████████| 32/32 [00:05<00:00,  6.24it/s]

(5/65): Calibrating:   0%|          | 0/32 [00:00<?, ?it/s]
(5/65): Calibrating:   6%|▋         | 2/32 [00:00<00:03,  7.91it/s]
(5/65): Calibrating:   9%|▉         | 3/32 [00:00<00:05,  5.79it/s]
(5/65): Calibrating:  12%|█▎        | 4/32 [00:00<00:05,  5.09it/s]
(5/65): Calibrating:  16%|█▌        | 5/32 [00:00<00:05,  4.75it/s]
(5/65): Calibrating:  19%|█▉        | 6/32 [00:01<00:05,  4.56it/s]
(5/65): Calibrating:  22%|██▏       | 7/32 [00:01<00:05,  4.44it/s]
(5/65): Calibrating:  25%|██▌       | 8/32 [00:01<00:05,  4.37it/s]
(5/65): Calibrating:  28%|██▊       | 9/32 [00:01<00:05,  4.32it/s]
(5/65): Calibrating:  31%|███▏      | 10/32 [00:02<00:05,  4.29it/s]
(5/65): Calibrating:  34%|███▍      | 11/32 [00:02<00:04,  4.28it/s]
(5/65): Calibrating:  38%|███▊      | 12/32 [00:02<00:04,  4.26it/s]
(5/65): Calibrating:  41%|████      | 13/32 [00:02<00:04,  4.25it/s]
(5/65): Calibrating:  44%|████▍     | 14/32 [00:03<00:04,  4.23it/s]
(5/65): Calibrating:  47%|████▋     | 15/32 [00:03<00:04,  4.24it/s]
(5/65): Calibrating:  50%|█████     | 16/32 [00:03<00:03,  4.25it/s]
(5/65): Calibrating:  53%|█████▎    | 17/32 [00:03<00:03,  4.24it/s]
(5/65): Calibrating:  56%|█████▋    | 18/32 [00:04<00:03,  4.23it/s]
(5/65): Calibrating:  59%|█████▉    | 19/32 [00:04<00:03,  4.22it/s]
(5/65): Calibrating:  62%|██████▎   | 20/32 [00:04<00:02,  4.21it/s]
(5/65): Calibrating:  66%|██████▌   | 21/32 [00:04<00:02,  4.21it/s]
(5/65): Calibrating:  69%|██████▉   | 22/32 [00:04<00:02,  4.20it/s]
(5/65): Calibrating:  72%|███████▏  | 23/32 [00:05<00:02,  4.20it/s]
(5/65): Calibrating:  75%|███████▌  | 24/32 [00:05<00:01,  4.20it/s]
(5/65): Calibrating:  78%|███████▊  | 25/32 [00:05<00:01,  4.20it/s]
(5/65): Calibrating:  81%|████████▏ | 26/32 [00:05<00:01,  4.21it/s]
(5/65): Calibrating:  84%|████████▍ | 27/32 [00:06<00:01,  4.21it/s]
(5/65): Calibrating:  88%|████████▊ | 28/32 [00:06<00:00,  4.21it/s]
(5/65): Calibrating:  91%|█████████ | 29/32 [00:06<00:00,  4.21it/s]
(5/65): Calibrating:  94%|█████████▍| 30/32 [00:06<00:00,  4.20it/s]
(5/65): Calibrating:  97%|█████████▋| 31/32 [00:07<00:00,  4.21it/s]
(5/65): Calibrating: 100%|██████████| 32/32 [00:07<00:00,  4.20it/s]
(5/65): Calibrating: 100%|██████████| 32/32 [00:07<00:00,  4.34it/s]
2026-09-11T06:04:56.2831 | compress_module_list | INFO - Quantizing model.language_model.layers.3.self_attn.q_proj using 128 samples
2026-09-11T06:04:57.7713 | GPTQ | METRIC - time 1.49s
2026-09-11T06:04:57.7715 | GPTQ | METRIC - error 24517.98
2026-09-11T06:04:57.7717 | GPTQ | METRIC - Accelerator 0 | usage: 63.92% | total memory: 47.8 Gb
2026-09-11T06:04:57.7719 | GPTQ | METRIC - Accelerator 1 | usage: 61.54% | total memory: 47.8 Gb
2026-09-11T06:04:57.7724 | compress_module_list | INFO - Quantizing model.language_model.layers.3.self_attn.k_proj using 128 samples
2026-09-11T06:04:59.2223 | GPTQ | METRIC - time 1.45s
2026-09-11T06:04:59.2225 | GPTQ | METRIC - error 1837.31
2026-09-11T06:04:59.2228 | GPTQ | METRIC - Accelerator 0 | usage: 63.92% | total memory: 47.8 Gb
2026-09-11T06:04:59.2230 | GPTQ | METRIC - Accelerator 1 | usage: 61.54% | total memory: 47.8 Gb
2026-09-11T06:04:59.2232 | compress_module_list | INFO - Quantizing model.language_model.layers.3.self_attn.v_proj using 128 samples
2026-09-11T06:05:00.7282 | GPTQ | METRIC - time 1.50s
2026-09-11T06:05:00.7284 | GPTQ | METRIC - error 1794.68
2026-09-11T06:05:00.7287 | GPTQ | METRIC - Accelerator 0 | usage: 63.92% | total memory: 47.8 Gb
2026-09-11T06:05:00.7289 | GPTQ | METRIC - Accelerator 1 | usage: 61.54% | total memory: 47.8 Gb
2026-09-11T06:05:00.7291 | compress_module_list | INFO - Quantizing model.language_model.layers.3.self_attn.o_proj using 128 samples
2026-09-11T06:05:02.4950 | GPTQ | METRIC - time 1.77s
2026-09-11T06:05:02.4952 | GPTQ | METRIC - error 19.98
2026-09-11T06:05:02.4955 | GPTQ | METRIC - Accelerator 0 | usage: 63.92% | total memory: 47.8 Gb
2026-09-11T06:05:02.4957 | GPTQ | METRIC - Accelerator 1 | usage: 61.54% | total memory: 47.8 Gb
2026-09-11T06:05:02.4960 | compress_module_list | INFO - Quantizing model.language_model.layers.3.mlp.gate_proj using 128 samples
2026-09-11T06:05:04.0020 | GPTQ | METRIC - time 1.51s
2026-09-11T06:05:04.0022 | GPTQ | METRIC - error 2047.41
2026-09-11T06:05:04.0025 | GPTQ | METRIC - Accelerator 0 | usage: 63.92% | total memory: 47.8 Gb
2026-09-11T06:05:04.0027 | GPTQ | METRIC - Accelerator 1 | usage: 61.54% | total memory: 47.8 Gb
2026-09-11T06:05:04.0033 | compress_module_list | INFO - Quantizing model.language_model.layers.3.mlp.up_proj using 128 samples
2026-09-11T06:05:05.6312 | GPTQ | METRIC - time 1.63s
2026-09-11T06:05:05.6314 | GPTQ | METRIC - error 1964.72
2026-09-11T06:05:05.6317 | GPTQ | METRIC - Accelerator 0 | usage: 63.92% | total memory: 47.8 Gb
2026-09-11T06:05:05.6330 | GPTQ | METRIC - Accelerator 1 | usage: 61.54% | total memory: 47.8 Gb
2026-09-11T06:05:05.6337 | compress_module_list | INFO - Quantizing model.language_model.layers.3.mlp.down_proj using 128 samples
2026-09-11T06:05:11.2235 | GPTQ | METRIC - time 5.59s
2026-09-11T06:05:11.2236 | GPTQ | METRIC - error 35.80
2026-09-11T06:05:11.2240 | GPTQ | METRIC - Accelerator 0 | usage: 68.24% | total memory: 47.8 Gb
2026-09-11T06:05:11.2242 | GPTQ | METRIC - Accelerator 1 | usage: 61.54% | total memory: 47.8 Gb

(5/65): Propagating:   0%|          | 0/32 [00:00<?, ?it/s]
(5/65): Propagating:   3%|▎         | 1/32 [00:00<00:04,  7.19it/s]
(5/65): Propagating:   6%|▋         | 2/32 [00:00<00:04,  7.28it/s]
(5/65): Propagating:   9%|▉         | 3/32 [00:00<00:03,  7.36it/s]
(5/65): Propagating:  12%|█▎        | 4/32 [00:00<00:03,  7.40it/s]
(5/65): Propagating:  16%|█▌        | 5/32 [00:00<00:03,  7.36it/s]
(5/65): Propagating:  19%|█▉        | 6/32 [00:00<00:03,  7.41it/s]
(5/65): Propagating:  22%|██▏       | 7/32 [00:00<00:03,  7.44it/s]
(5/65): Propagating:  25%|██▌       | 8/32 [00:01<00:03,  7.42it/s]
(5/65): Propagating:  28%|██▊       | 9/32 [00:01<00:03,  7.43it/s]
(5/65): Propagating:  31%|███▏      | 10/32 [00:01<00:02,  7.36it/s]
(5/65): Propagating:  34%|███▍      | 11/32 [00:01<00:02,  7.35it/s]
(5/65): Propagating:  38%|███▊      | 12/32 [00:01<00:02,  7.35it/s]
(5/65): Propagating:  41%|████      | 13/32 [00:01<00:02,  7.43it/s]
(5/65): Propagating:  44%|████▍     | 14/32 [00:01<00:02,  7.49it/s]
(5/65): Propagating:  47%|████▋     | 15/32 [00:02<00:02,  7.51it/s]
(5/65): Propagating:  50%|█████     | 16/32 [00:02<00:02,  7.54it/s]
(5/65): Propagating:  53%|█████▎    | 17/32 [00:02<00:01,  7.56it/s]
(5/65): Propagating:  56%|█████▋    | 18/32 [00:02<00:01,  7.58it/s]
(5/65): Propagating:  59%|█████▉    | 19/32 [00:02<00:01,  7.59it/s]
(5/65): Propagating:  62%|██████▎   | 20/32 [00:02<00:01,  7.62it/s]
(5/65): Propagating:  66%|██████▌   | 21/32 [00:02<00:01,  7.64it/s]
(5/65): Propagating:  69%|██████▉   | 22/32 [00:02<00:01,  7.65it/s]
(5/65): Propagating:  72%|███████▏  | 23/32 [00:03<00:01,  7.66it/s]
(5/65): Propagating:  75%|███████▌  | 24/32 [00:03<00:01,  7.67it/s]
(5/65): Propagating:  78%|███████▊  | 25/32 [00:03<00:00,  7.65it/s]
(5/65): Propagating:  81%|████████▏ | 26/32 [00:03<00:00,  7.63it/s]
(5/65): Propagating:  84%|████████▍ | 27/32 [00:03<00:00,  7.62it/s]
(5/65): Propagating:  88%|████████▊ | 28/32 [00:03<00:00,  7.61it/s]
(5/65): Propagating:  91%|█████████ | 29/32 [00:03<00:00,  7.60it/s]
(5/65): Propagating:  94%|█████████▍| 30/32 [00:03<00:00,  7.60it/s]
(5/65): Propagating:  97%|█████████▋| 31/32 [00:04<00:00,  7.61it/s]
(5/65): Propagating: 100%|██████████| 32/32 [00:04<00:00,  7.62it/s]
(5/65): Propagating: 100%|██████████| 32/32 [00:04<00:00,  7.53it/s]

(6/65): Calibrating:   0%|          | 0/32 [00:00<?, ?it/s]
(6/65): Calibrating:   6%|▋         | 2/32 [00:00<00:03,  8.00it/s]
(6/65): Calibrating:   9%|▉         | 3/32 [00:00<00:04,  6.04it/s]
(6/65): Calibrating:  12%|█▎        | 4/32 [00:00<00:05,  5.36it/s]
(6/65): Calibrating:  16%|█▌        | 5/32 [00:00<00:05,  5.03it/s]
(6/65): Calibrating:  19%|█▉        | 6/32 [00:01<00:05,  4.85it/s]
(6/65): Calibrating:  22%|██▏       | 7/32 [00:01<00:05,  4.73it/s]
(6/65): Calibrating:  25%|██▌       | 8/32 [00:01<00:05,  4.66it/s]
(6/65): Calibrating:  28%|██▊       | 9/32 [00:01<00:04,  4.61it/s]
(6/65): Calibrating:  31%|███▏      | 10/32 [00:02<00:04,  4.57it/s]
(6/65): Calibrating:  34%|███▍      | 11/32 [00:02<00:04,  4.54it/s]
(6/65): Calibrating:  38%|███▊      | 12/32 [00:02<00:04,  4.53it/s]
(6/65): Calibrating:  41%|████      | 13/32 [00:02<00:04,  4.53it/s]
(6/65): Calibrating:  44%|████▍     | 14/32 [00:02<00:03,  4.52it/s]
(6/65): Calibrating:  47%|████▋     | 15/32 [00:03<00:03,  4.52it/s]
(6/65): Calibrating:  50%|█████     | 16/32 [00:03<00:03,  4.52it/s]
(6/65): Calibrating:  53%|█████▎    | 17/32 [00:03<00:03,  4.52it/s]
(6/65): Calibrating:  56%|█████▋    | 18/32 [00:03<00:03,  4.51it/s]
(6/65): Calibrating:  59%|█████▉    | 19/32 [00:04<00:02,  4.51it/s]
(6/65): Calibrating:  62%|██████▎   | 20/32 [00:04<00:02,  4.50it/s]
(6/65): Calibrating:  66%|██████▌   | 21/32 [00:04<00:02,  4.49it/s]
(6/65): Calibrating:  69%|██████▉   | 22/32 [00:04<00:02,  4.49it/s]
(6/65): Calibrating:  72%|███████▏  | 23/32 [00:04<00:02,  4.50it/s]
(6/65): Calibrating:  75%|███████▌  | 24/32 [00:05<00:01,  4.49it/s]
(6/65): Calibrating:  78%|███████▊  | 25/32 [00:05<00:01,  4.49it/s]
(6/65): Calibrating:  81%|████████▏ | 26/32 [00:05<00:01,  4.49it/s]
(6/65): Calibrating:  84%|████████▍ | 27/32 [00:05<00:01,  4.49it/s]
(6/65): Calibrating:  88%|████████▊ | 28/32 [00:06<00:00,  4.49it/s]
(6/65): Calibrating:  91%|█████████ | 29/32 [00:06<00:00,  4.49it/s]
(6/65): Calibrating:  94%|█████████▍| 30/32 [00:06<00:00,  4.49it/s]
(6/65): Calibrating:  97%|█████████▋| 31/32 [00:06<00:00,  4.50it/s]
(6/65): Calibrating: 100%|██████████| 32/32 [00:06<00:00,  4.50it/s]
(6/65): Calibrating: 100%|██████████| 32/32 [00:06<00:00,  4.63it/s]
2026-09-11T06:05:22.5915 | compress_module_list | INFO - Quantizing model.language_model.layers.4.mlp.gate_proj using 128 samples
2026-09-11T06:05:24.0893 | GPTQ | METRIC - time 1.50s
2026-09-11T06:05:24.0894 | GPTQ | METRIC - error 2599.34
2026-09-11T06:05:24.0897 | GPTQ | METRIC - Accelerator 0 | usage: 68.24% | total memory: 47.8 Gb
2026-09-11T06:05:24.0899 | GPTQ | METRIC - Accelerator 1 | usage: 61.54% | total memory: 47.8 Gb
2026-09-11T06:05:24.0906 | compress_module_list | INFO - Quantizing model.language_model.layers.4.mlp.up_proj using 128 samples
2026-09-11T06:05:25.5946 | GPTQ | METRIC - time 1.50s
2026-09-11T06:05:25.5947 | GPTQ | METRIC - error 2493.68
2026-09-11T06:05:25.5951 | GPTQ | METRIC - Accelerator 0 | usage: 68.24% | total memory: 47.8 Gb
2026-09-11T06:05:25.5953 | GPTQ | METRIC - Accelerator 1 | usage: 61.54% | total memory: 47.8 Gb
2026-09-11T06:05:25.5959 | compress_module_list | INFO - Quantizing model.language_model.layers.4.mlp.down_proj using 128 samples
2026-09-11T06:05:31.2020 | GPTQ | METRIC - time 5.61s
2026-09-11T06:05:31.2022 | GPTQ | METRIC - error 41.69
2026-09-11T06:05:31.2025 | GPTQ | METRIC - Accelerator 0 | usage: 68.24% | total memory: 47.8 Gb
2026-09-11T06:05:31.2027 | GPTQ | METRIC - Accelerator 1 | usage: 61.54% | total memory: 47.8 Gb

(6/65): Propagating:   0%|          | 0/32 [00:00<?, ?it/s]
(6/65): Propagating:   3%|▎         | 1/32 [00:00<00:04,  6.32it/s]
(6/65): Propagating:   6%|▋         | 2/32 [00:00<00:04,  6.29it/s]
(6/65): Propagating:   9%|▉         | 3/32 [00:00<00:04,  6.30it/s]
(6/65): Propagating:  12%|█▎        | 4/32 [00:00<00:04,  6.31it/s]
(6/65): Propagating:  16%|█▌        | 5/32 [00:00<00:04,  6.32it/s]
(6/65): Propagating:  19%|█▉        | 6/32 [00:00<00:04,  6.33it/s]
(6/65): Propagating:  22%|██▏       | 7/32 [00:01<00:03,  6.34it/s]
(6/65): Propagating:  25%|██▌       | 8/32 [00:01<00:03,  6.34it/s]
(6/65): Propagating:  28%|██▊       | 9/32 [00:01<00:03,  6.34it/s]
(6/65): Propagating:  31%|███▏      | 10/32 [00:01<00:03,  6.35it/s]
(6/65): Propagating:  34%|███▍      | 11/32 [00:01<00:03,  6.35it/s]
(6/65): Propagating:  38%|███▊      | 12/32 [00:01<00:03,  6.35it/s]
(6/65): Propagating:  41%|████      | 13/32 [00:02<00:02,  6.35it/s]
(6/65): Propagating:  44%|████▍     | 14/32 [00:02<00:02,  6.35it/s]
(6/65): Propagating:  47%|████▋     | 15/32 [00:02<00:02,  6.31it/s]
(6/65): Propagating:  50%|█████     | 16/32 [00:02<00:02,  6.31it/s]
(6/65): Propagating:  53%|█████▎    | 17/32 [00:02<00:02,  6.27it/s]
(6/65): Propagating:  56%|█████▋    | 18/32 [00:02<00:02,  6.27it/s]
(6/65): Propagating:  59%|█████▉    | 19/32 [00:03<00:02,  6.27it/s]
(6/65): Propagating:  62%|██████▎   | 20/32 [00:03<00:01,  6.30it/s]
(6/65): Propagating:  66%|██████▌   | 21/32 [00:03<00:01,  6.32it/s]
(6/65): Propagating:  69%|██████▉   | 22/32 [00:03<00:01,  6.33it/s]
(6/65): Propagating:  72%|███████▏  | 23/32 [00:03<00:01,  6.34it/s]
(6/65): Propagating:  75%|███████▌  | 24/32 [00:03<00:01,  6.34it/s]
(6/65): Propagating:  78%|███████▊  | 25/32 [00:03<00:01,  6.34it/s]
(6/65): Propagating:  81%|████████▏ | 26/32 [00:04<00:00,  6.33it/s]
(6/65): Propagating:  84%|████████▍ | 27/32 [00:04<00:00,  6.32it/s]
(6/65): Propagating:  88%|████████▊ | 28/32 [00:04<00:00,  6.31it/s]
(6/65): Propagating:  91%|█████████ | 29/32 [00:04<00:00,  6.30it/s]
(6/65): Propagating:  94%|█████████▍| 30/32 [00:04<00:00,  6.29it/s]
(6/65): Propagating:  97%|█████████▋| 31/32 [00:04<00:00,  6.31it/s]
(6/65): Propagating: 100%|██████████| 32/32 [00:05<00:00,  6.30it/s]
(6/65): Propagating: 100%|██████████| 32/32 [00:05<00:00,  6.32it/s]

(7/65): Calibrating:   0%|          | 0/32 [00:00<?, ?it/s]
(7/65): Calibrating:   6%|▋         | 2/32 [00:00<00:03,  7.96it/s]
(7/65): Calibrating:   9%|▉         | 3/32 [00:00<00:04,  6.02it/s]
(7/65): Calibrating:  12%|█▎        | 4/32 [00:00<00:05,  5.35it/s]
(7/65): Calibrating:  16%|█▌        | 5/32 [00:00<00:05,  5.02it/s]
(7/65): Calibrating:  19%|█▉        | 6/32 [00:01<00:05,  4.83it/s]
(7/65): Calibrating:  22%|██▏       | 7/32 [00:01<00:05,  4.72it/s]
(7/65): Calibrating:  25%|██▌       | 8/32 [00:01<00:05,  4.64it/s]
(7/65): Calibrating:  28%|██▊       | 9/32 [00:01<00:05,  4.59it/s]
(7/65): Calibrating:  31%|███▏      | 10/32 [00:02<00:04,  4.56it/s]
(7/65): Calibrating:  34%|███▍      | 11/32 [00:02<00:04,  4.54it/s]
(7/65): Calibrating:  38%|███▊      | 12/32 [00:02<00:04,  4.49it/s]
(7/65): Calibrating:  41%|████      | 13/32 [00:02<00:04,  4.45it/s]
(7/65): Calibrating:  44%|████▍     | 14/32 [00:02<00:04,  4.44it/s]
(7/65): Calibrating:  47%|████▋     | 15/32 [00:03<00:03,  4.45it/s]
(7/65): Calibrating:  50%|█████     | 16/32 [00:03<00:03,  4.40it/s]
(7/65): Calibrating:  53%|█████▎    | 17/32 [00:03<00:03,  4.36it/s]
(7/65): Calibrating:  56%|█████▋    | 18/32 [00:03<00:03,  4.38it/s]
(7/65): Calibrating:  59%|█████▉    | 19/32 [00:04<00:02,  4.41it/s]
(7/65): Calibrating:  62%|██████▎   | 20/32 [00:04<00:02,  4.43it/s]
(7/65): Calibrating:  66%|██████▌   | 21/32 [00:04<00:02,  4.45it/s]
(7/65): Calibrating:  69%|██████▉   | 22/32 [00:04<00:02,  4.45it/s]
(7/65): Calibrating:  72%|███████▏  | 23/32 [00:04<00:02,  4.46it/s]
(7/65): Calibrating:  75%|███████▌  | 24/32 [00:05<00:01,  4.47it/s]
(7/65): Calibrating:  78%|███████▊  | 25/32 [00:05<00:01,  4.48it/s]
(7/65): Calibrating:  81%|████████▏ | 26/32 [00:05<00:01,  4.48it/s]
(7/65): Calibrating:  84%|████████▍ | 27/32 [00:05<00:01,  4.49it/s]
(7/65): Calibrating:  88%|████████▊ | 28/32 [00:06<00:00,  4.49it/s]
(7/65): Calibrating:  91%|█████████ | 29/32 [00:06<00:00,  4.49it/s]
(7/65): Calibrating:  94%|█████████▍| 30/32 [00:06<00:00,  4.49it/s]
(7/65): Calibrating:  97%|█████████▋| 31/32 [00:06<00:00,  4.49it/s]
(7/65): Calibrating: 100%|██████████| 32/32 [00:06<00:00,  4.49it/s]
(7/65): Calibrating: 100%|██████████| 32/32 [00:06<00:00,  4.59it/s]
2026-09-11T06:05:43.4421 | compress_module_list | INFO - Quantizing model.language_model.layers.5.mlp.gate_proj using 128 samples
2026-09-11T06:05:44.9391 | GPTQ | METRIC - time 1.50s
2026-09-11T06:05:44.9392 | GPTQ | METRIC - error 3178.69
2026-09-11T06:05:44.9395 | GPTQ | METRIC - Accelerator 0 | usage: 68.24% | total memory: 47.8 Gb
2026-09-11T06:05:44.9397 | GPTQ | METRIC - Accelerator 1 | usage: 61.54% | total memory: 47.8 Gb
2026-09-11T06:05:44.9404 | compress_module_list | INFO - Quantizing model.language_model.layers.5.mlp.up_proj using 128 samples
2026-09-11T06:05:46.4364 | GPTQ | METRIC - time 1.50s
2026-09-11T06:05:46.4365 | GPTQ | METRIC - error 2997.15
2026-09-11T06:05:46.4369 | GPTQ | METRIC - Accelerator 0 | usage: 68.24% | total memory: 47.8 Gb
2026-09-11T06:05:46.4370 | GPTQ | METRIC - Accelerator 1 | usage: 61.54% | total memory: 47.8 Gb
2026-09-11T06:05:46.4377 | compress_module_list | INFO - Quantizing model.language_model.layers.5.mlp.down_proj using 128 samples
2026-09-11T06:05:52.0242 | GPTQ | METRIC - time 5.59s
2026-09-11T06:05:52.0244 | GPTQ | METRIC - error 66.01
2026-09-11T06:05:52.0247 | GPTQ | METRIC - Accelerator 0 | usage: 68.24% | total memory: 47.8 Gb
2026-09-11T06:05:52.0248 | GPTQ | METRIC - Accelerator 1 | usage: 61.54% | total memory: 47.8 Gb

(7/65): Propagating:   0%|          | 0/32 [00:00<?, ?it/s]
(7/65): Propagating:   3%|▎         | 1/32 [00:00<00:04,  6.26it/s]
(7/65): Propagating:   6%|▋         | 2/32 [00:00<00:04,  6.04it/s]
(7/65): Propagating:   9%|▉         | 3/32 [00:00<00:04,  6.15it/s]
(7/65): Propagating:  12%|█▎        | 4/32 [00:00<00:04,  6.19it/s]
(7/65): Propagating:  16%|█▌        | 5/32 [00:00<00:04,  6.21it/s]
(7/65): Propagating:  19%|█▉        | 6/32 [00:00<00:04,  6.23it/s]
(7/65): Propagating:  22%|██▏       | 7/32 [00:01<00:04,  6.24it/s]
(7/65): Propagating:  25%|██▌       | 8/32 [00:01<00:03,  6.26it/s]
(7/65): Propagating:  28%|██▊       | 9/32 [00:01<00:03,  6.28it/s]
(7/65): Propagating:  31%|███▏      | 10/32 [00:01<00:03,  6.29it/s]
(7/65): Propagating:  34%|███▍      | 11/32 [00:01<00:03,  6.29it/s]
(7/65): Propagating:  38%|███▊      | 12/32 [00:01<00:03,  6.31it/s]
(7/65): Propagating:  41%|████      | 13/32 [00:02<00:03,  6.32it/s]
(7/65): Propagating:  44%|████▍     | 14/32 [00:02<00:02,  6.33it/s]
(7/65): Propagating:  47%|████▋     | 15/32 [00:02<00:02,  6.33it/s]
(7/65): Propagating:  50%|█████     | 16/32 [00:02<00:02,  6.33it/s]
(7/65): Propagating:  53%|█████▎    | 17/32 [00:02<00:02,  6.33it/s]
(7/65): Propagating:  56%|█████▋    | 18/32 [00:02<00:02,  6.32it/s]
(7/65): Propagating:  59%|█████▉    | 19/32 [00:03<00:02,  6.33it/s]
(7/65): Propagating:  62%|██████▎   | 20/32 [00:03<00:01,  6.33it/s]
(7/65): Propagating:  66%|██████▌   | 21/32 [00:03<00:01,  6.34it/s]
(7/65): Propagating:  69%|██████▉   | 22/32 [00:03<00:01,  6.35it/s]
(7/65): Propagating:  72%|███████▏  | 23/32 [00:03<00:01,  6.35it/s]
(7/65): Propagating:  75%|███████▌  | 24/32 [00:03<00:01,  6.36it/s]
(7/65): Propagating:  78%|███████▊  | 25/32 [00:03<00:01,  6.36it/s]
(7/65): Propagating:  81%|████████▏ | 26/32 [00:04<00:00,  6.36it/s]
(7/65): Propagating:  84%|████████▍ | 27/32 [00:04<00:00,  6.36it/s]
(7/65): Propagating:  88%|████████▊ | 28/32 [00:04<00:00,  6.34it/s]
(7/65): Propagating:  91%|█████████ | 29/32 [00:04<00:00,  6.33it/s]
(7/65): Propagating:  94%|█████████▍| 30/32 [00:04<00:00,  6.31it/s]
(7/65): Propagating:  97%|█████████▋| 31/32 [00:04<00:00,  6.31it/s]
(7/65): Propagating: 100%|██████████| 32/32 [00:05<00:00,  6.32it/s]
(7/65): Propagating: 100%|██████████| 32/32 [00:05<00:00,  6.30it/s]

(8/65): Calibrating:   0%|          | 0/32 [00:00<?, ?it/s]
(8/65): Calibrating:   6%|▋         | 2/32 [00:00<00:03,  8.00it/s]
(8/65): Calibrating:   9%|▉         | 3/32 [00:00<00:04,  6.03it/s]
(8/65): Calibrating:  12%|█▎        | 4/32 [00:00<00:05,  5.35it/s]
(8/65): Calibrating:  16%|█▌        | 5/32 [00:00<00:05,  5.03it/s]
(8/65): Calibrating:  19%|█▉        | 6/32 [00:01<00:05,  4.84it/s]
(8/65): Calibrating:  22%|██▏       | 7/32 [00:01<00:05,  4.73it/s]
(8/65): Calibrating:  25%|██▌       | 8/32 [00:01<00:05,  4.65it/s]
(8/65): Calibrating:  28%|██▊       | 9/32 [00:01<00:05,  4.60it/s]
(8/65): Calibrating:  31%|███▏      | 10/32 [00:02<00:04,  4.56it/s]
(8/65): Calibrating:  34%|███▍      | 11/32 [00:02<00:04,  4.54it/s]
(8/65): Calibrating:  38%|███▊      | 12/32 [00:02<00:04,  4.53it/s]
(8/65): Calibrating:  41%|████      | 13/32 [00:02<00:04,  4.52it/s]
(8/65): Calibrating:  44%|████▍     | 14/32 [00:02<00:03,  4.52it/s]
(8/65): Calibrating:  47%|████▋     | 15/32 [00:03<00:03,  4.51it/s]
(8/65): Calibrating:  50%|█████     | 16/32 [00:03<00:03,  4.51it/s]
(8/65): Calibrating:  53%|█████▎    | 17/32 [00:03<00:03,  4.51it/s]
(8/65): Calibrating:  56%|█████▋    | 18/32 [00:03<00:03,  4.51it/s]
(8/65): Calibrating:  59%|█████▉    | 19/32 [00:04<00:02,  4.50it/s]
(8/65): Calibrating:  62%|██████▎   | 20/32 [00:04<00:02,  4.50it/s]
(8/65): Calibrating:  66%|██████▌   | 21/32 [00:04<00:02,  4.50it/s]
(8/65): Calibrating:  69%|██████▉   | 22/32 [00:04<00:02,  4.50it/s]
(8/65): Calibrating:  72%|███████▏  | 23/32 [00:04<00:01,  4.50it/s]
(8/65): Calibrating:  75%|███████▌  | 24/32 [00:05<00:01,  4.50it/s]
(8/65): Calibrating:  78%|███████▊  | 25/32 [00:05<00:01,  4.50it/s]
(8/65): Calibrating:  81%|████████▏ | 26/32 [00:05<00:01,  4.49it/s]
(8/65): Calibrating:  84%|████████▍ | 27/32 [00:05<00:01,  4.49it/s]
(8/65): Calibrating:  88%|████████▊ | 28/32 [00:06<00:00,  4.49it/s]
(8/65): Calibrating:  91%|█████████ | 29/32 [00:06<00:00,  4.49it/s]
(8/65): Calibrating:  94%|█████████▍| 30/32 [00:06<00:00,  4.49it/s]
(8/65): Calibrating:  97%|█████████▋| 31/32 [00:06<00:00,  4.50it/s]
(8/65): Calibrating: 100%|██████████| 32/32 [00:06<00:00,  4.50it/s]
(8/65): Calibrating: 100%|██████████| 32/32 [00:06<00:00,  4.62it/s]
2026-09-11T06:06:04.2208 | compress_module_list | INFO - Quantizing model.language_model.layers.6.mlp.gate_proj using 128 samples
2026-09-11T06:06:05.7199 | GPTQ | METRIC - time 1.50s
2026-09-11T06:06:05.7200 | GPTQ | METRIC - error 4145.34
2026-09-11T06:06:05.7204 | GPTQ | METRIC - Accelerator 0 | usage: 68.24% | total memory: 47.8 Gb
2026-09-11T06:06:05.7206 | GPTQ | METRIC - Accelerator 1 | usage: 61.54% | total memory: 47.8 Gb
2026-09-11T06:06:05.7212 | compress_module_list | INFO - Quantizing model.language_model.layers.6.mlp.up_proj using 128 samples
2026-09-11T06:06:07.2180 | GPTQ | METRIC - time 1.50s
2026-09-11T06:06:07.2182 | GPTQ | METRIC - error 3851.31
2026-09-11T06:06:07.2185 | GPTQ | METRIC - Accelerator 0 | usage: 68.24% | total memory: 47.8 Gb
2026-09-11T06:06:07.2187 | GPTQ | METRIC - Accelerator 1 | usage: 61.54% | total memory: 47.8 Gb
2026-09-11T06:06:07.2194 | compress_module_list | INFO - Quantizing model.language_model.layers.6.mlp.down_proj using 128 samples
2026-09-11T06:06:12.8502 | GPTQ | METRIC - time 5.63s
2026-09-11T06:06:12.8504 | GPTQ | METRIC - error 94.10
2026-09-11T06:06:12.8507 | GPTQ | METRIC - Accelerator 0 | usage: 68.24% | total memory: 47.8 Gb
2026-09-11T06:06:12.8510 | GPTQ | METRIC - Accelerator 1 | usage: 61.54% | total memory: 47.8 Gb

(8/65): Propagating:   0%|          | 0/32 [00:00<?, ?it/s]
(8/65): Propagating:   3%|▎         | 1/32 [00:00<00:05,  5.95it/s]
(8/65): Propagating:   6%|▋         | 2/32 [00:00<00:05,  5.99it/s]
(8/65): Propagating:   9%|▉         | 3/32 [00:00<00:04,  5.88it/s]
(8/65): Propagating:  12%|█▎        | 4/32 [00:00<00:04,  5.95it/s]
(8/65): Propagating:  16%|█▌        | 5/32 [00:00<00:04,  6.05it/s]
(8/65): Propagating:  19%|█▉        | 6/32 [00:00<00:04,  6.14it/s]
(8/65): Propagating:  22%|██▏       | 7/32 [00:01<00:04,  6.21it/s]
(8/65): Propagating:  25%|██▌       | 8/32 [00:01<00:03,  6.25it/s]
(8/65): Propagating:  28%|██▊       | 9/32 [00:01<00:03,  6.28it/s]
(8/65): Propagating:  31%|███▏      | 10/32 [00:01<00:03,  6.30it/s]
(8/65): Propagating:  34%|███▍      | 11/32 [00:01<00:03,  6.32it/s]
(8/65): Propagating:  38%|███▊      | 12/32 [00:01<00:03,  6.34it/s]
(8/65): Propagating:  41%|████      | 13/32 [00:02<00:03,  6.33it/s]
(8/65): Propagating:  44%|████▍     | 14/32 [00:02<00:02,  6.32it/s]
(8/65): Propagating:  47%|████▋     | 15/32 [00:02<00:02,  6.34it/s]
(8/65): Propagating:  50%|█████     | 16/32 [00:02<00:02,  6.33it/s]
(8/65): Propagating:  53%|█████▎    | 17/32 [00:02<00:02,  6.29it/s]
(8/65): Propagating:  56%|█████▋    | 18/32 [00:02<00:02,  6.24it/s]
(8/65): Propagating:  59%|█████▉    | 19/32 [00:03<00:02,  6.18it/s]
(8/65): Propagating:  62%|██████▎   | 20/32 [00:03<00:01,  6.12it/s]
(8/65): Propagating:  66%|██████▌   | 21/32 [00:03<00:01,  6.11it/s]
(8/65): Propagating:  69%|██████▉   | 22/32 [00:03<00:01,  6.17it/s]
(8/65): Propagating:  72%|███████▏  | 23/32 [00:03<00:01,  6.22it/s]
(8/65): Propagating:  75%|███████▌  | 24/32 [00:03<00:01,  6.25it/s]
(8/65): Propagating:  78%|███████▊  | 25/32 [00:04<00:01,  6.29it/s]
(8/65): Propagating:  81%|████████▏ | 26/32 [00:04<00:00,  6.31it/s]
(8/65): Propagating:  84%|████████▍ | 27/32 [00:04<00:00,  6.34it/s]
(8/65): Propagating:  88%|████████▊ | 28/32 [00:04<00:00,  6.33it/s]
(8/65): Propagating:  91%|█████████ | 29/32 [00:04<00:00,  6.33it/s]
(8/65): Propagating:  94%|█████████▍| 30/32 [00:04<00:00,  6.32it/s]
(8/65): Propagating:  97%|█████████▋| 31/32 [00:04<00:00,  6.31it/s]
(8/65): Propagating: 100%|██████████| 32/32 [00:05<00:00,  6.31it/s]
(8/65): Propagating: 100%|██████████| 32/32 [00:05<00:00,  6.24it/s]

(9/65): Calibrating:   0%|          | 0/32 [00:00<?, ?it/s]
(9/65): Calibrating:   6%|▋         | 2/32 [00:00<00:03,  7.93it/s]
(9/65): Calibrating:   9%|▉         | 3/32 [00:00<00:04,  5.84it/s]
(9/65): Calibrating:  12%|█▎        | 4/32 [00:00<00:05,  5.14it/s]
(9/65): Calibrating:  16%|█▌        | 5/32 [00:00<00:05,  4.80it/s]
(9/65): Calibrating:  19%|█▉        | 6/32 [00:01<00:05,  4.60it/s]
(9/65): Calibrating:  22%|██▏       | 7/32 [00:01<00:05,  4.49it/s]
(9/65): Calibrating:  25%|██▌       | 8/32 [00:01<00:05,  4.42it/s]
(9/65): Calibrating:  28%|██▊       | 9/32 [00:01<00:05,  4.37it/s]
(9/65): Calibrating:  31%|███▏      | 10/32 [00:02<00:05,  4.33it/s]
(9/65): Calibrating:  34%|███▍      | 11/32 [00:02<00:04,  4.31it/s]
(9/65): Calibrating:  38%|███▊      | 12/32 [00:02<00:04,  4.30it/s]
(9/65): Calibrating:  41%|████      | 13/32 [00:02<00:04,  4.29it/s]
(9/65): Calibrating:  44%|████▍     | 14/32 [00:03<00:04,  4.28it/s]
(9/65): Calibrating:  47%|████▋     | 15/32 [00:03<00:03,  4.28it/s]
(9/65): Calibrating:  50%|█████     | 16/32 [00:03<00:03,  4.27it/s]
(9/65): Calibrating:  53%|█████▎    | 17/32 [00:03<00:03,  4.27it/s]
(9/65): Calibrating:  56%|█████▋    | 18/32 [00:04<00:03,  4.27it/s]
(9/65): Calibrating:  59%|█████▉    | 19/32 [00:04<00:03,  4.27it/s]
(9/65): Calibrating:  62%|██████▎   | 20/32 [00:04<00:02,  4.27it/s]
(9/65): Calibrating:  66%|██████▌   | 21/32 [00:04<00:02,  4.26it/s]
(9/65): Calibrating:  69%|██████▉   | 22/32 [00:04<00:02,  4.27it/s]
(9/65): Calibrating:  72%|███████▏  | 23/32 [00:05<00:02,  4.27it/s]
(9/65): Calibrating:  75%|███████▌  | 24/32 [00:05<00:01,  4.26it/s]
(9/65): Calibrating:  78%|███████▊  | 25/32 [00:05<00:01,  4.26it/s]
(9/65): Calibrating:  81%|████████▏ | 26/32 [00:05<00:01,  4.26it/s]
(9/65): Calibrating:  84%|████████▍ | 27/32 [00:06<00:01,  4.26it/s]
(9/65): Calibrating:  88%|████████▊ | 28/32 [00:06<00:00,  4.26it/s]
(9/65): Calibrating:  91%|█████████ | 29/32 [00:06<00:00,  4.26it/s]
(9/65): Calibrating:  94%|█████████▍| 30/32 [00:06<00:00,  4.27it/s]
(9/65): Calibrating:  97%|█████████▋| 31/32 [00:07<00:00,  4.26it/s]
(9/65): Calibrating: 100%|██████████| 32/32 [00:07<00:00,  4.26it/s]
(9/65): Calibrating: 100%|██████████| 32/32 [00:07<00:00,  4.39it/s]
2026-09-11T06:06:25.4920 | compress_module_list | INFO - Quantizing model.language_model.layers.7.self_attn.q_proj using 128 samples
2026-09-11T06:06:26.9752 | GPTQ | METRIC - time 1.48s
2026-09-11T06:06:26.9754 | GPTQ | METRIC - error 22143.03
2026-09-11T06:06:26.9757 | GPTQ | METRIC - Accelerator 0 | usage: 68.24% | total memory: 47.8 Gb
2026-09-11T06:06:26.9759 | GPTQ | METRIC - Accelerator 1 | usage: 61.54% | total memory: 47.8 Gb
2026-09-11T06:06:26.9764 | compress_module_list | INFO - Quantizing model.language_model.layers.7.self_attn.k_proj using 128 samples
2026-09-11T06:06:28.4186 | GPTQ | METRIC - time 1.44s
2026-09-11T06:06:28.4187 | GPTQ | METRIC - error 1863.06
2026-09-11T06:06:28.4191 | GPTQ | METRIC - Accelerator 0 | usage: 68.24% | total memory: 47.8 Gb
2026-09-11T06:06:28.4193 | GPTQ | METRIC - Accelerator 1 | usage: 61.54% | total memory: 47.8 Gb
2026-09-11T06:06:28.4194 | compress_module_list | INFO - Quantizing model.language_model.layers.7.self_attn.v_proj using 128 samples
2026-09-11T06:06:29.8596 | GPTQ | METRIC - time 1.44s
2026-09-11T06:06:29.8597 | GPTQ | METRIC - error 1687.99
2026-09-11T06:06:29.8600 | GPTQ | METRIC - Accelerator 0 | usage: 68.24% | total memory: 47.8 Gb
2026-09-11T06:06:29.8602 | GPTQ | METRIC - Accelerator 1 | usage: 61.54% | total memory: 47.8 Gb
2026-09-11T06:06:29.8604 | compress_module_list | INFO - Quantizing model.language_model.layers.7.self_attn.o_proj using 128 samples
2026-09-11T06:06:31.6223 | GPTQ | METRIC - time 1.76s
2026-09-11T06:06:31.6225 | GPTQ | METRIC - error 38.30
2026-09-11T06:06:31.6228 | GPTQ | METRIC - Accelerator 0 | usage: 68.24% | total memory: 47.8 Gb
2026-09-11T06:06:31.6230 | GPTQ | METRIC - Accelerator 1 | usage: 61.54% | total memory: 47.8 Gb
2026-09-11T06:06:31.6233 | compress_module_list | INFO - Quantizing model.language_model.layers.7.mlp.gate_proj using 128 samples
2026-09-11T06:06:33.1319 | GPTQ | METRIC - time 1.51s
2026-09-11T06:06:33.1320 | GPTQ | METRIC - error 4853.83
2026-09-11T06:06:33.1324 | GPTQ | METRIC - Accelerator 0 | usage: 68.24% | total memory: 47.8 Gb
2026-09-11T06:06:33.1326 | GPTQ | METRIC - Accelerator 1 | usage: 61.54% | total memory: 47.8 Gb
2026-09-11T06:06:33.1332 | compress_module_list | INFO - Quantizing model.language_model.layers.7.mlp.up_proj using 128 samples
2026-09-11T06:06:34.6432 | GPTQ | METRIC - time 1.51s
2026-09-11T06:06:34.6433 | GPTQ | METRIC - error 4527.98
2026-09-11T06:06:34.6436 | GPTQ | METRIC - Accelerator 0 | usage: 68.24% | total memory: 47.8 Gb
2026-09-11T06:06:34.6438 | GPTQ | METRIC - Accelerator 1 | usage: 61.54% | total memory: 47.8 Gb
2026-09-11T06:06:34.6445 | compress_module_list | INFO - Quantizing model.language_model.layers.7.mlp.down_proj using 128 samples
2026-09-11T06:06:40.2457 | GPTQ | METRIC - time 5.60s
2026-09-11T06:06:40.2459 | GPTQ | METRIC - error 104.66
2026-09-11T06:06:40.2462 | GPTQ | METRIC - Accelerator 0 | usage: 68.24% | total memory: 47.8 Gb
2026-09-11T06:06:40.2464 | GPTQ | METRIC - Accelerator 1 | usage: 61.54% | total memory: 47.8 Gb

(9/65): Propagating:   0%|          | 0/32 [00:00<?, ?it/s]
(9/65): Propagating:   3%|▎         | 1/32 [00:00<00:04,  7.62it/s]
(9/65): Propagating:   6%|▋         | 2/32 [00:00<00:03,  7.59it/s]
(9/65): Propagating:   9%|▉         | 3/32 [00:00<00:03,  7.58it/s]
(9/65): Propagating:  12%|█▎        | 4/32 [00:00<00:03,  7.58it/s]
(9/65): Propagating:  16%|█▌        | 5/32 [00:00<00:03,  7.57it/s]
(9/65): Propagating:  19%|█▉        | 6/32 [00:00<00:03,  7.59it/s]
(9/65): Propagating:  22%|██▏       | 7/32 [00:00<00:03,  7.60it/s]
(9/65): Propagating:  25%|██▌       | 8/32 [00:01<00:03,  7.62it/s]
(9/65): Propagating:  28%|██▊       | 9/32 [00:01<00:03,  7.63it/s]
(9/65): Propagating:  31%|███▏      | 10/32 [00:01<00:02,  7.64it/s]
(9/65): Propagating:  34%|███▍      | 11/32 [00:01<00:02,  7.63it/s]
(9/65): Propagating:  38%|███▊      | 12/32 [00:01<00:02,  7.53it/s]
(9/65): Propagating:  41%|████      | 13/32 [00:01<00:02,  7.49it/s]
(9/65): Propagating:  44%|████▍     | 14/32 [00:01<00:02,  7.53it/s]
(9/65): Propagating:  47%|████▋     | 15/32 [00:01<00:02,  7.30it/s]
(9/65): Propagating:  50%|█████     | 16/32 [00:02<00:02,  7.40it/s]
(9/65): Propagating:  53%|█████▎    | 17/32 [00:02<00:02,  7.48it/s]
(9/65): Propagating:  56%|█████▋    | 18/32 [00:02<00:01,  7.53it/s]
(9/65): Propagating:  59%|█████▉    | 19/32 [00:02<00:01,  7.56it/s]
(9/65): Propagating:  62%|██████▎   | 20/32 [00:02<00:01,  7.59it/s]
(9/65): Propagating:  66%|██████▌   | 21/32 [00:02<00:01,  7.60it/s]
(9/65): Propagating:  69%|██████▉   | 22/32 [00:02<00:01,  7.61it/s]
(9/65): Propagating:  72%|███████▏  | 23/32 [00:03<00:01,  7.62it/s]
(9/65): Propagating:  75%|███████▌  | 24/32 [00:03<00:01,  7.62it/s]
(9/65): Propagating:  78%|███████▊  | 25/32 [00:03<00:00,  7.61it/s]
(9/65): Propagating:  81%|████████▏ | 26/32 [00:03<00:00,  7.63it/s]
(9/65): Propagating:  84%|████████▍ | 27/32 [00:03<00:00,  7.65it/s]
(9/65): Propagating:  88%|████████▊ | 28/32 [00:03<00:00,  7.66it/s]
(9/65): Propagating:  91%|█████████ | 29/32 [00:03<00:00,  7.64it/s]
(9/65): Propagating:  94%|█████████▍| 30/32 [00:03<00:00,  7.62it/s]
(9/65): Propagating:  97%|█████████▋| 31/32 [00:04<00:00,  7.61it/s]
(9/65): Propagating: 100%|██████████| 32/32 [00:04<00:00,  7.59it/s]
(9/65): Propagating: 100%|██████████| 32/32 [00:04<00:00,  7.58it/s]

(10/65): Calibrating:   0%|          | 0/32 [00:00<?, ?it/s]
(10/65): Calibrating:   6%|▋         | 2/32 [00:00<00:03,  8.00it/s]
(10/65): Calibrating:   9%|▉         | 3/32 [00:00<00:04,  6.06it/s]
(10/65): Calibrating:  12%|█▎        | 4/32 [00:00<00:05,  5.38it/s]
(10/65): Calibrating:  16%|█▌        | 5/32 [00:00<00:05,  5.05it/s]
(10/65): Calibrating:  19%|█▉        | 6/32 [00:01<00:05,  4.87it/s]
(10/65): Calibrating:  22%|██▏       | 7/32 [00:01<00:05,  4.75it/s]
(10/65): Calibrating:  25%|██▌       | 8/32 [00:01<00:05,  4.68it/s]
(10/65): Calibrating:  28%|██▊       | 9/32 [00:01<00:04,  4.62it/s]
(10/65): Calibrating:  31%|███▏      | 10/32 [00:02<00:04,  4.59it/s]
(10/65): Calibrating:  34%|███▍      | 11/32 [00:02<00:04,  4.56it/s]
(10/65): Calibrating:  38%|███▊      | 12/32 [00:02<00:04,  4.53it/s]
(10/65): Calibrating:  41%|████      | 13/32 [00:02<00:04,  4.52it/s]
(10/65): Calibrating:  44%|████▍     | 14/32 [00:02<00:03,  4.50it/s]
(10/65): Calibrating:  47%|████▋     | 15/32 [00:03<00:03,  4.50it/s]
(10/65): Calibrating:  50%|█████     | 16/32 [00:03<00:03,  4.50it/s]
(10/65): Calibrating:  53%|█████▎    | 17/32 [00:03<00:03,  4.51it/s]
(10/65): Calibrating:  56%|█████▋    | 18/32 [00:03<00:03,  4.51it/s]
(10/65): Calibrating:  59%|█████▉    | 19/32 [00:04<00:02,  4.50it/s]
(10/65): Calibrating:  62%|██████▎   | 20/32 [00:04<00:02,  4.49it/s]
(10/65): Calibrating:  66%|██████▌   | 21/32 [00:04<00:02,  4.47it/s]
(10/65): Calibrating:  69%|██████▉   | 22/32 [00:04<00:02,  4.45it/s]
(10/65): Calibrating:  72%|███████▏  | 23/32 [00:04<00:02,  4.44it/s]
(10/65): Calibrating:  75%|███████▌  | 24/32 [00:05<00:01,  4.42it/s]
(10/65): Calibrating:  78%|███████▊  | 25/32 [00:05<00:01,  4.40it/s]
(10/65): Calibrating:  81%|████████▏ | 26/32 [00:05<00:01,  4.41it/s]
(10/65): Calibrating:  84%|████████▍ | 27/32 [00:05<00:01,  4.44it/s]
(10/65): Calibrating:  88%|████████▊ | 28/32 [00:06<00:00,  4.46it/s]
(10/65): Calibrating:  91%|█████████ | 29/32 [00:06<00:00,  4.47it/s]
(10/65): Calibrating:  94%|█████████▍| 30/32 [00:06<00:00,  4.49it/s]
(10/65): Calibrating:  97%|█████████▋| 31/32 [00:06<00:00,  4.50it/s]
(10/65): Calibrating: 100%|██████████| 32/32 [00:06<00:00,  4.49it/s]
(10/65): Calibrating: 100%|██████████| 32/32 [00:06<00:00,  4.61it/s]
2026-09-11T06:06:51.6084 | compress_module_list | INFO - Quantizing model.language_model.layers.8.mlp.gate_proj using 128 samples
2026-09-11T06:06:53.1125 | GPTQ | METRIC - time 1.50s
2026-09-11T06:06:53.1127 | GPTQ | METRIC - error 5386.12
2026-09-11T06:06:53.1130 | GPTQ | METRIC - Accelerator 0 | usage: 68.24% | total memory: 47.8 Gb
2026-09-11T06:06:53.1132 | GPTQ | METRIC - Accelerator 1 | usage: 61.54% | total memory: 47.8 Gb
2026-09-11T06:06:53.1139 | compress_module_list | INFO - Quantizing model.language_model.layers.8.mlp.up_proj using 128 samples
2026-09-11T06:06:54.6167 | GPTQ | METRIC - time 1.50s
2026-09-11T06:06:54.6168 | GPTQ | METRIC - error 5069.23
2026-09-11T06:06:54.6172 | GPTQ | METRIC - Accelerator 0 | usage: 68.24% | total memory: 47.8 Gb
2026-09-11T06:06:54.6174 | GPTQ | METRIC - Accelerator 1 | usage: 61.54% | total memory: 47.8 Gb
2026-09-11T06:06:54.6180 | compress_module_list | INFO - Quantizing model.language_model.layers.8.mlp.down_proj using 128 samples
2026-09-11T06:07:00.2185 | GPTQ | METRIC - time 5.60s
2026-09-11T06:07:00.2187 | GPTQ | METRIC - error 111.19
2026-09-11T06:07:00.2190 | GPTQ | METRIC - Accelerator 0 | usage: 68.24% | total memory: 47.8 Gb
2026-09-11T06:07:00.2192 | GPTQ | METRIC - Accelerator 1 | usage: 61.54% | total memory: 47.8 Gb

(10/65): Propagating:   0%|          | 0/32 [00:00<?, ?it/s]
(10/65): Propagating:   3%|▎         | 1/32 [00:00<00:04,  6.25it/s]
(10/65): Propagating:   6%|▋         | 2/32 [00:00<00:04,  6.05it/s]
(10/65): Propagating:   9%|▉         | 3/32 [00:00<00:04,  6.05it/s]
(10/65): Propagating:  12%|█▎        | 4/32 [00:00<00:04,  6.11it/s]
(10/65): Propagating:  16%|█▌        | 5/32 [00:00<00:04,  6.18it/s]
(10/65): Propagating:  19%|█▉        | 6/32 [00:00<00:04,  6.22it/s]
(10/65): Propagating:  22%|██▏       | 7/32 [00:01<00:03,  6.25it/s]
(10/65): Propagating:  25%|██▌       | 8/32 [00:01<00:03,  6.27it/s]
(10/65): Propagating:  28%|██▊       | 9/32 [00:01<00:03,  6.30it/s]
(10/65): Propagating:  31%|███▏      | 10/32 [00:01<00:03,  6.31it/s]
(10/65): Propagating:  34%|███▍      | 11/32 [00:01<00:03,  6.33it/s]
(10/65): Propagating:  38%|███▊      | 12/32 [00:01<00:03,  6.33it/s]
(10/65): Propagating:  41%|████      | 13/32 [00:02<00:03,  6.33it/s]
(10/65): Propagating:  44%|████▍     | 14/32 [00:02<00:02,  6.33it/s]
(10/65): Propagating:  47%|████▋     | 15/32 [00:02<00:02,  6.33it/s]
(10/65): Propagating:  50%|█████     | 16/32 [00:02<00:02,  6.34it/s]
(10/65): Propagating:  53%|█████▎    | 17/32 [00:02<00:02,  6.34it/s]
(10/65): Propagating:  56%|█████▋    | 18/32 [00:02<00:02,  6.34it/s]
(10/65): Propagating:  59%|█████▉    | 19/32 [00:03<00:02,  6.34it/s]
(10/65): Propagating:  62%|██████▎   | 20/32 [00:03<00:01,  6.34it/s]
(10/65): Propagating:  66%|██████▌   | 21/32 [00:03<00:01,  6.34it/s]
(10/65): Propagating:  69%|██████▉   | 22/32 [00:03<00:01,  6.33it/s]
(10/65): Propagating:  72%|███████▏  | 23/32 [00:03<00:01,  6.33it/s]
(10/65): Propagating:  75%|███████▌  | 24/32 [00:03<00:01,  6.33it/s]
(10/65): Propagating:  78%|███████▊  | 25/32 [00:03<00:01,  6.34it/s]
(10/65): Propagating:  81%|████████▏ | 26/32 [00:04<00:00,  6.34it/s]
(10/65): Propagating:  84%|████████▍ | 27/32 [00:04<00:00,  6.34it/s]
(10/65): Propagating:  88%|████████▊ | 28/32 [00:04<00:00,  6.34it/s]
(10/65): Propagating:  91%|█████████ | 29/32 [00:04<00:00,  6.35it/s]
(10/65): Propagating:  94%|█████████▍| 30/32 [00:04<00:00,  6.36it/s]
(10/65): Propagating:  97%|█████████▋| 31/32 [00:04<00:00,  6.35it/s]
(10/65): Propagating: 100%|██████████| 32/32 [00:05<00:00,  6.33it/s]
(10/65): Propagating: 100%|██████████| 32/32 [00:05<00:00,  6.31it/s]

(11/65): Calibrating:   0%|          | 0/32 [00:00<?, ?it/s]
(11/65): Calibrating:   6%|▋         | 2/32 [00:00<00:03,  8.00it/s]
(11/65): Calibrating:   9%|▉         | 3/32 [00:00<00:04,  6.04it/s]
(11/65): Calibrating:  12%|█▎        | 4/32 [00:00<00:05,  5.36it/s]
(11/65): Calibrating:  16%|█▌        | 5/32 [00:00<00:05,  5.03it/s]
(11/65): Calibrating:  19%|█▉        | 6/32 [00:01<00:05,  4.84it/s]
(11/65): Calibrating:  22%|██▏       | 7/32 [00:01<00:05,  4.73it/s]
(11/65): Calibrating:  25%|██▌       | 8/32 [00:01<00:05,  4.66it/s]
(11/65): Calibrating:  28%|██▊       | 9/32 [00:01<00:04,  4.61it/s]
(11/65): Calibrating:  31%|███▏      | 10/32 [00:02<00:04,  4.58it/s]
(11/65): Calibrating:  34%|███▍      | 11/32 [00:02<00:04,  4.56it/s]
(11/65): Calibrating:  38%|███▊      | 12/32 [00:02<00:04,  4.54it/s]
(11/65): Calibrating:  41%|████      | 13/32 [00:02<00:04,  4.52it/s]
(11/65): Calibrating:  44%|████▍     | 14/32 [00:02<00:03,  4.51it/s]
(11/65): Calibrating:  47%|████▋     | 15/32 [00:03<00:03,  4.51it/s]
(11/65): Calibrating:  50%|█████     | 16/32 [00:03<00:03,  4.51it/s]
(11/65): Calibrating:  53%|█████▎    | 17/32 [00:03<00:03,  4.51it/s]
(11/65): Calibrating:  56%|█████▋    | 18/32 [00:03<00:03,  4.51it/s]
(11/65): Calibrating:  59%|█████▉    | 19/32 [00:04<00:02,  4.51it/s]
(11/65): Calibrating:  62%|██████▎   | 20/32 [00:04<00:02,  4.51it/s]
(11/65): Calibrating:  66%|██████▌   | 21/32 [00:04<00:02,  4.51it/s]
(11/65): Calibrating:  69%|██████▉   | 22/32 [00:04<00:02,  4.51it/s]
(11/65): Calibrating:  72%|███████▏  | 23/32 [00:04<00:02,  4.50it/s]
(11/65): Calibrating:  75%|███████▌  | 24/32 [00:05<00:01,  4.49it/s]
(11/65): Calibrating:  78%|███████▊  | 25/32 [00:05<00:01,  4.50it/s]
(11/65): Calibrating:  81%|████████▏ | 26/32 [00:05<00:01,  4.50it/s]
(11/65): Calibrating:  84%|████████▍ | 27/32 [00:05<00:01,  4.50it/s]
(11/65): Calibrating:  88%|████████▊ | 28/32 [00:06<00:00,  4.50it/s]
(11/65): Calibrating:  91%|█████████ | 29/32 [00:06<00:00,  4.50it/s]
(11/65): Calibrating:  94%|█████████▍| 30/32 [00:06<00:00,  4.50it/s]
(11/65): Calibrating:  97%|█████████▋| 31/32 [00:06<00:00,  4.50it/s]
(11/65): Calibrating: 100%|██████████| 32/32 [00:06<00:00,  4.49it/s]
(11/65): Calibrating: 100%|██████████| 32/32 [00:06<00:00,  4.63it/s]
2026-09-11T06:07:12.4072 | compress_module_list | INFO - Quantizing model.language_model.layers.9.mlp.gate_proj using 128 samples
2026-09-11T06:07:13.9144 | GPTQ | METRIC - time 1.51s
2026-09-11T06:07:13.9146 | GPTQ | METRIC - error 5810.85
2026-09-11T06:07:13.9149 | GPTQ | METRIC - Accelerator 0 | usage: 68.24% | total memory: 47.8 Gb
2026-09-11T06:07:13.9151 | GPTQ | METRIC - Accelerator 1 | usage: 61.54% | total memory: 47.8 Gb
2026-09-11T06:07:13.9157 | compress_module_list | INFO - Quantizing model.language_model.layers.9.mlp.up_proj using 128 samples
2026-09-11T06:07:15.4216 | GPTQ | METRIC - time 1.51s
2026-09-11T06:07:15.4217 | GPTQ | METRIC - error 5493.32
2026-09-11T06:07:15.4220 | GPTQ | METRIC - Accelerator 0 | usage: 68.24% | total memory: 47.8 Gb
2026-09-11T06:07:15.4222 | GPTQ | METRIC - Accelerator 1 | usage: 61.54% | total memory: 47.8 Gb
2026-09-11T06:07:15.4228 | compress_module_list | INFO - Quantizing model.language_model.layers.9.mlp.down_proj using 128 samples
2026-09-11T06:07:21.0899 | GPTQ | METRIC - time 5.67s
2026-09-11T06:07:21.0901 | GPTQ | METRIC - error 123.16
2026-09-11T06:07:21.0905 | GPTQ | METRIC - Accelerator 0 | usage: 68.24% | total memory: 47.8 Gb
2026-09-11T06:07:21.0907 | GPTQ | METRIC - Accelerator 1 | usage: 61.54% | total memory: 47.8 Gb

(11/65): Propagating:   0%|          | 0/32 [00:00<?, ?it/s]
(11/65): Propagating:   3%|▎         | 1/32 [00:00<00:05,  5.97it/s]
(11/65): Propagating:   6%|▋         | 2/32 [00:00<00:05,  5.96it/s]
(11/65): Propagating:   9%|▉         | 3/32 [00:00<00:04,  6.04it/s]
(11/65): Propagating:  12%|█▎        | 4/32 [00:00<00:04,  6.08it/s]
(11/65): Propagating:  16%|█▌        | 5/32 [00:00<00:04,  6.15it/s]
(11/65): Propagating:  19%|█▉        | 6/32 [00:00<00:04,  6.20it/s]
(11/65): Propagating:  22%|██▏       | 7/32 [00:01<00:04,  6.24it/s]
(11/65): Propagating:  25%|██▌       | 8/32 [00:01<00:03,  6.27it/s]
(11/65): Propagating:  28%|██▊       | 9/32 [00:01<00:03,  6.28it/s]
(11/65): Propagating:  31%|███▏      | 10/32 [00:01<00:03,  6.30it/s]
(11/65): Propagating:  34%|███▍      | 11/32 [00:01<00:03,  6.32it/s]
(11/65): Propagating:  38%|███▊      | 12/32 [00:01<00:03,  6.33it/s]
(11/65): Propagating:  41%|████      | 13/32 [00:02<00:02,  6.34it/s]
(11/65): Propagating:  44%|████▍     | 14/32 [00:02<00:02,  6.33it/s]
(11/65): Propagating:  47%|████▋     | 15/32 [00:02<00:02,  6.29it/s]
(11/65): Propagating:  50%|█████     | 16/32 [00:02<00:02,  6.30it/s]
(11/65): Propagating:  53%|█████▎    | 17/32 [00:02<00:02,  6.31it/s]
(11/65): Propagating:  56%|█████▋    | 18/32 [00:02<00:02,  6.32it/s]
(11/65): Propagating:  59%|█████▉    | 19/32 [00:03<00:02,  6.33it/s]
(11/65): Propagating:  62%|██████▎   | 20/32 [00:03<00:01,  6.33it/s]
(11/65): Propagating:  66%|██████▌   | 21/32 [00:03<00:01,  6.34it/s]
(11/65): Propagating:  69%|██████▉   | 22/32 [00:03<00:01,  6.32it/s]
(11/65): Propagating:  72%|███████▏  | 23/32 [00:03<00:01,  6.30it/s]
(11/65): Propagating:  75%|███████▌  | 24/32 [00:03<00:01,  6.27it/s]
(11/65): Propagating:  78%|███████▊  | 25/32 [00:03<00:01,  6.27it/s]
(11/65): Propagating:  81%|████████▏ | 26/32 [00:04<00:00,  6.23it/s]
(11/65): Propagating:  84%|████████▍ | 27/32 [00:04<00:00,  6.27it/s]
(11/65): Propagating:  88%|████████▊ | 28/32 [00:04<00:00,  6.29it/s]
(11/65): Propagating:  91%|█████████ | 29/32 [00:04<00:00,  6.30it/s]
(11/65): Propagating:  94%|█████████▍| 30/32 [00:04<00:00,  6.30it/s]
(11/65): Propagating:  97%|█████████▋| 31/32 [00:04<00:00,  6.32it/s]
(11/65): Propagating: 100%|██████████| 32/32 [00:05<00:00,  6.31it/s]
(11/65): Propagating: 100%|██████████| 32/32 [00:05<00:00,  6.27it/s]

(12/65): Calibrating:   0%|          | 0/32 [00:00<?, ?it/s]
(12/65): Calibrating:   6%|▋         | 2/32 [00:00<00:03,  7.99it/s]
(12/65): Calibrating:   9%|▉         | 3/32 [00:00<00:04,  6.03it/s]
(12/65): Calibrating:  12%|█▎        | 4/32 [00:00<00:05,  5.35it/s]
(12/65): Calibrating:  16%|█▌        | 5/32 [00:00<00:05,  5.02it/s]
(12/65): Calibrating:  19%|█▉        | 6/32 [00:01<00:05,  4.84it/s]
(12/65): Calibrating:  22%|██▏       | 7/32 [00:01<00:05,  4.72it/s]
(12/65): Calibrating:  25%|██▌       | 8/32 [00:01<00:05,  4.65it/s]
(12/65): Calibrating:  28%|██▊       | 9/32 [00:01<00:05,  4.60it/s]
(12/65): Calibrating:  31%|███▏      | 10/32 [00:02<00:04,  4.56it/s]
(12/65): Calibrating:  34%|███▍      | 11/32 [00:02<00:04,  4.54it/s]
(12/65): Calibrating:  38%|███▊      | 12/32 [00:02<00:04,  4.53it/s]
(12/65): Calibrating:  41%|████      | 13/32 [00:02<00:04,  4.52it/s]
(12/65): Calibrating:  44%|████▍     | 14/32 [00:02<00:03,  4.51it/s]
(12/65): Calibrating:  47%|████▋     | 15/32 [00:03<00:03,  4.51it/s]
(12/65): Calibrating:  50%|█████     | 16/32 [00:03<00:03,  4.51it/s]
(12/65): Calibrating:  53%|█████▎    | 17/32 [00:03<00:03,  4.51it/s]
(12/65): Calibrating:  56%|█████▋    | 18/32 [00:03<00:03,  4.50it/s]
(12/65): Calibrating:  59%|█████▉    | 19/32 [00:04<00:02,  4.49it/s]
(12/65): Calibrating:  62%|██████▎   | 20/32 [00:04<00:02,  4.49it/s]
(12/65): Calibrating:  66%|██████▌   | 21/32 [00:04<00:02,  4.50it/s]
(12/65): Calibrating:  69%|██████▉   | 22/32 [00:04<00:02,  4.50it/s]
(12/65): Calibrating:  72%|███████▏  | 23/32 [00:04<00:02,  4.50it/s]
(12/65): Calibrating:  75%|███████▌  | 24/32 [00:05<00:01,  4.49it/s]
(12/65): Calibrating:  78%|███████▊  | 25/32 [00:05<00:01,  4.49it/s]
(12/65): Calibrating:  81%|████████▏ | 26/32 [00:05<00:01,  4.48it/s]
(12/65): Calibrating:  84%|████████▍ | 27/32 [00:05<00:01,  4.48it/s]
(12/65): Calibrating:  88%|████████▊ | 28/32 [00:06<00:00,  4.49it/s]
(12/65): Calibrating:  91%|█████████ | 29/32 [00:06<00:00,  4.49it/s]
(12/65): Calibrating:  94%|█████████▍| 30/32 [00:06<00:00,  4.49it/s]
(12/65): Calibrating:  97%|█████████▋| 31/32 [00:06<00:00,  4.49it/s]
(12/65): Calibrating: 100%|██████████| 32/32 [00:06<00:00,  4.48it/s]
(12/65): Calibrating: 100%|██████████| 32/32 [00:06<00:00,  4.62it/s]
2026-09-11T06:07:33.3200 | compress_module_list | INFO - Quantizing model.language_model.layers.10.mlp.gate_proj using 128 samples
2026-09-11T06:07:34.8374 | GPTQ | METRIC - time 1.52s
2026-09-11T06:07:34.8376 | GPTQ | METRIC - error 5882.36
2026-09-11T06:07:34.8379 | GPTQ | METRIC - Accelerator 0 | usage: 68.24% | total memory: 47.8 Gb
2026-09-11T06:07:34.8381 | GPTQ | METRIC - Accelerator 1 | usage: 61.54% | total memory: 47.8 Gb
2026-09-11T06:07:34.8388 | compress_module_list | INFO - Quantizing model.language_model.layers.10.mlp.up_proj using 128 samples
2026-09-11T06:07:36.3612 | GPTQ | METRIC - time 1.52s
2026-09-11T06:07:36.3614 | GPTQ | METRIC - error 5566.05
2026-09-11T06:07:36.3617 | GPTQ | METRIC - Accelerator 0 | usage: 68.24% | total memory: 47.8 Gb
2026-09-11T06:07:36.3619 | GPTQ | METRIC - Accelerator 1 | usage: 61.54% | total memory: 47.8 Gb
2026-09-11T06:07:36.3626 | compress_module_list | INFO - Quantizing model.language_model.layers.10.mlp.down_proj using 128 samples
2026-09-11T06:07:42.0126 | GPTQ | METRIC - time 5.65s
2026-09-11T06:07:42.0127 | GPTQ | METRIC - error 132.16
2026-09-11T06:07:42.0131 | GPTQ | METRIC - Accelerator 0 | usage: 68.24% | total memory: 47.8 Gb
2026-09-11T06:07:42.0133 | GPTQ | METRIC - Accelerator 1 | usage: 61.54% | total memory: 47.8 Gb

(12/65): Propagating:   0%|          | 0/32 [00:00<?, ?it/s]
(12/65): Propagating:   3%|▎         | 1/32 [00:00<00:04,  6.28it/s]
(12/65): Propagating:   6%|▋         | 2/32 [00:00<00:04,  6.28it/s]
(12/65): Propagating:   9%|▉         | 3/32 [00:00<00:04,  6.28it/s]
(12/65): Propagating:  12%|█▎        | 4/32 [00:00<00:04,  6.30it/s]
(12/65): Propagating:  16%|█▌        | 5/32 [00:00<00:04,  6.30it/s]
(12/65): Propagating:  19%|█▉        | 6/32 [00:00<00:04,  6.30it/s]
(12/65): Propagating:  22%|██▏       | 7/32 [00:01<00:03,  6.30it/s]
(12/65): Propagating:  25%|██▌       | 8/32 [00:01<00:03,  6.29it/s]
(12/65): Propagating:  28%|██▊       | 9/32 [00:01<00:03,  6.31it/s]
(12/65): Propagating:  31%|███▏      | 10/32 [00:01<00:03,  6.30it/s]
(12/65): Propagating:  34%|███▍      | 11/32 [00:01<00:03,  6.31it/s]
(12/65): Propagating:  38%|███▊      | 12/32 [00:01<00:03,  6.32it/s]
(12/65): Propagating:  41%|████      | 13/32 [00:02<00:03,  6.33it/s]
(12/65): Propagating:  44%|████▍     | 14/32 [00:02<00:02,  6.33it/s]
(12/65): Propagating:  47%|████▋     | 15/32 [00:02<00:02,  6.33it/s]
(12/65): Propagating:  50%|█████     | 16/32 [00:02<00:02,  6.33it/s]
(12/65): Propagating:  53%|█████▎    | 17/32 [00:02<00:02,  6.32it/s]
(12/65): Propagating:  56%|█████▋    | 18/32 [00:02<00:02,  6.31it/s]
(12/65): Propagating:  59%|█████▉    | 19/32 [00:03<00:02,  6.32it/s]
(12/65): Propagating:  62%|██████▎   | 20/32 [00:03<00:01,  6.32it/s]
(12/65): Propagating:  66%|██████▌   | 21/32 [00:03<00:01,  6.33it/s]
(12/65): Propagating:  69%|██████▉   | 22/32 [00:03<00:01,  6.33it/s]
(12/65): Propagating:  72%|███████▏  | 23/32 [00:03<00:01,  6.32it/s]
(12/65): Propagating:  75%|███████▌  | 24/32 [00:03<00:01,  6.31it/s]
(12/65): Propagating:  78%|███████▊  | 25/32 [00:03<00:01,  6.32it/s]
(12/65): Propagating:  81%|████████▏ | 26/32 [00:04<00:00,  6.32it/s]
(12/65): Propagating:  84%|████████▍ | 27/32 [00:04<00:00,  6.33it/s]
(12/65): Propagating:  88%|████████▊ | 28/32 [00:04<00:00,  6.33it/s]
(12/65): Propagating:  91%|█████████ | 29/32 [00:04<00:00,  6.33it/s]
(12/65): Propagating:  94%|█████████▍| 30/32 [00:04<00:00,  6.33it/s]
(12/65): Propagating:  97%|█████████▋| 31/32 [00:04<00:00,  6.33it/s]
(12/65): Propagating: 100%|██████████| 32/32 [00:05<00:00,  6.32it/s]
(12/65): Propagating: 100%|██████████| 32/32 [00:05<00:00,  6.32it/s]

(13/65): Calibrating:   0%|          | 0/32 [00:00<?, ?it/s]
(13/65): Calibrating:   6%|▋         | 2/32 [00:00<00:03,  8.00it/s]
(13/65): Calibrating:   9%|▉         | 3/32 [00:00<00:04,  5.84it/s]
(13/65): Calibrating:  12%|█▎        | 4/32 [00:00<00:05,  5.11it/s]
(13/65): Calibrating:  16%|█▌        | 5/32 [00:00<00:05,  4.78it/s]
(13/65): Calibrating:  19%|█▉        | 6/32 [00:01<00:05,  4.59it/s]
(13/65): Calibrating:  22%|██▏       | 7/32 [00:01<00:05,  4.48it/s]
(13/65): Calibrating:  25%|██▌       | 8/32 [00:01<00:05,  4.40it/s]
(13/65): Calibrating:  28%|██▊       | 9/32 [00:01<00:05,  4.35it/s]
(13/65): Calibrating:  31%|███▏      | 10/32 [00:02<00:05,  4.31it/s]
(13/65): Calibrating:  34%|███▍      | 11/32 [00:02<00:04,  4.30it/s]
(13/65): Calibrating:  38%|███▊      | 12/32 [00:02<00:04,  4.28it/s]
(13/65): Calibrating:  41%|████      | 13/32 [00:02<00:04,  4.26it/s]
(13/65): Calibrating:  44%|████▍     | 14/32 [00:03<00:04,  4.25it/s]
(13/65): Calibrating:  47%|████▋     | 15/32 [00:03<00:04,  4.25it/s]
(13/65): Calibrating:  50%|█████     | 16/32 [00:03<00:03,  4.25it/s]
(13/65): Calibrating:  53%|█████▎    | 17/32 [00:03<00:03,  4.25it/s]
(13/65): Calibrating:  56%|█████▋    | 18/32 [00:04<00:03,  4.24it/s]
(13/65): Calibrating:  59%|█████▉    | 19/32 [00:04<00:03,  4.24it/s]
(13/65): Calibrating:  62%|██████▎   | 20/32 [00:04<00:02,  4.24it/s]
(13/65): Calibrating:  66%|██████▌   | 21/32 [00:04<00:02,  4.24it/s]
(13/65): Calibrating:  69%|██████▉   | 22/32 [00:04<00:02,  4.24it/s]
(13/65): Calibrating:  72%|███████▏  | 23/32 [00:05<00:02,  4.24it/s]
(13/65): Calibrating:  75%|███████▌  | 24/32 [00:05<00:01,  4.23it/s]
(13/65): Calibrating:  78%|███████▊  | 25/32 [00:05<00:01,  4.24it/s]
(13/65): Calibrating:  81%|████████▏ | 26/32 [00:05<00:01,  4.24it/s]
(13/65): Calibrating:  84%|████████▍ | 27/32 [00:06<00:01,  4.24it/s]
(13/65): Calibrating:  88%|████████▊ | 28/32 [00:06<00:00,  4.24it/s]
(13/65): Calibrating:  91%|█████████ | 29/32 [00:06<00:00,  4.24it/s]
(13/65): Calibrating:  94%|█████████▍| 30/32 [00:06<00:00,  4.24it/s]
(13/65): Calibrating:  97%|█████████▋| 31/32 [00:07<00:00,  4.24it/s]
(13/65): Calibrating: 100%|██████████| 32/32 [00:07<00:00,  4.24it/s]
(13/65): Calibrating: 100%|██████████| 32/32 [00:07<00:00,  4.37it/s]
2026-09-11T06:07:54.6334 | compress_module_list | INFO - Quantizing model.language_model.layers.11.self_attn.q_proj using 128 samples
2026-09-11T06:07:56.2108 | GPTQ | METRIC - time 1.58s
2026-09-11T06:07:56.2110 | GPTQ | METRIC - error 21851.04
2026-09-11T06:07:56.2113 | GPTQ | METRIC - Accelerator 0 | usage: 68.24% | total memory: 47.8 Gb
2026-09-11T06:07:56.2115 | GPTQ | METRIC - Accelerator 1 | usage: 61.54% | total memory: 47.8 Gb
2026-09-11T06:07:56.2120 | compress_module_list | INFO - Quantizing model.language_model.layers.11.self_attn.k_proj using 128 samples
2026-09-11T06:07:57.6474 | GPTQ | METRIC - time 1.44s
2026-09-11T06:07:57.6476 | GPTQ | METRIC - error 1939.69
2026-09-11T06:07:57.6479 | GPTQ | METRIC - Accelerator 0 | usage: 68.24% | total memory: 47.8 Gb
2026-09-11T06:07:57.6481 | GPTQ | METRIC - Accelerator 1 | usage: 61.54% | total memory: 47.8 Gb
2026-09-11T06:07:57.6482 | compress_module_list | INFO - Quantizing model.language_model.layers.11.self_attn.v_proj using 128 samples
2026-09-11T06:07:59.0803 | GPTQ | METRIC - time 1.43s
2026-09-11T06:07:59.0804 | GPTQ | METRIC - error 1735.77
2026-09-11T06:07:59.0807 | GPTQ | METRIC - Accelerator 0 | usage: 68.24% | total memory: 47.8 Gb
2026-09-11T06:07:59.0809 | GPTQ | METRIC - Accelerator 1 | usage: 61.54% | total memory: 47.8 Gb
2026-09-11T06:07:59.0811 | compress_module_list | INFO - Quantizing model.language_model.layers.11.self_attn.o_proj using 128 samples
2026-09-11T06:08:00.8285 | GPTQ | METRIC - time 1.75s
2026-09-11T06:08:00.8287 | GPTQ | METRIC - error 64.42
2026-09-11T06:08:00.8290 | GPTQ | METRIC - Accelerator 0 | usage: 68.24% | total memory: 47.8 Gb
2026-09-11T06:08:00.8292 | GPTQ | METRIC - Accelerator 1 | usage: 61.54% | total memory: 47.8 Gb
2026-09-11T06:08:00.8295 | compress_module_list | INFO - Quantizing model.language_model.layers.11.mlp.gate_proj using 128 samples
2026-09-11T06:08:02.3233 | GPTQ | METRIC - time 1.49s
2026-09-11T06:08:02.3235 | GPTQ | METRIC - error 6144.66
2026-09-11T06:08:02.3238 | GPTQ | METRIC - Accelerator 0 | usage: 68.24% | total memory: 47.8 Gb
2026-09-11T06:08:02.3240 | GPTQ | METRIC - Accelerator 1 | usage: 61.54% | total memory: 47.8 Gb
2026-09-11T06:08:02.3246 | compress_module_list | INFO - Quantizing model.language_model.layers.11.mlp.up_proj using 128 samples
2026-09-11T06:08:03.8264 | GPTQ | METRIC - time 1.50s
2026-09-11T06:08:03.8266 | GPTQ | METRIC - error 5871.10
2026-09-11T06:08:03.8269 | GPTQ | METRIC - Accelerator 0 | usage: 68.24% | total memory: 47.8 Gb
2026-09-11T06:08:03.8271 | GPTQ | METRIC - Accelerator 1 | usage: 61.54% | total memory: 47.8 Gb
2026-09-11T06:08:03.8278 | compress_module_list | INFO - Quantizing model.language_model.layers.11.mlp.down_proj using 128 samples
2026-09-11T06:08:09.3445 | GPTQ | METRIC - time 5.52s
2026-09-11T06:08:09.3447 | GPTQ | METRIC - error 144.08
2026-09-11T06:08:09.3450 | GPTQ | METRIC - Accelerator 0 | usage: 68.24% | total memory: 47.8 Gb
2026-09-11T06:08:09.3452 | GPTQ | METRIC - Accelerator 1 | usage: 61.54% | total memory: 47.8 Gb

(13/65): Propagating:   0%|          | 0/32 [00:00<?, ?it/s]
(13/65): Propagating:   3%|▎         | 1/32 [00:00<00:04,  7.56it/s]
(13/65): Propagating:   6%|▋         | 2/32 [00:00<00:04,  7.15it/s]
(13/65): Propagating:   9%|▉         | 3/32 [00:00<00:03,  7.28it/s]
(13/65): Propagating:  12%|█▎        | 4/32 [00:00<00:03,  7.33it/s]
(13/65): Propagating:  16%|█▌        | 5/32 [00:00<00:03,  7.42it/s]
(13/65): Propagating:  19%|█▉        | 6/32 [00:00<00:03,  7.45it/s]
(13/65): Propagating:  22%|██▏       | 7/32 [00:00<00:03,  7.49it/s]
(13/65): Propagating:  25%|██▌       | 8/32 [00:01<00:03,  7.53it/s]
(13/65): Propagating:  28%|██▊       | 9/32 [00:01<00:03,  7.55it/s]
(13/65): Propagating:  31%|███▏      | 10/32 [00:01<00:02,  7.57it/s]
(13/65): Propagating:  34%|███▍      | 11/32 [00:01<00:02,  7.58it/s]
(13/65): Propagating:  38%|███▊      | 12/32 [00:01<00:02,  7.55it/s]
(13/65): Propagating:  41%|████      | 13/32 [00:01<00:02,  7.57it/s]
(13/65): Propagating:  44%|████▍     | 14/32 [00:01<00:02,  7.60it/s]
(13/65): Propagating:  47%|████▋     | 15/32 [00:01<00:02,  7.62it/s]
(13/65): Propagating:  50%|█████     | 16/32 [00:02<00:02,  7.63it/s]
(13/65): Propagating:  53%|█████▎    | 17/32 [00:02<00:01,  7.62it/s]
(13/65): Propagating:  56%|█████▋    | 18/32 [00:02<00:01,  7.62it/s]
(13/65): Propagating:  59%|█████▉    | 19/32 [00:02<00:01,  7.61it/s]
(13/65): Propagating:  62%|██████▎   | 20/32 [00:02<00:01,  7.63it/s]
(13/65): Propagating:  66%|██████▌   | 21/32 [00:02<00:01,  7.63it/s]
(13/65): Propagating:  69%|██████▉   | 22/32 [00:02<00:01,  7.61it/s]
(13/65): Propagating:  72%|███████▏  | 23/32 [00:03<00:01,  7.61it/s]
(13/65): Propagating:  75%|███████▌  | 24/32 [00:03<00:01,  7.61it/s]
(13/65): Propagating:  78%|███████▊  | 25/32 [00:03<00:00,  7.58it/s]
(13/65): Propagating:  81%|████████▏ | 26/32 [00:03<00:00,  7.58it/s]
(13/65): Propagating:  84%|████████▍ | 27/32 [00:03<00:00,  7.60it/s]
(13/65): Propagating:  88%|████████▊ | 28/32 [00:03<00:00,  7.61it/s]
(13/65): Propagating:  91%|█████████ | 29/32 [00:03<00:00,  7.57it/s]
(13/65): Propagating:  94%|█████████▍| 30/32 [00:03<00:00,  7.39it/s]
(13/65): Propagating:  97%|█████████▋| 31/32 [00:04<00:00,  7.30it/s]
(13/65): Propagating: 100%|██████████| 32/32 [00:04<00:00,  7.29it/s]
(13/65): Propagating: 100%|██████████| 32/32 [00:04<00:00,  7.51it/s]

(14/65): Calibrating:   0%|          | 0/32 [00:00<?, ?it/s]
(14/65): Calibrating:   6%|▋         | 2/32 [00:00<00:03,  7.99it/s]
(14/65): Calibrating:   9%|▉         | 3/32 [00:00<00:04,  6.04it/s]
(14/65): Calibrating:  12%|█▎        | 4/32 [00:00<00:05,  5.36it/s]
(14/65): Calibrating:  16%|█▌        | 5/32 [00:00<00:05,  5.03it/s]
(14/65): Calibrating:  19%|█▉        | 6/32 [00:01<00:05,  4.84it/s]
(14/65): Calibrating:  22%|██▏       | 7/32 [00:01<00:05,  4.72it/s]
(14/65): Calibrating:  25%|██▌       | 8/32 [00:01<00:05,  4.64it/s]
(14/65): Calibrating:  28%|██▊       | 9/32 [00:01<00:05,  4.60it/s]
(14/65): Calibrating:  31%|███▏      | 10/32 [00:02<00:04,  4.57it/s]
(14/65): Calibrating:  34%|███▍      | 11/32 [00:02<00:04,  4.55it/s]
(14/65): Calibrating:  38%|███▊      | 12/32 [00:02<00:04,  4.54it/s]
(14/65): Calibrating:  41%|████      | 13/32 [00:02<00:04,  4.53it/s]
(14/65): Calibrating:  44%|████▍     | 14/32 [00:02<00:03,  4.52it/s]
(14/65): Calibrating:  47%|████▋     | 15/32 [00:03<00:03,  4.52it/s]
(14/65): Calibrating:  50%|█████     | 16/32 [00:03<00:03,  4.51it/s]
(14/65): Calibrating:  53%|█████▎    | 17/32 [00:03<00:03,  4.50it/s]
(14/65): Calibrating:  56%|█████▋    | 18/32 [00:03<00:03,  4.50it/s]
(14/65): Calibrating:  59%|█████▉    | 19/32 [00:04<00:02,  4.50it/s]
(14/65): Calibrating:  62%|██████▎   | 20/32 [00:04<00:02,  4.50it/s]
(14/65): Calibrating:  66%|██████▌   | 21/32 [00:04<00:02,  4.50it/s]
(14/65): Calibrating:  69%|██████▉   | 22/32 [00:04<00:02,  4.50it/s]
(14/65): Calibrating:  72%|███████▏  | 23/32 [00:04<00:02,  4.50it/s]
(14/65): Calibrating:  75%|███████▌  | 24/32 [00:05<00:01,  4.49it/s]
(14/65): Calibrating:  78%|███████▊  | 25/32 [00:05<00:01,  4.48it/s]
(14/65): Calibrating:  81%|████████▏ | 26/32 [00:05<00:01,  4.49it/s]
(14/65): Calibrating:  84%|████████▍ | 27/32 [00:05<00:01,  4.49it/s]
(14/65): Calibrating:  88%|████████▊ | 28/32 [00:06<00:00,  4.50it/s]
(14/65): Calibrating:  91%|█████████ | 29/32 [00:06<00:00,  4.50it/s]
(14/65): Calibrating:  94%|█████████▍| 30/32 [00:06<00:00,  4.50it/s]
(14/65): Calibrating:  97%|█████████▋| 31/32 [00:06<00:00,  4.51it/s]
(14/65): Calibrating: 100%|██████████| 32/32 [00:06<00:00,  4.50it/s]
(14/65): Calibrating: 100%|██████████| 32/32 [00:06<00:00,  4.62it/s]
2026-09-11T06:08:20.7225 | compress_module_list | INFO - Quantizing model.language_model.layers.12.mlp.gate_proj using 128 samples
2026-09-11T06:08:22.2179 | GPTQ | METRIC - time 1.50s
2026-09-11T06:08:22.2180 | GPTQ | METRIC - error 6304.63
2026-09-11T06:08:22.2183 | GPTQ | METRIC - Accelerator 0 | usage: 68.24% | total memory: 47.8 Gb
2026-09-11T06:08:22.2185 | GPTQ | METRIC - Accelerator 1 | usage: 61.54% | total memory: 47.8 Gb
2026-09-11T06:08:22.2192 | compress_module_list | INFO - Quantizing model.language_model.layers.12.mlp.up_proj using 128 samples
2026-09-11T06:08:23.7200 | GPTQ | METRIC - time 1.50s
2026-09-11T06:08:23.7202 | GPTQ | METRIC - error 6000.95
2026-09-11T06:08:23.7206 | GPTQ | METRIC - Accelerator 0 | usage: 68.24% | total memory: 47.8 Gb
2026-09-11T06:08:23.7208 | GPTQ | METRIC - Accelerator 1 | usage: 61.54% | total memory: 47.8 Gb
2026-09-11T06:08:23.7214 | compress_module_list | INFO - Quantizing model.language_model.layers.12.mlp.down_proj using 128 samples
2026-09-11T06:08:29.3786 | GPTQ | METRIC - time 5.66s
2026-09-11T06:08:29.3788 | GPTQ | METRIC - error 160.32
2026-09-11T06:08:29.3791 | GPTQ | METRIC - Accelerator 0 | usage: 68.24% | total memory: 47.8 Gb
2026-09-11T06:08:29.3793 | GPTQ | METRIC - Accelerator 1 | usage: 61.54% | total memory: 47.8 Gb

(14/65): Propagating:   0%|          | 0/32 [00:00<?, ?it/s]
(14/65): Propagating:   3%|▎         | 1/32 [00:00<00:05,  5.71it/s]
(14/65): Propagating:   6%|▋         | 2/32 [00:00<00:04,  6.02it/s]
(14/65): Propagating:   9%|▉         | 3/32 [00:00<00:04,  6.11it/s]
(14/65): Propagating:  12%|█▎        | 4/32 [00:00<00:04,  6.12it/s]
(14/65): Propagating:  16%|█▌        | 5/32 [00:00<00:04,  6.14it/s]
(14/65): Propagating:  19%|█▉        | 6/32 [00:00<00:04,  6.20it/s]
(14/65): Propagating:  22%|██▏       | 7/32 [00:01<00:04,  6.24it/s]
(14/65): Propagating:  25%|██▌       | 8/32 [00:01<00:03,  6.26it/s]
(14/65): Propagating:  28%|██▊       | 9/32 [00:01<00:03,  6.28it/s]
(14/65): Propagating:  31%|███▏      | 10/32 [00:01<00:03,  6.28it/s]
(14/65): Propagating:  34%|███▍      | 11/32 [00:01<00:03,  6.29it/s]
(14/65): Propagating:  38%|███▊      | 12/32 [00:01<00:03,  6.23it/s]
(14/65): Propagating:  41%|████      | 13/32 [00:02<00:03,  6.25it/s]
(14/65): Propagating:  44%|████▍     | 14/32 [00:02<00:02,  6.28it/s]
(14/65): Propagating:  47%|████▋     | 15/32 [00:02<00:02,  6.30it/s]
(14/65): Propagating:  50%|█████     | 16/32 [00:02<00:02,  6.31it/s]
(14/65): Propagating:  53%|█████▎    | 17/32 [00:02<00:02,  6.32it/s]
(14/65): Propagating:  56%|█████▋    | 18/32 [00:02<00:02,  6.32it/s]
(14/65): Propagating:  59%|█████▉    | 19/32 [00:03<00:02,  6.33it/s]
(14/65): Propagating:  62%|██████▎   | 20/32 [00:03<00:01,  6.32it/s]
(14/65): Propagating:  66%|██████▌   | 21/32 [00:03<00:01,  6.32it/s]
(14/65): Propagating:  69%|██████▉   | 22/32 [00:03<00:01,  6.32it/s]
(14/65): Propagating:  72%|███████▏  | 23/32 [00:03<00:01,  6.32it/s]
(14/65): Propagating:  75%|███████▌  | 24/32 [00:03<00:01,  6.33it/s]
(14/65): Propagating:  78%|███████▊  | 25/32 [00:03<00:01,  6.28it/s]
(14/65): Propagating:  81%|████████▏ | 26/32 [00:04<00:00,  6.27it/s]
(14/65): Propagating:  84%|████████▍ | 27/32 [00:04<00:00,  6.28it/s]
(14/65): Propagating:  88%|████████▊ | 28/32 [00:04<00:00,  6.30it/s]
(14/65): Propagating:  91%|█████████ | 29/32 [00:04<00:00,  6.32it/s]
(14/65): Propagating:  94%|█████████▍| 30/32 [00:04<00:00,  6.32it/s]
(14/65): Propagating:  97%|█████████▋| 31/32 [00:04<00:00,  6.33it/s]
(14/65): Propagating: 100%|██████████| 32/32 [00:05<00:00,  6.30it/s]
(14/65): Propagating: 100%|██████████| 32/32 [00:05<00:00,  6.27it/s]

(15/65): Calibrating:   0%|          | 0/32 [00:00<?, ?it/s]
(15/65): Calibrating:   6%|▋         | 2/32 [00:00<00:03,  7.98it/s]
(15/65): Calibrating:   9%|▉         | 3/32 [00:00<00:04,  6.05it/s]
(15/65): Calibrating:  12%|█▎        | 4/32 [00:00<00:05,  5.36it/s]
(15/65): Calibrating:  16%|█▌        | 5/32 [00:00<00:05,  5.02it/s]
(15/65): Calibrating:  19%|█▉        | 6/32 [00:01<00:05,  4.83it/s]
(15/65): Calibrating:  22%|██▏       | 7/32 [00:01<00:05,  4.72it/s]
(15/65): Calibrating:  25%|██▌       | 8/32 [00:01<00:05,  4.65it/s]
(15/65): Calibrating:  28%|██▊       | 9/32 [00:01<00:04,  4.61it/s]
(15/65): Calibrating:  31%|███▏      | 10/32 [00:02<00:04,  4.58it/s]
(15/65): Calibrating:  34%|███▍      | 11/32 [00:02<00:04,  4.56it/s]
(15/65): Calibrating:  38%|███▊      | 12/32 [00:02<00:04,  4.55it/s]
(15/65): Calibrating:  41%|████      | 13/32 [00:02<00:04,  4.54it/s]
(15/65): Calibrating:  44%|████▍     | 14/32 [00:02<00:03,  4.53it/s]
(15/65): Calibrating:  47%|████▋     | 15/32 [00:03<00:03,  4.52it/s]
(15/65): Calibrating:  50%|█████     | 16/32 [00:03<00:03,  4.51it/s]
(15/65): Calibrating:  53%|█████▎    | 17/32 [00:03<00:03,  4.51it/s]
(15/65): Calibrating:  56%|█████▋    | 18/32 [00:03<00:03,  4.51it/s]
(15/65): Calibrating:  59%|█████▉    | 19/32 [00:04<00:02,  4.51it/s]
(15/65): Calibrating:  62%|██████▎   | 20/32 [00:04<00:02,  4.51it/s]
(15/65): Calibrating:  66%|██████▌   | 21/32 [00:04<00:02,  4.51it/s]
(15/65): Calibrating:  69%|██████▉   | 22/32 [00:04<00:02,  4.51it/s]
(15/65): Calibrating:  72%|███████▏  | 23/32 [00:04<00:01,  4.51it/s]
(15/65): Calibrating:  75%|███████▌  | 24/32 [00:05<00:01,  4.51it/s]
(15/65): Calibrating:  78%|███████▊  | 25/32 [00:05<00:01,  4.51it/s]
(15/65): Calibrating:  81%|████████▏ | 26/32 [00:05<00:01,  4.50it/s]
(15/65): Calibrating:  84%|████████▍ | 27/32 [00:05<00:01,  4.50it/s]
(15/65): Calibrating:  88%|████████▊ | 28/32 [00:06<00:00,  4.50it/s]
(15/65): Calibrating:  91%|█████████ | 29/32 [00:06<00:00,  4.48it/s]
(15/65): Calibrating:  94%|█████████▍| 30/32 [00:06<00:00,  4.47it/s]
(15/65): Calibrating:  97%|█████████▋| 31/32 [00:06<00:00,  4.45it/s]
(15/65): Calibrating: 100%|██████████| 32/32 [00:06<00:00,  4.45it/s]
(15/65): Calibrating: 100%|██████████| 32/32 [00:06<00:00,  4.62it/s]
2026-09-11T06:08:41.6048 | compress_module_list | INFO - Quantizing model.language_model.layers.13.mlp.gate_proj using 128 samples
2026-09-11T06:08:43.0618 | GPTQ | METRIC - time 1.46s
2026-09-11T06:08:43.0619 | GPTQ | METRIC - error 6669.96
2026-09-11T06:08:43.0623 | GPTQ | METRIC - Accelerator 0 | usage: 68.24% | total memory: 47.8 Gb
2026-09-11T06:08:43.0625 | GPTQ | METRIC - Accelerator 1 | usage: 61.54% | total memory: 47.8 Gb
2026-09-11T06:08:43.0631 | compress_module_list | INFO - Quantizing model.language_model.layers.13.mlp.up_proj using 128 samples
2026-09-11T06:08:44.5142 | GPTQ | METRIC - time 1.45s
2026-09-11T06:08:44.5143 | GPTQ | METRIC - error 6375.76
2026-09-11T06:08:44.5147 | GPTQ | METRIC - Accelerator 0 | usage: 68.24% | total memory: 47.8 Gb
2026-09-11T06:08:44.5149 | GPTQ | METRIC - Accelerator 1 | usage: 61.54% | total memory: 47.8 Gb
2026-09-11T06:08:44.5155 | compress_module_list | INFO - Quantizing model.language_model.layers.13.mlp.down_proj using 128 samples
2026-09-11T06:08:49.9182 | GPTQ | METRIC - time 5.40s
2026-09-11T06:08:49.9184 | GPTQ | METRIC - error 170.54
2026-09-11T06:08:49.9187 | GPTQ | METRIC - Accelerator 0 | usage: 68.24% | total memory: 47.8 Gb
2026-09-11T06:08:49.9189 | GPTQ | METRIC - Accelerator 1 | usage: 61.54% | total memory: 47.8 Gb

(15/65): Propagating:   0%|          | 0/32 [00:00<?, ?it/s]
(15/65): Propagating:   3%|▎         | 1/32 [00:00<00:05,  6.03it/s]
(15/65): Propagating:   6%|▋         | 2/32 [00:00<00:04,  6.07it/s]
(15/65): Propagating:   9%|▉         | 3/32 [00:00<00:04,  6.11it/s]
(15/65): Propagating:  12%|█▎        | 4/32 [00:00<00:04,  6.12it/s]
(15/65): Propagating:  16%|█▌        | 5/32 [00:00<00:04,  6.13it/s]
(15/65): Propagating:  19%|█▉        | 6/32 [00:00<00:04,  6.13it/s]
(15/65): Propagating:  22%|██▏       | 7/32 [00:01<00:04,  6.14it/s]
(15/65): Propagating:  25%|██▌       | 8/32 [00:01<00:03,  6.14it/s]
(15/65): Propagating:  28%|██▊       | 9/32 [00:01<00:03,  6.15it/s]
(15/65): Propagating:  31%|███▏      | 10/32 [00:01<00:03,  6.15it/s]
(15/65): Propagating:  34%|███▍      | 11/32 [00:01<00:03,  6.16it/s]
(15/65): Propagating:  38%|███▊      | 12/32 [00:01<00:03,  6.16it/s]
(15/65): Propagating:  41%|████      | 13/32 [00:02<00:03,  6.16it/s]
(15/65): Propagating:  44%|████▍     | 14/32 [00:02<00:02,  6.16it/s]
(15/65): Propagating:  47%|████▋     | 15/32 [00:02<00:02,  6.16it/s]
(15/65): Propagating:  50%|█████     | 16/32 [00:02<00:02,  6.16it/s]
(15/65): Propagating:  53%|█████▎    | 17/32 [00:02<00:02,  6.17it/s]
(15/65): Propagating:  56%|█████▋    | 18/32 [00:02<00:02,  6.16it/s]
(15/65): Propagating:  59%|█████▉    | 19/32 [00:03<00:02,  6.16it/s]
(15/65): Propagating:  62%|██████▎   | 20/32 [00:03<00:01,  6.16it/s]
(15/65): Propagating:  66%|██████▌   | 21/32 [00:03<00:01,  6.16it/s]
(15/65): Propagating:  69%|██████▉   | 22/32 [00:03<00:01,  6.15it/s]
(15/65): Propagating:  72%|███████▏  | 23/32 [00:03<00:01,  6.15it/s]
(15/65): Propagating:  75%|███████▌  | 24/32 [00:03<00:01,  5.97it/s]
(15/65): Propagating:  78%|███████▊  | 25/32 [00:04<00:01,  5.80it/s]
(15/65): Propagating:  81%|████████▏ | 26/32 [00:04<00:01,  5.68it/s]
(15/65): Propagating:  84%|████████▍ | 27/32 [00:04<00:00,  5.76it/s]
(15/65): Propagating:  88%|████████▊ | 28/32 [00:04<00:00,  5.86it/s]
(15/65): Propagating:  91%|█████████ | 29/32 [00:04<00:00,  5.95it/s]
(15/65): Propagating:  94%|█████████▍| 30/32 [00:04<00:00,  6.01it/s]
(15/65): Propagating:  97%|█████████▋| 31/32 [00:05<00:00,  6.05it/s]
(15/65): Propagating: 100%|██████████| 32/32 [00:05<00:00,  6.09it/s]
(15/65): Propagating: 100%|██████████| 32/32 [00:05<00:00,  6.07it/s]

(16/65): Calibrating:   0%|          | 0/32 [00:00<?, ?it/s]
(16/65): Calibrating:   6%|▋         | 2/32 [00:00<00:03,  7.82it/s]
(16/65): Calibrating:   9%|▉         | 3/32 [00:00<00:04,  5.91it/s]
(16/65): Calibrating:  12%|█▎        | 4/32 [00:00<00:05,  5.27it/s]
(16/65): Calibrating:  16%|█▌        | 5/32 [00:00<00:05,  4.93it/s]
(16/65): Calibrating:  19%|█▉        | 6/32 [00:01<00:05,  4.75it/s]
(16/65): Calibrating:  22%|██▏       | 7/32 [00:01<00:05,  4.59it/s]
(16/65): Calibrating:  25%|██▌       | 8/32 [00:01<00:05,  4.56it/s]
(16/65): Calibrating:  28%|██▊       | 9/32 [00:01<00:05,  4.54it/s]
(16/65): Calibrating:  31%|███▏      | 10/32 [00:02<00:04,  4.53it/s]
(16/65): Calibrating:  34%|███▍      | 11/32 [00:02<00:04,  4.51it/s]
(16/65): Calibrating:  38%|███▊      | 12/32 [00:02<00:04,  4.50it/s]
(16/65): Calibrating:  41%|████      | 13/32 [00:02<00:04,  4.44it/s]
(16/65): Calibrating:  44%|████▍     | 14/32 [00:02<00:04,  4.39it/s]
(16/65): Calibrating:  47%|████▋     | 15/32 [00:03<00:03,  4.36it/s]
(16/65): Calibrating:  50%|█████     | 16/32 [00:03<00:03,  4.40it/s]
(16/65): Calibrating:  53%|█████▎    | 17/32 [00:03<00:03,  4.43it/s]
(16/65): Calibrating:  56%|█████▋    | 18/32 [00:03<00:03,  4.44it/s]
(16/65): Calibrating:  59%|█████▉    | 19/32 [00:04<00:02,  4.46it/s]
(16/65): Calibrating:  62%|██████▎   | 20/32 [00:04<00:02,  4.47it/s]
(16/65): Calibrating:  66%|██████▌   | 21/32 [00:04<00:02,  4.42it/s]
(16/65): Calibrating:  69%|██████▉   | 22/32 [00:04<00:02,  4.42it/s]
(16/65): Calibrating:  72%|███████▏  | 23/32 [00:05<00:02,  4.41it/s]
(16/65): Calibrating:  75%|███████▌  | 24/32 [00:05<00:01,  4.43it/s]
(16/65): Calibrating:  78%|███████▊  | 25/32 [00:05<00:01,  4.45it/s]
(16/65): Calibrating:  81%|████████▏ | 26/32 [00:05<00:01,  4.46it/s]
(16/65): Calibrating:  84%|████████▍ | 27/32 [00:05<00:01,  4.47it/s]
(16/65): Calibrating:  88%|████████▊ | 28/32 [00:06<00:00,  4.48it/s]
(16/65): Calibrating:  91%|█████████ | 29/32 [00:06<00:00,  4.48it/s]
(16/65): Calibrating:  94%|█████████▍| 30/32 [00:06<00:00,  4.48it/s]
(16/65): Calibrating:  97%|█████████▋| 31/32 [00:06<00:00,  4.48it/s]
(16/65): Calibrating: 100%|██████████| 32/32 [00:07<00:00,  4.48it/s]
(16/65): Calibrating: 100%|██████████| 32/32 [00:07<00:00,  4.56it/s]
2026-09-11T06:09:02.3981 | compress_module_list | INFO - Quantizing model.language_model.layers.14.mlp.gate_proj using 128 samples
2026-09-11T06:09:04.1033 | GPTQ | METRIC - time 1.71s
2026-09-11T06:09:04.1036 | GPTQ | METRIC - error 7007.31
2026-09-11T06:09:04.1041 | GPTQ | METRIC - Accelerator 0 | usage: 68.24% | total memory: 47.8 Gb
2026-09-11T06:09:04.1044 | GPTQ | METRIC - Accelerator 1 | usage: 61.54% | total memory: 47.8 Gb
2026-09-11T06:09:04.1051 | compress_module_list | INFO - Quantizing model.language_model.layers.14.mlp.up_proj using 128 samples
2026-09-11T06:09:05.6672 | GPTQ | METRIC - time 1.56s
2026-09-11T06:09:05.6674 | GPTQ | METRIC - error 6722.46
2026-09-11T06:09:05.6677 | GPTQ | METRIC - Accelerator 0 | usage: 68.24% | total memory: 47.8 Gb
2026-09-11T06:09:05.6679 | GPTQ | METRIC - Accelerator 1 | usage: 61.54% | total memory: 47.8 Gb
2026-09-11T06:09:05.6686 | compress_module_list | INFO - Quantizing model.language_model.layers.14.mlp.down_proj using 128 samples
2026-09-11T06:09:11.1203 | GPTQ | METRIC - time 5.45s
2026-09-11T06:09:11.1204 | GPTQ | METRIC - error 182.68
2026-09-11T06:09:11.1208 | GPTQ | METRIC - Accelerator 0 | usage: 68.24% | total memory: 47.8 Gb
2026-09-11T06:09:11.1210 | GPTQ | METRIC - Accelerator 1 | usage: 61.54% | total memory: 47.8 Gb

(16/65): Propagating:   0%|          | 0/32 [00:00<?, ?it/s]
(16/65): Propagating:   3%|▎         | 1/32 [00:00<00:04,  6.32it/s]
(16/65): Propagating:   6%|▋         | 2/32 [00:00<00:04,  6.27it/s]
(16/65): Propagating:   9%|▉         | 3/32 [00:00<00:04,  6.30it/s]
(16/65): Propagating:  12%|█▎        | 4/32 [00:00<00:04,  6.33it/s]
(16/65): Propagating:  16%|█▌        | 5/32 [00:00<00:04,  6.35it/s]
(16/65): Propagating:  19%|█▉        | 6/32 [00:00<00:04,  6.36it/s]
(16/65): Propagating:  22%|██▏       | 7/32 [00:01<00:03,  6.35it/s]
(16/65): Propagating:  25%|██▌       | 8/32 [00:01<00:03,  6.35it/s]
(16/65): Propagating:  28%|██▊       | 9/32 [00:01<00:03,  6.35it/s]
(16/65): Propagating:  31%|███▏      | 10/32 [00:01<00:03,  6.36it/s]
(16/65): Propagating:  34%|███▍      | 11/32 [00:01<00:03,  6.37it/s]
(16/65): Propagating:  38%|███▊      | 12/32 [00:01<00:03,  6.38it/s]
(16/65): Propagating:  41%|████      | 13/32 [00:02<00:02,  6.38it/s]
(16/65): Propagating:  44%|████▍     | 14/32 [00:02<00:02,  6.37it/s]
(16/65): Propagating:  47%|████▋     | 15/32 [00:02<00:02,  6.38it/s]
(16/65): Propagating:  50%|█████     | 16/32 [00:02<00:02,  6.38it/s]
(16/65): Propagating:  53%|█████▎    | 17/32 [00:02<00:02,  6.39it/s]
(16/65): Propagating:  56%|█████▋    | 18/32 [00:02<00:02,  6.39it/s]
(16/65): Propagating:  59%|█████▉    | 19/32 [00:02<00:02,  6.39it/s]
(16/65): Propagating:  62%|██████▎   | 20/32 [00:03<00:01,  6.40it/s]
(16/65): Propagating:  66%|██████▌   | 21/32 [00:03<00:01,  6.40it/s]
(16/65): Propagating:  69%|██████▉   | 22/32 [00:03<00:01,  6.39it/s]
(16/65): Propagating:  72%|███████▏  | 23/32 [00:03<00:01,  6.39it/s]
(16/65): Propagating:  75%|███████▌  | 24/32 [00:03<00:01,  6.40it/s]
(16/65): Propagating:  78%|███████▊  | 25/32 [00:03<00:01,  6.40it/s]
(16/65): Propagating:  81%|████████▏ | 26/32 [00:04<00:00,  6.38it/s]
(16/65): Propagating:  84%|████████▍ | 27/32 [00:04<00:00,  6.38it/s]
(16/65): Propagating:  88%|████████▊ | 28/32 [00:04<00:00,  6.38it/s]
(16/65): Propagating:  91%|█████████ | 29/32 [00:04<00:00,  6.40it/s]
(16/65): Propagating:  94%|█████████▍| 30/32 [00:04<00:00,  6.40it/s]
(16/65): Propagating:  97%|█████████▋| 31/32 [00:04<00:00,  6.40it/s]
(16/65): Propagating: 100%|██████████| 32/32 [00:05<00:00,  6.41it/s]
(16/65): Propagating: 100%|██████████| 32/32 [00:05<00:00,  6.38it/s]

(17/65): Calibrating:   0%|          | 0/32 [00:00<?, ?it/s]
(17/65): Calibrating:   6%|▋         | 2/32 [00:00<00:03,  7.87it/s]
(17/65): Calibrating:   9%|▉         | 3/32 [00:00<00:04,  5.80it/s]
(17/65): Calibrating:  12%|█▎        | 4/32 [00:00<00:05,  5.09it/s]
(17/65): Calibrating:  16%|█▌        | 5/32 [00:00<00:05,  4.74it/s]
(17/65): Calibrating:  19%|█▉        | 6/32 [00:01<00:05,  4.56it/s]
(17/65): Calibrating:  22%|██▏       | 7/32 [00:01<00:05,  4.44it/s]
(17/65): Calibrating:  25%|██▌       | 8/32 [00:01<00:05,  4.37it/s]
(17/65): Calibrating:  28%|██▊       | 9/32 [00:01<00:05,  4.31it/s]
(17/65): Calibrating:  31%|███▏      | 10/32 [00:02<00:05,  4.27it/s]
(17/65): Calibrating:  34%|███▍      | 11/32 [00:02<00:04,  4.25it/s]
(17/65): Calibrating:  38%|███▊      | 12/32 [00:02<00:04,  4.24it/s]
(17/65): Calibrating:  41%|████      | 13/32 [00:02<00:04,  4.23it/s]
(17/65): Calibrating:  44%|████▍     | 14/32 [00:03<00:04,  4.22it/s]
(17/65): Calibrating:  47%|████▋     | 15/32 [00:03<00:04,  4.21it/s]
(17/65): Calibrating:  50%|█████     | 16/32 [00:03<00:03,  4.21it/s]
(17/65): Calibrating:  53%|█████▎    | 17/32 [00:03<00:03,  4.20it/s]
(17/65): Calibrating:  56%|█████▋    | 18/32 [00:04<00:03,  4.20it/s]
(17/65): Calibrating:  59%|█████▉    | 19/32 [00:04<00:03,  4.19it/s]
(17/65): Calibrating:  62%|██████▎   | 20/32 [00:04<00:02,  4.20it/s]
(17/65): Calibrating:  66%|██████▌   | 21/32 [00:04<00:02,  4.21it/s]
(17/65): Calibrating:  69%|██████▉   | 22/32 [00:05<00:02,  4.22it/s]
(17/65): Calibrating:  72%|███████▏  | 23/32 [00:05<00:02,  4.22it/s]
(17/65): Calibrating:  75%|███████▌  | 24/32 [00:05<00:01,  4.22it/s]
(17/65): Calibrating:  78%|███████▊  | 25/32 [00:05<00:01,  4.22it/s]
(17/65): Calibrating:  81%|████████▏ | 26/32 [00:05<00:01,  4.22it/s]
(17/65): Calibrating:  84%|████████▍ | 27/32 [00:06<00:01,  4.22it/s]
(17/65): Calibrating:  88%|████████▊ | 28/32 [00:06<00:00,  4.21it/s]
(17/65): Calibrating:  91%|█████████ | 29/32 [00:06<00:00,  4.21it/s]
(17/65): Calibrating:  94%|█████████▍| 30/32 [00:06<00:00,  4.20it/s]
(17/65): Calibrating:  97%|█████████▋| 31/32 [00:07<00:00,  4.20it/s]
(17/65): Calibrating: 100%|██████████| 32/32 [00:07<00:00,  4.20it/s]
(17/65): Calibrating: 100%|██████████| 32/32 [00:07<00:00,  4.33it/s]
2026-09-11T06:09:23.7498 | compress_module_list | INFO - Quantizing model.language_model.layers.15.self_attn.q_proj using 128 samples
2026-09-11T06:09:25.1855 | GPTQ | METRIC - time 1.44s
2026-09-11T06:09:25.1857 | GPTQ | METRIC - error 20284.27
2026-09-11T06:09:25.1860 | GPTQ | METRIC - Accelerator 0 | usage: 68.24% | total memory: 47.8 Gb
2026-09-11T06:09:25.1862 | GPTQ | METRIC - Accelerator 1 | usage: 61.54% | total memory: 47.8 Gb
2026-09-11T06:09:25.1867 | compress_module_list | INFO - Quantizing model.language_model.layers.15.self_attn.k_proj using 128 samples
2026-09-11T06:09:26.5818 | GPTQ | METRIC - time 1.40s
2026-09-11T06:09:26.5819 | GPTQ | METRIC - error 1833.13
2026-09-11T06:09:26.5823 | GPTQ | METRIC - Accelerator 0 | usage: 68.24% | total memory: 47.8 Gb
2026-09-11T06:09:26.5825 | GPTQ | METRIC - Accelerator 1 | usage: 61.54% | total memory: 47.8 Gb
2026-09-11T06:09:26.5827 | compress_module_list | INFO - Quantizing model.language_model.layers.15.self_attn.v_proj using 128 samples
2026-09-11T06:09:28.0321 | GPTQ | METRIC - time 1.45s
2026-09-11T06:09:28.0323 | GPTQ | METRIC - error 1753.36
2026-09-11T06:09:28.0326 | GPTQ | METRIC - Accelerator 0 | usage: 68.24% | total memory: 47.8 Gb
2026-09-11T06:09:28.0328 | GPTQ | METRIC - Accelerator 1 | usage: 61.54% | total memory: 47.8 Gb
2026-09-11T06:09:28.0330 | compress_module_list | INFO - Quantizing model.language_model.layers.15.self_attn.o_proj using 128 samples
2026-09-11T06:09:29.7567 | GPTQ | METRIC - time 1.72s
2026-09-11T06:09:29.7569 | GPTQ | METRIC - error 81.56
2026-09-11T06:09:29.7572 | GPTQ | METRIC - Accelerator 0 | usage: 68.24% | total memory: 47.8 Gb
2026-09-11T06:09:29.7574 | GPTQ | METRIC - Accelerator 1 | usage: 61.54% | total memory: 47.8 Gb
2026-09-11T06:09:29.7577 | compress_module_list | INFO - Quantizing model.language_model.layers.15.mlp.gate_proj using 128 samples
2026-09-11T06:09:31.2144 | GPTQ | METRIC - time 1.46s
2026-09-11T06:09:31.2145 | GPTQ | METRIC - error 7836.12
2026-09-11T06:09:31.2155 | GPTQ | METRIC - Accelerator 0 | usage: 68.24% | total memory: 47.8 Gb
2026-09-11T06:09:31.2157 | GPTQ | METRIC - Accelerator 1 | usage: 61.54% | total memory: 47.8 Gb
2026-09-11T06:09:31.2164 | compress_module_list | INFO - Quantizing model.language_model.layers.15.mlp.up_proj using 128 samples
2026-09-11T06:09:32.7051 | GPTQ | METRIC - time 1.49s
2026-09-11T06:09:32.7053 | GPTQ | METRIC - error 7579.06
2026-09-11T06:09:32.7056 | GPTQ | METRIC - Accelerator 0 | usage: 68.24% | total memory: 47.8 Gb
2026-09-11T06:09:32.7058 | GPTQ | METRIC - Accelerator 1 | usage: 61.54% | total memory: 47.8 Gb
2026-09-11T06:09:32.7065 | compress_module_list | INFO - Quantizing model.language_model.layers.15.mlp.down_proj using 128 samples
2026-09-11T06:09:38.1533 | GPTQ | METRIC - time 5.45s
2026-09-11T06:09:38.1535 | GPTQ | METRIC - error 221.09
2026-09-11T06:09:38.1538 | GPTQ | METRIC - Accelerator 0 | usage: 68.24% | total memory: 47.8 Gb
2026-09-11T06:09:38.1540 | GPTQ | METRIC - Accelerator 1 | usage: 61.54% | total memory: 47.8 Gb

(17/65): Propagating:   0%|          | 0/32 [00:00<?, ?it/s]
(17/65): Propagating:   3%|▎         | 1/32 [00:00<00:04,  7.02it/s]
(17/65): Propagating:   6%|▋         | 2/32 [00:00<00:04,  7.34it/s]
(17/65): Propagating:   9%|▉         | 3/32 [00:00<00:03,  7.38it/s]
(17/65): Propagating:  12%|█▎        | 4/32 [00:00<00:03,  7.45it/s]
(17/65): Propagating:  16%|█▌        | 5/32 [00:00<00:03,  7.51it/s]
(17/65): Propagating:  19%|█▉        | 6/32 [00:00<00:03,  7.57it/s]
(17/65): Propagating:  22%|██▏       | 7/32 [00:00<00:03,  7.60it/s]
(17/65): Propagating:  25%|██▌       | 8/32 [00:01<00:03,  7.62it/s]
(17/65): Propagating:  28%|██▊       | 9/32 [00:01<00:03,  7.62it/s]
(17/65): Propagating:  31%|███▏      | 10/32 [00:01<00:02,  7.63it/s]
(17/65): Propagating:  34%|███▍      | 11/32 [00:01<00:02,  7.65it/s]
(17/65): Propagating:  38%|███▊      | 12/32 [00:01<00:02,  7.66it/s]
(17/65): Propagating:  41%|████      | 13/32 [00:01<00:02,  7.67it/s]
(17/65): Propagating:  44%|████▍     | 14/32 [00:01<00:02,  7.67it/s]
(17/65): Propagating:  47%|████▋     | 15/32 [00:01<00:02,  7.67it/s]
(17/65): Propagating:  50%|█████     | 16/32 [00:02<00:02,  7.67it/s]
(17/65): Propagating:  53%|█████▎    | 17/32 [00:02<00:01,  7.68it/s]
(17/65): Propagating:  56%|█████▋    | 18/32 [00:02<00:01,  7.68it/s]
(17/65): Propagating:  59%|█████▉    | 19/32 [00:02<00:01,  7.68it/s]
(17/65): Propagating:  62%|██████▎   | 20/32 [00:02<00:01,  7.69it/s]
(17/65): Propagating:  66%|██████▌   | 21/32 [00:02<00:01,  7.69it/s]
(17/65): Propagating:  69%|██████▉   | 22/32 [00:02<00:01,  7.68it/s]
(17/65): Propagating:  72%|███████▏  | 23/32 [00:03<00:01,  7.69it/s]
(17/65): Propagating:  75%|███████▌  | 24/32 [00:03<00:01,  7.69it/s]
(17/65): Propagating:  78%|███████▊  | 25/32 [00:03<00:00,  7.50it/s]
(17/65): Propagating:  81%|████████▏ | 26/32 [00:03<00:00,  7.48it/s]
(17/65): Propagating:  84%|████████▍ | 27/32 [00:03<00:00,  7.52it/s]
(17/65): Propagating:  88%|████████▊ | 28/32 [00:03<00:00,  7.55it/s]
(17/65): Propagating:  91%|█████████ | 29/32 [00:03<00:00,  7.57it/s]
(17/65): Propagating:  94%|█████████▍| 30/32 [00:03<00:00,  7.51it/s]
(17/65): Propagating:  97%|█████████▋| 31/32 [00:04<00:00,  7.57it/s]
(17/65): Propagating: 100%|██████████| 32/32 [00:04<00:00,  7.52it/s]
(17/65): Propagating: 100%|██████████| 32/32 [00:04<00:00,  7.59it/s]

(18/65): Calibrating:   0%|          | 0/32 [00:00<?, ?it/s]
(18/65): Calibrating:   6%|▋         | 2/32 [00:00<00:03,  7.93it/s]
(18/65): Calibrating:   9%|▉         | 3/32 [00:00<00:04,  6.01it/s]
(18/65): Calibrating:  12%|█▎        | 4/32 [00:00<00:05,  5.34it/s]
(18/65): Calibrating:  16%|█▌        | 5/32 [00:00<00:05,  5.02it/s]
(18/65): Calibrating:  19%|█▉        | 6/32 [00:01<00:05,  4.83it/s]
(18/65): Calibrating:  22%|██▏       | 7/32 [00:01<00:05,  4.71it/s]
(18/65): Calibrating:  25%|██▌       | 8/32 [00:01<00:05,  4.64it/s]
(18/65): Calibrating:  28%|██▊       | 9/32 [00:01<00:05,  4.58it/s]
(18/65): Calibrating:  31%|███▏      | 10/32 [00:02<00:04,  4.56it/s]
(18/65): Calibrating:  34%|███▍      | 11/32 [00:02<00:04,  4.54it/s]
(18/65): Calibrating:  38%|███▊      | 12/32 [00:02<00:04,  4.52it/s]
(18/65): Calibrating:  41%|████      | 13/32 [00:02<00:04,  4.51it/s]
(18/65): Calibrating:  44%|████▍     | 14/32 [00:02<00:04,  4.49it/s]
(18/65): Calibrating:  47%|████▋     | 15/32 [00:03<00:03,  4.48it/s]
(18/65): Calibrating:  50%|█████     | 16/32 [00:03<00:03,  4.49it/s]
(18/65): Calibrating:  53%|█████▎    | 17/32 [00:03<00:03,  4.49it/s]
(18/65): Calibrating:  56%|█████▋    | 18/32 [00:03<00:03,  4.49it/s]
(18/65): Calibrating:  59%|█████▉    | 19/32 [00:04<00:02,  4.49it/s]
(18/65): Calibrating:  62%|██████▎   | 20/32 [00:04<00:02,  4.48it/s]
(18/65): Calibrating:  66%|██████▌   | 21/32 [00:04<00:02,  4.47it/s]
(18/65): Calibrating:  69%|██████▉   | 22/32 [00:04<00:02,  4.48it/s]
(18/65): Calibrating:  72%|███████▏  | 23/32 [00:04<00:02,  4.48it/s]
(18/65): Calibrating:  75%|███████▌  | 24/32 [00:05<00:01,  4.48it/s]
(18/65): Calibrating:  78%|███████▊  | 25/32 [00:05<00:01,  4.48it/s]
(18/65): Calibrating:  81%|████████▏ | 26/32 [00:05<00:01,  4.48it/s]
(18/65): Calibrating:  84%|████████▍ | 27/32 [00:05<00:01,  4.48it/s]
(18/65): Calibrating:  88%|████████▊ | 28/32 [00:06<00:00,  4.47it/s]
(18/65): Calibrating:  91%|█████████ | 29/32 [00:06<00:00,  4.48it/s]
(18/65): Calibrating:  94%|█████████▍| 30/32 [00:06<00:00,  4.48it/s]
(18/65): Calibrating:  97%|█████████▋| 31/32 [00:06<00:00,  4.48it/s]
(18/65): Calibrating: 100%|██████████| 32/32 [00:06<00:00,  4.48it/s]
(18/65): Calibrating: 100%|██████████| 32/32 [00:06<00:00,  4.61it/s]
2026-09-11T06:09:49.5163 | compress_module_list | INFO - Quantizing model.language_model.layers.16.mlp.gate_proj using 128 samples
2026-09-11T06:09:50.9722 | GPTQ | METRIC - time 1.46s
2026-09-11T06:09:50.9723 | GPTQ | METRIC - error 8512.68
2026-09-11T06:09:50.9727 | GPTQ | METRIC - Accelerator 0 | usage: 68.24% | total memory: 47.8 Gb
2026-09-11T06:09:50.9729 | GPTQ | METRIC - Accelerator 1 | usage: 61.54% | total memory: 47.8 Gb
2026-09-11T06:09:50.9735 | compress_module_list | INFO - Quantizing model.language_model.layers.16.mlp.up_proj using 128 samples
2026-09-11T06:09:52.4310 | GPTQ | METRIC - time 1.46s
2026-09-11T06:09:52.4312 | GPTQ | METRIC - error 8168.65
2026-09-11T06:09:52.4315 | GPTQ | METRIC - Accelerator 0 | usage: 68.24% | total memory: 47.8 Gb
2026-09-11T06:09:52.4317 | GPTQ | METRIC - Accelerator 1 | usage: 61.54% | total memory: 47.8 Gb
2026-09-11T06:09:52.4323 | compress_module_list | INFO - Quantizing model.language_model.layers.16.mlp.down_proj using 128 samples
2026-09-11T06:09:57.8828 | GPTQ | METRIC - time 5.45s
2026-09-11T06:09:57.8830 | GPTQ | METRIC - error 250.25
2026-09-11T06:09:57.8833 | GPTQ | METRIC - Accelerator 0 | usage: 68.24% | total memory: 47.8 Gb
2026-09-11T06:09:57.8835 | GPTQ | METRIC - Accelerator 1 | usage: 61.54% | total memory: 47.8 Gb

(18/65): Propagating:   0%|          | 0/32 [00:00<?, ?it/s]
(18/65): Propagating:   3%|▎         | 1/32 [00:00<00:04,  6.39it/s]
(18/65): Propagating:   6%|▋         | 2/32 [00:00<00:04,  6.38it/s]
(18/65): Propagating:   9%|▉         | 3/32 [00:00<00:04,  6.36it/s]
(18/65): Propagating:  12%|█▎        | 4/32 [00:00<00:04,  6.31it/s]
(18/65): Propagating:  16%|█▌        | 5/32 [00:00<00:04,  6.32it/s]
(18/65): Propagating:  19%|█▉        | 6/32 [00:00<00:04,  6.34it/s]
(18/65): Propagating:  22%|██▏       | 7/32 [00:01<00:03,  6.35it/s]
(18/65): Propagating:  25%|██▌       | 8/32 [00:01<00:03,  6.36it/s]
(18/65): Propagating:  28%|██▊       | 9/32 [00:01<00:03,  6.36it/s]
(18/65): Propagating:  31%|███▏      | 10/32 [00:01<00:03,  6.36it/s]
(18/65): Propagating:  34%|███▍      | 11/32 [00:01<00:03,  6.37it/s]
(18/65): Propagating:  38%|███▊      | 12/32 [00:01<00:03,  6.38it/s]
(18/65): Propagating:  41%|████      | 13/32 [00:02<00:02,  6.40it/s]
(18/65): Propagating:  44%|████▍     | 14/32 [00:02<00:02,  6.40it/s]
(18/65): Propagating:  47%|████▋     | 15/32 [00:02<00:02,  6.40it/s]
(18/65): Propagating:  50%|█████     | 16/32 [00:02<00:02,  6.39it/s]
(18/65): Propagating:  53%|█████▎    | 17/32 [00:02<00:02,  6.39it/s]
(18/65): Propagating:  56%|█████▋    | 18/32 [00:02<00:02,  6.39it/s]
(18/65): Propagating:  59%|█████▉    | 19/32 [00:02<00:02,  6.39it/s]
(18/65): Propagating:  62%|██████▎   | 20/32 [00:03<00:01,  6.39it/s]
(18/65): Propagating:  66%|██████▌   | 21/32 [00:03<00:01,  6.26it/s]
(18/65): Propagating:  69%|██████▉   | 22/32 [00:03<00:01,  6.30it/s]
(18/65): Propagating:  72%|███████▏  | 23/32 [00:03<00:01,  6.33it/s]
(18/65): Propagating:  75%|███████▌  | 24/32 [00:03<00:01,  6.35it/s]
(18/65): Propagating:  78%|███████▊  | 25/32 [00:03<00:01,  6.36it/s]
(18/65): Propagating:  81%|████████▏ | 26/32 [00:04<00:00,  6.38it/s]
(18/65): Propagating:  84%|████████▍ | 27/32 [00:04<00:00,  6.38it/s]
(18/65): Propagating:  88%|████████▊ | 28/32 [00:04<00:00,  6.37it/s]
(18/65): Propagating:  91%|█████████ | 29/32 [00:04<00:00,  6.38it/s]
(18/65): Propagating:  94%|█████████▍| 30/32 [00:04<00:00,  6.38it/s]
(18/65): Propagating:  97%|█████████▋| 31/32 [00:04<00:00,  6.39it/s]
(18/65): Propagating: 100%|██████████| 32/32 [00:05<00:00,  6.39it/s]
(18/65): Propagating: 100%|██████████| 32/32 [00:05<00:00,  6.37it/s]

(19/65): Calibrating:   0%|          | 0/32 [00:00<?, ?it/s]
(19/65): Calibrating:   6%|▋         | 2/32 [00:00<00:03,  7.59it/s]
(19/65): Calibrating:   9%|▉         | 3/32 [00:00<00:05,  5.79it/s]
(19/65): Calibrating:  12%|█▎        | 4/32 [00:00<00:05,  5.22it/s]
(19/65): Calibrating:  16%|█▌        | 5/32 [00:00<00:05,  4.94it/s]
(19/65): Calibrating:  19%|█▉        | 6/32 [00:01<00:05,  4.78it/s]
(19/65): Calibrating:  22%|██▏       | 7/32 [00:01<00:05,  4.67it/s]
(19/65): Calibrating:  25%|██▌       | 8/32 [00:01<00:05,  4.61it/s]
(19/65): Calibrating:  28%|██▊       | 9/32 [00:01<00:05,  4.57it/s]
(19/65): Calibrating:  31%|███▏      | 10/32 [00:02<00:04,  4.54it/s]
(19/65): Calibrating:  34%|███▍      | 11/32 [00:02<00:04,  4.52it/s]
(19/65): Calibrating:  38%|███▊      | 12/32 [00:02<00:04,  4.51it/s]
(19/65): Calibrating:  41%|████      | 13/32 [00:02<00:04,  4.50it/s]
(19/65): Calibrating:  44%|████▍     | 14/32 [00:02<00:04,  4.49it/s]
(19/65): Calibrating:  47%|████▋     | 15/32 [00:03<00:03,  4.48it/s]
(19/65): Calibrating:  50%|█████     | 16/32 [00:03<00:03,  4.42it/s]
(19/65): Calibrating:  53%|█████▎    | 17/32 [00:03<00:03,  4.48it/s]
(19/65): Calibrating:  56%|█████▋    | 18/32 [00:03<00:03,  4.47it/s]
(19/65): Calibrating:  59%|█████▉    | 19/32 [00:04<00:02,  4.47it/s]
(19/65): Calibrating:  62%|██████▎   | 20/32 [00:04<00:02,  4.46it/s]
(19/65): Calibrating:  66%|██████▌   | 21/32 [00:04<00:02,  4.46it/s]
(19/65): Calibrating:  69%|██████▉   | 22/32 [00:04<00:02,  4.47it/s]
(19/65): Calibrating:  72%|███████▏  | 23/32 [00:04<00:02,  4.47it/s]
(19/65): Calibrating:  75%|███████▌  | 24/32 [00:05<00:01,  4.46it/s]
(19/65): Calibrating:  78%|███████▊  | 25/32 [00:05<00:01,  4.47it/s]
(19/65): Calibrating:  81%|████████▏ | 26/32 [00:05<00:01,  4.47it/s]
(19/65): Calibrating:  84%|████████▍ | 27/32 [00:05<00:01,  4.47it/s]
(19/65): Calibrating:  88%|████████▊ | 28/32 [00:06<00:00,  4.47it/s]
(19/65): Calibrating:  91%|█████████ | 29/32 [00:06<00:00,  4.47it/s]
(19/65): Calibrating:  94%|█████████▍| 30/32 [00:06<00:00,  4.47it/s]
(19/65): Calibrating:  97%|█████████▋| 31/32 [00:06<00:00,  4.48it/s]
(19/65): Calibrating: 100%|██████████| 32/32 [00:06<00:00,  4.47it/s]
(19/65): Calibrating: 100%|██████████| 32/32 [00:06<00:00,  4.58it/s]
2026-09-11T06:10:10.0888 | compress_module_list | INFO - Quantizing model.language_model.layers.17.mlp.gate_proj using 128 samples
2026-09-11T06:10:11.5504 | GPTQ | METRIC - time 1.46s
2026-09-11T06:10:11.5506 | GPTQ | METRIC - error 9571.59
2026-09-11T06:10:11.5509 | GPTQ | METRIC - Accelerator 0 | usage: 68.24% | total memory: 47.8 Gb
2026-09-11T06:10:11.5511 | GPTQ | METRIC - Accelerator 1 | usage: 61.54% | total memory: 47.8 Gb
2026-09-11T06:10:11.5518 | compress_module_list | INFO - Quantizing model.language_model.layers.17.mlp.up_proj using 128 samples
2026-09-11T06:10:13.0479 | GPTQ | METRIC - time 1.50s
2026-09-11T06:10:13.0481 | GPTQ | METRIC - error 9181.51
2026-09-11T06:10:13.0484 | GPTQ | METRIC - Accelerator 0 | usage: 68.24% | total memory: 47.8 Gb
2026-09-11T06:10:13.0486 | GPTQ | METRIC - Accelerator 1 | usage: 61.54% | total memory: 47.8 Gb
2026-09-11T06:10:13.0493 | compress_module_list | INFO - Quantizing model.language_model.layers.17.mlp.down_proj using 128 samples
2026-09-11T06:10:18.5163 | GPTQ | METRIC - time 5.47s
2026-09-11T06:10:18.5165 | GPTQ | METRIC - error 353.88
2026-09-11T06:10:18.5168 | GPTQ | METRIC - Accelerator 0 | usage: 68.24% | total memory: 47.8 Gb
2026-09-11T06:10:18.5170 | GPTQ | METRIC - Accelerator 1 | usage: 61.54% | total memory: 47.8 Gb

(19/65): Propagating:   0%|          | 0/32 [00:00<?, ?it/s]
(19/65): Propagating:   3%|▎         | 1/32 [00:00<00:04,  6.41it/s]
(19/65): Propagating:   6%|▋         | 2/32 [00:00<00:04,  6.38it/s]
(19/65): Propagating:   9%|▉         | 3/32 [00:00<00:04,  6.38it/s]
(19/65): Propagating:  12%|█▎        | 4/32 [00:00<00:04,  6.36it/s]
(19/65): Propagating:  16%|█▌        | 5/32 [00:00<00:04,  6.33it/s]
(19/65): Propagating:  19%|█▉        | 6/32 [00:00<00:04,  6.32it/s]
(19/65): Propagating:  22%|██▏       | 7/32 [00:01<00:03,  6.34it/s]
(19/65): Propagating:  25%|██▌       | 8/32 [00:01<00:03,  6.35it/s]
(19/65): Propagating:  28%|██▊       | 9/32 [00:01<00:03,  6.36it/s]
(19/65): Propagating:  31%|███▏      | 10/32 [00:01<00:03,  6.36it/s]
(19/65): Propagating:  34%|███▍      | 11/32 [00:01<00:03,  6.36it/s]
(19/65): Propagating:  38%|███▊      | 12/32 [00:01<00:03,  6.36it/s]
(19/65): Propagating:  41%|████      | 13/32 [00:02<00:02,  6.37it/s]
(19/65): Propagating:  44%|████▍     | 14/32 [00:02<00:02,  6.38it/s]
(19/65): Propagating:  47%|████▋     | 15/32 [00:02<00:02,  6.39it/s]
(19/65): Propagating:  50%|█████     | 16/32 [00:02<00:02,  6.39it/s]
(19/65): Propagating:  53%|█████▎    | 17/32 [00:02<00:02,  6.39it/s]
(19/65): Propagating:  56%|█████▋    | 18/32 [00:02<00:02,  6.39it/s]
(19/65): Propagating:  59%|█████▉    | 19/32 [00:02<00:02,  6.39it/s]
(19/65): Propagating:  62%|██████▎   | 20/32 [00:03<00:01,  6.40it/s]
(19/65): Propagating:  66%|██████▌   | 21/32 [00:03<00:01,  6.40it/s]
(19/65): Propagating:  69%|██████▉   | 22/32 [00:03<00:01,  6.39it/s]
(19/65): Propagating:  72%|███████▏  | 23/32 [00:03<00:01,  6.40it/s]
(19/65): Propagating:  75%|███████▌  | 24/32 [00:03<00:01,  6.39it/s]
(19/65): Propagating:  78%|███████▊  | 25/32 [00:03<00:01,  6.40it/s]
(19/65): Propagating:  81%|████████▏ | 26/32 [00:04<00:00,  6.40it/s]
(19/65): Propagating:  84%|████████▍ | 27/32 [00:04<00:00,  6.39it/s]
(19/65): Propagating:  88%|████████▊ | 28/32 [00:04<00:00,  6.39it/s]
(19/65): Propagating:  91%|█████████ | 29/32 [00:04<00:00,  6.39it/s]
(19/65): Propagating:  94%|█████████▍| 30/32 [00:04<00:00,  6.39it/s]
(19/65): Propagating:  97%|█████████▋| 31/32 [00:04<00:00,  6.38it/s]
(19/65): Propagating: 100%|██████████| 32/32 [00:05<00:00,  6.38it/s]
(19/65): Propagating: 100%|██████████| 32/32 [00:05<00:00,  6.38it/s]

(20/65): Calibrating:   0%|          | 0/32 [00:00<?, ?it/s]
(20/65): Calibrating:   6%|▋         | 2/32 [00:00<00:03,  7.93it/s]
(20/65): Calibrating:   9%|▉         | 3/32 [00:00<00:04,  5.99it/s]
(20/65): Calibrating:  12%|█▎        | 4/32 [00:00<00:05,  5.32it/s]
(20/65): Calibrating:  16%|█▌        | 5/32 [00:00<00:05,  5.00it/s]
(20/65): Calibrating:  19%|█▉        | 6/32 [00:01<00:05,  4.82it/s]
(20/65): Calibrating:  22%|██▏       | 7/32 [00:01<00:05,  4.71it/s]
(20/65): Calibrating:  25%|██▌       | 8/32 [00:01<00:05,  4.63it/s]
(20/65): Calibrating:  28%|██▊       | 9/32 [00:01<00:05,  4.58it/s]
(20/65): Calibrating:  31%|███▏      | 10/32 [00:02<00:04,  4.55it/s]
(20/65): Calibrating:  34%|███▍      | 11/32 [00:02<00:04,  4.53it/s]
(20/65): Calibrating:  38%|███▊      | 12/32 [00:02<00:04,  4.52it/s]
(20/65): Calibrating:  41%|████      | 13/32 [00:02<00:04,  4.51it/s]
(20/65): Calibrating:  44%|████▍     | 14/32 [00:02<00:04,  4.50it/s]
(20/65): Calibrating:  47%|████▋     | 15/32 [00:03<00:03,  4.49it/s]
(20/65): Calibrating:  50%|█████     | 16/32 [00:03<00:03,  4.48it/s]
(20/65): Calibrating:  53%|█████▎    | 17/32 [00:03<00:03,  4.48it/s]
(20/65): Calibrating:  56%|█████▋    | 18/32 [00:03<00:03,  4.48it/s]
(20/65): Calibrating:  59%|█████▉    | 19/32 [00:04<00:02,  4.48it/s]
(20/65): Calibrating:  62%|██████▎   | 20/32 [00:04<00:02,  4.48it/s]
(20/65): Calibrating:  66%|██████▌   | 21/32 [00:04<00:02,  4.48it/s]
(20/65): Calibrating:  69%|██████▉   | 22/32 [00:04<00:02,  4.48it/s]
(20/65): Calibrating:  72%|███████▏  | 23/32 [00:04<00:02,  4.48it/s]
(20/65): Calibrating:  75%|███████▌  | 24/32 [00:05<00:01,  4.48it/s]
(20/65): Calibrating:  78%|███████▊  | 25/32 [00:05<00:01,  4.48it/s]
(20/65): Calibrating:  81%|████████▏ | 26/32 [00:05<00:01,  4.48it/s]
(20/65): Calibrating:  84%|████████▍ | 27/32 [00:05<00:01,  4.48it/s]
(20/65): Calibrating:  88%|████████▊ | 28/32 [00:06<00:00,  4.48it/s]
(20/65): Calibrating:  91%|█████████ | 29/32 [00:06<00:00,  4.48it/s]
(20/65): Calibrating:  94%|█████████▍| 30/32 [00:06<00:00,  4.48it/s]
(20/65): Calibrating:  97%|█████████▋| 31/32 [00:06<00:00,  4.49it/s]
(20/65): Calibrating: 100%|██████████| 32/32 [00:06<00:00,  4.48it/s]
(20/65): Calibrating: 100%|██████████| 32/32 [00:06<00:00,  4.60it/s]
2026-09-11T06:10:30.6842 | compress_module_list | INFO - Quantizing model.language_model.layers.18.mlp.gate_proj using 128 samples
2026-09-11T06:10:32.1350 | GPTQ | METRIC - time 1.45s
2026-09-11T06:10:32.1352 | GPTQ | METRIC - error 11320.68
2026-09-11T06:10:32.1355 | GPTQ | METRIC - Accelerator 0 | usage: 68.24% | total memory: 47.8 Gb
2026-09-11T06:10:32.1357 | GPTQ | METRIC - Accelerator 1 | usage: 61.54% | total memory: 47.8 Gb
2026-09-11T06:10:32.1364 | compress_module_list | INFO - Quantizing model.language_model.layers.18.mlp.up_proj using 128 samples
2026-09-11T06:10:33.5894 | GPTQ | METRIC - time 1.45s
2026-09-11T06:10:33.5895 | GPTQ | METRIC - error 10474.18
2026-09-11T06:10:33.5899 | GPTQ | METRIC - Accelerator 0 | usage: 68.24% | total memory: 47.8 Gb
2026-09-11T06:10:33.5901 | GPTQ | METRIC - Accelerator 1 | usage: 61.54% | total memory: 47.8 Gb
2026-09-11T06:10:33.5907 | compress_module_list | INFO - Quantizing model.language_model.layers.18.mlp.down_proj using 128 samples
2026-09-11T06:10:39.0682 | GPTQ | METRIC - time 5.48s
2026-09-11T06:10:39.0683 | GPTQ | METRIC - error 635.60
2026-09-11T06:10:39.0687 | GPTQ | METRIC - Accelerator 0 | usage: 68.24% | total memory: 47.8 Gb
2026-09-11T06:10:39.0688 | GPTQ | METRIC - Accelerator 1 | usage: 61.54% | total memory: 47.8 Gb

(20/65): Propagating:   0%|          | 0/32 [00:00<?, ?it/s]
(20/65): Propagating:   3%|▎         | 1/32 [00:00<00:04,  6.42it/s]
(20/65): Propagating:   6%|▋         | 2/32 [00:00<00:04,  6.40it/s]
(20/65): Propagating:   9%|▉         | 3/32 [00:00<00:04,  6.35it/s]
(20/65): Propagating:  12%|█▎        | 4/32 [00:00<00:04,  6.30it/s]
(20/65): Propagating:  16%|█▌        | 5/32 [00:00<00:04,  6.32it/s]
(20/65): Propagating:  19%|█▉        | 6/32 [00:00<00:04,  6.28it/s]
(20/65): Propagating:  22%|██▏       | 7/32 [00:01<00:03,  6.29it/s]
(20/65): Propagating:  25%|██▌       | 8/32 [00:01<00:03,  6.18it/s]
(20/65): Propagating:  28%|██▊       | 9/32 [00:01<00:03,  6.25it/s]
(20/65): Propagating:  31%|███▏      | 10/32 [00:01<00:03,  6.29it/s]
(20/65): Propagating:  34%|███▍      | 11/32 [00:01<00:03,  6.32it/s]
(20/65): Propagating:  38%|███▊      | 12/32 [00:01<00:03,  6.32it/s]
(20/65): Propagating:  41%|████      | 13/32 [00:02<00:02,  6.34it/s]
(20/65): Propagating:  44%|████▍     | 14/32 [00:02<00:02,  6.35it/s]
(20/65): Propagating:  47%|████▋     | 15/32 [00:02<00:02,  6.37it/s]
(20/65): Propagating:  50%|█████     | 16/32 [00:02<00:02,  6.38it/s]
(20/65): Propagating:  53%|█████▎    | 17/32 [00:02<00:02,  6.38it/s]
(20/65): Propagating:  56%|█████▋    | 18/32 [00:02<00:02,  6.38it/s]
(20/65): Propagating:  59%|█████▉    | 19/32 [00:02<00:02,  6.38it/s]
(20/65): Propagating:  62%|██████▎   | 20/32 [00:03<00:01,  6.39it/s]
(20/65): Propagating:  66%|██████▌   | 21/32 [00:03<00:01,  6.38it/s]
(20/65): Propagating:  69%|██████▉   | 22/32 [00:03<00:01,  6.26it/s]
(20/65): Propagating:  72%|███████▏  | 23/32 [00:03<00:01,  6.21it/s]
(20/65): Propagating:  75%|███████▌  | 24/32 [00:03<00:01,  6.26it/s]
(20/65): Propagating:  78%|███████▊  | 25/32 [00:03<00:01,  6.31it/s]
(20/65): Propagating:  81%|████████▏ | 26/32 [00:04<00:00,  6.34it/s]
(20/65): Propagating:  84%|████████▍ | 27/32 [00:04<00:00,  6.35it/s]
(20/65): Propagating:  88%|████████▊ | 28/32 [00:04<00:00,  6.37it/s]
(20/65): Propagating:  91%|█████████ | 29/32 [00:04<00:00,  6.38it/s]
(20/65): Propagating:  94%|█████████▍| 30/32 [00:04<00:00,  6.35it/s]
(20/65): Propagating:  97%|█████████▋| 31/32 [00:04<00:00,  6.37it/s]
(20/65): Propagating: 100%|██████████| 32/32 [00:05<00:00,  6.37it/s]
(20/65): Propagating: 100%|██████████| 32/32 [00:05<00:00,  6.33it/s]

(21/65): Calibrating:   0%|          | 0/32 [00:00<?, ?it/s]
(21/65): Calibrating:   6%|▋         | 2/32 [00:00<00:03,  7.93it/s]
(21/65): Calibrating:   9%|▉         | 3/32 [00:00<00:04,  5.81it/s]
(21/65): Calibrating:  12%|█▎        | 4/32 [00:00<00:05,  5.09it/s]
(21/65): Calibrating:  16%|█▌        | 5/32 [00:00<00:05,  4.75it/s]
(21/65): Calibrating:  19%|█▉        | 6/32 [00:01<00:05,  4.56it/s]
(21/65): Calibrating:  22%|██▏       | 7/32 [00:01<00:05,  4.45it/s]
(21/65): Calibrating:  25%|██▌       | 8/32 [00:01<00:05,  4.38it/s]
(21/65): Calibrating:  28%|██▊       | 9/32 [00:01<00:05,  4.32it/s]
(21/65): Calibrating:  31%|███▏      | 10/32 [00:02<00:05,  4.29it/s]
(21/65): Calibrating:  34%|███▍      | 11/32 [00:02<00:04,  4.26it/s]
(21/65): Calibrating:  38%|███▊      | 12/32 [00:02<00:04,  4.25it/s]
(21/65): Calibrating:  41%|████      | 13/32 [00:02<00:04,  4.24it/s]
(21/65): Calibrating:  44%|████▍     | 14/32 [00:03<00:04,  4.24it/s]
(21/65): Calibrating:  47%|████▋     | 15/32 [00:03<00:04,  4.24it/s]
(21/65): Calibrating:  50%|█████     | 16/32 [00:03<00:03,  4.23it/s]
(21/65): Calibrating:  53%|█████▎    | 17/32 [00:03<00:03,  4.23it/s]
(21/65): Calibrating:  56%|█████▋    | 18/32 [00:04<00:03,  4.22it/s]
(21/65): Calibrating:  59%|█████▉    | 19/32 [00:04<00:03,  4.22it/s]
(21/65): Calibrating:  62%|██████▎   | 20/32 [00:04<00:02,  4.22it/s]
(21/65): Calibrating:  66%|██████▌   | 21/32 [00:04<00:02,  4.23it/s]
(21/65): Calibrating:  69%|██████▉   | 22/32 [00:04<00:02,  4.23it/s]
(21/65): Calibrating:  72%|███████▏  | 23/32 [00:05<00:02,  4.22it/s]
(21/65): Calibrating:  75%|███████▌  | 24/32 [00:05<00:01,  4.22it/s]
(21/65): Calibrating:  78%|███████▊  | 25/32 [00:05<00:01,  4.22it/s]
(21/65): Calibrating:  81%|████████▏ | 26/32 [00:05<00:01,  4.22it/s]
(21/65): Calibrating:  84%|████████▍ | 27/32 [00:06<00:01,  4.22it/s]
(21/65): Calibrating:  88%|████████▊ | 28/32 [00:06<00:00,  4.22it/s]
(21/65): Calibrating:  91%|█████████ | 29/32 [00:06<00:00,  4.22it/s]
(21/65): Calibrating:  94%|█████████▍| 30/32 [00:06<00:00,  4.22it/s]
(21/65): Calibrating:  97%|█████████▋| 31/32 [00:07<00:00,  4.22it/s]
(21/65): Calibrating: 100%|██████████| 32/32 [00:07<00:00,  4.21it/s]
(21/65): Calibrating: 100%|██████████| 32/32 [00:07<00:00,  4.35it/s]
2026-09-11T06:10:51.7124 | compress_module_list | INFO - Quantizing model.language_model.layers.19.self_attn.q_proj using 128 samples
2026-09-11T06:10:53.1503 | GPTQ | METRIC - time 1.44s
2026-09-11T06:10:53.1505 | GPTQ | METRIC - error 25322.02
2026-09-11T06:10:53.1508 | GPTQ | METRIC - Accelerator 0 | usage: 68.24% | total memory: 47.8 Gb
2026-09-11T06:10:53.1510 | GPTQ | METRIC - Accelerator 1 | usage: 61.54% | total memory: 47.8 Gb
2026-09-11T06:10:53.1515 | compress_module_list | INFO - Quantizing model.language_model.layers.19.self_attn.k_proj using 128 samples
2026-09-11T06:10:54.5490 | GPTQ | METRIC - time 1.40s
2026-09-11T06:10:54.5492 | GPTQ | METRIC - error 2427.50
2026-09-11T06:10:54.5495 | GPTQ | METRIC - Accelerator 0 | usage: 68.24% | total memory: 47.8 Gb
2026-09-11T06:10:54.5497 | GPTQ | METRIC - Accelerator 1 | usage: 61.54% | total memory: 47.8 Gb
2026-09-11T06:10:54.5499 | compress_module_list | INFO - Quantizing model.language_model.layers.19.self_attn.v_proj using 128 samples
2026-09-11T06:10:55.9466 | GPTQ | METRIC - time 1.40s
2026-09-11T06:10:55.9468 | GPTQ | METRIC - error 2795.77
2026-09-11T06:10:55.9471 | GPTQ | METRIC - Accelerator 0 | usage: 68.24% | total memory: 47.8 Gb
2026-09-11T06:10:55.9473 | GPTQ | METRIC - Accelerator 1 | usage: 61.54% | total memory: 47.8 Gb
2026-09-11T06:10:55.9475 | compress_module_list | INFO - Quantizing model.language_model.layers.19.self_attn.o_proj using 128 samples
2026-09-11T06:10:57.6574 | GPTQ | METRIC - time 1.71s
2026-09-11T06:10:57.6576 | GPTQ | METRIC - error 339.97
2026-09-11T06:10:57.6579 | GPTQ | METRIC - Accelerator 0 | usage: 68.24% | total memory: 47.8 Gb
2026-09-11T06:10:57.6581 | GPTQ | METRIC - Accelerator 1 | usage: 61.54% | total memory: 47.8 Gb
2026-09-11T06:10:57.6583 | compress_module_list | INFO - Quantizing model.language_model.layers.19.mlp.gate_proj using 128 samples
2026-09-11T06:10:59.1204 | GPTQ | METRIC - time 1.46s
2026-09-11T06:10:59.1205 | GPTQ | METRIC - error 13873.23
2026-09-11T06:10:59.1209 | GPTQ | METRIC - Accelerator 0 | usage: 68.24% | total memory: 47.8 Gb
2026-09-11T06:10:59.1211 | GPTQ | METRIC - Accelerator 1 | usage: 61.54% | total memory: 47.8 Gb
2026-09-11T06:10:59.1217 | compress_module_list | INFO - Quantizing model.language_model.layers.19.mlp.up_proj using 128 samples
2026-09-11T06:11:00.5853 | GPTQ | METRIC - time 1.46s
2026-09-11T06:11:00.5855 | GPTQ | METRIC - error 13114.48
2026-09-11T06:11:00.5858 | GPTQ | METRIC - Accelerator 0 | usage: 68.24% | total memory: 47.8 Gb
2026-09-11T06:11:00.5860 | GPTQ | METRIC - Accelerator 1 | usage: 61.54% | total memory: 47.8 Gb
2026-09-11T06:11:00.5867 | compress_module_list | INFO - Quantizing model.language_model.layers.19.mlp.down_proj using 128 samples
2026-09-11T06:11:06.0239 | GPTQ | METRIC - time 5.44s
2026-09-11T06:11:06.0240 | GPTQ | METRIC - error 734.48
2026-09-11T06:11:06.0244 | GPTQ | METRIC - Accelerator 0 | usage: 68.24% | total memory: 47.8 Gb
2026-09-11T06:11:06.0246 | GPTQ | METRIC - Accelerator 1 | usage: 61.54% | total memory: 47.8 Gb

(21/65): Propagating:   0%|          | 0/32 [00:00<?, ?it/s]
(21/65): Propagating:   3%|▎         | 1/32 [00:00<00:04,  7.59it/s]
(21/65): Propagating:   6%|▋         | 2/32 [00:00<00:03,  7.65it/s]
(21/65): Propagating:   9%|▉         | 3/32 [00:00<00:03,  7.65it/s]
(21/65): Propagating:  12%|█▎        | 4/32 [00:00<00:03,  7.66it/s]
(21/65): Propagating:  16%|█▌        | 5/32 [00:00<00:03,  7.66it/s]
(21/65): Propagating:  19%|█▉        | 6/32 [00:00<00:03,  7.64it/s]
(21/65): Propagating:  22%|██▏       | 7/32 [00:00<00:03,  7.57it/s]
(21/65): Propagating:  25%|██▌       | 8/32 [00:01<00:03,  7.58it/s]
(21/65): Propagating:  28%|██▊       | 9/32 [00:01<00:03,  7.58it/s]
(21/65): Propagating:  31%|███▏      | 10/32 [00:01<00:02,  7.60it/s]
(21/65): Propagating:  34%|███▍      | 11/32 [00:01<00:02,  7.62it/s]
(21/65): Propagating:  38%|███▊      | 12/32 [00:01<00:02,  7.62it/s]
(21/65): Propagating:  41%|████      | 13/32 [00:01<00:02,  7.62it/s]
(21/65): Propagating:  44%|████▍     | 14/32 [00:01<00:02,  7.62it/s]
(21/65): Propagating:  47%|████▋     | 15/32 [00:01<00:02,  7.39it/s]
(21/65): Propagating:  50%|█████     | 16/32 [00:02<00:02,  7.41it/s]
(21/65): Propagating:  53%|█████▎    | 17/32 [00:02<00:02,  7.49it/s]
(21/65): Propagating:  56%|█████▋    | 18/32 [00:02<00:01,  7.53it/s]
(21/65): Propagating:  59%|█████▉    | 19/32 [00:02<00:01,  7.57it/s]
(21/65): Propagating:  62%|██████▎   | 20/32 [00:02<00:01,  7.59it/s]
(21/65): Propagating:  66%|██████▌   | 21/32 [00:02<00:01,  7.62it/s]
(21/65): Propagating:  69%|██████▉   | 22/32 [00:02<00:01,  7.63it/s]
(21/65): Propagating:  72%|███████▏  | 23/32 [00:03<00:01,  7.64it/s]
(21/65): Propagating:  75%|███████▌  | 24/32 [00:03<00:01,  7.62it/s]
(21/65): Propagating:  78%|███████▊  | 25/32 [00:03<00:00,  7.64it/s]
(21/65): Propagating:  81%|████████▏ | 26/32 [00:03<00:00,  7.65it/s]
(21/65): Propagating:  84%|████████▍ | 27/32 [00:03<00:00,  7.65it/s]
(21/65): Propagating:  88%|████████▊ | 28/32 [00:03<00:00,  7.66it/s]
(21/65): Propagating:  91%|█████████ | 29/32 [00:03<00:00,  7.67it/s]
(21/65): Propagating:  94%|█████████▍| 30/32 [00:03<00:00,  7.67it/s]
(21/65): Propagating:  97%|█████████▋| 31/32 [00:04<00:00,  7.66it/s]
(21/65): Propagating: 100%|██████████| 32/32 [00:04<00:00,  7.66it/s]
(21/65): Propagating: 100%|██████████| 32/32 [00:04<00:00,  7.61it/s]

(22/65): Calibrating:   0%|          | 0/32 [00:00<?, ?it/s]
(22/65): Calibrating:   6%|▋         | 2/32 [00:00<00:03,  7.69it/s]
(22/65): Calibrating:   9%|▉         | 3/32 [00:00<00:04,  5.86it/s]
(22/65): Calibrating:  12%|█▎        | 4/32 [00:00<00:05,  5.24it/s]
(22/65): Calibrating:  16%|█▌        | 5/32 [00:00<00:05,  4.95it/s]
(22/65): Calibrating:  19%|█▉        | 6/32 [00:01<00:05,  4.79it/s]
(22/65): Calibrating:  22%|██▏       | 7/32 [00:01<00:05,  4.69it/s]
(22/65): Calibrating:  25%|██▌       | 8/32 [00:01<00:05,  4.62it/s]
(22/65): Calibrating:  28%|██▊       | 9/32 [00:01<00:05,  4.57it/s]
(22/65): Calibrating:  31%|███▏      | 10/32 [00:02<00:04,  4.55it/s]
(22/65): Calibrating:  34%|███▍      | 11/32 [00:02<00:04,  4.53it/s]
(22/65): Calibrating:  38%|███▊      | 12/32 [00:02<00:04,  4.52it/s]
(22/65): Calibrating:  41%|████      | 13/32 [00:02<00:04,  4.51it/s]
(22/65): Calibrating:  44%|████▍     | 14/32 [00:02<00:04,  4.50it/s]
(22/65): Calibrating:  47%|████▋     | 15/32 [00:03<00:03,  4.49it/s]
(22/65): Calibrating:  50%|█████     | 16/32 [00:03<00:03,  4.49it/s]
(22/65): Calibrating:  53%|█████▎    | 17/32 [00:03<00:03,  4.50it/s]
(22/65): Calibrating:  56%|█████▋    | 18/32 [00:03<00:03,  4.49it/s]
(22/65): Calibrating:  59%|█████▉    | 19/32 [00:04<00:02,  4.49it/s]
(22/65): Calibrating:  62%|██████▎   | 20/32 [00:04<00:02,  4.48it/s]
(22/65): Calibrating:  66%|██████▌   | 21/32 [00:04<00:02,  4.48it/s]
(22/65): Calibrating:  69%|██████▉   | 22/32 [00:04<00:02,  4.48it/s]
(22/65): Calibrating:  72%|███████▏  | 23/32 [00:04<00:02,  4.48it/s]
(22/65): Calibrating:  75%|███████▌  | 24/32 [00:05<00:01,  4.48it/s]
(22/65): Calibrating:  78%|███████▊  | 25/32 [00:05<00:01,  4.48it/s]
(22/65): Calibrating:  81%|████████▏ | 26/32 [00:05<00:01,  4.48it/s]
(22/65): Calibrating:  84%|████████▍ | 27/32 [00:05<00:01,  4.48it/s]
(22/65): Calibrating:  88%|████████▊ | 28/32 [00:06<00:00,  4.48it/s]
(22/65): Calibrating:  91%|█████████ | 29/32 [00:06<00:00,  4.48it/s]
(22/65): Calibrating:  94%|█████████▍| 30/32 [00:06<00:00,  4.48it/s]
(22/65): Calibrating:  97%|█████████▋| 31/32 [00:06<00:00,  4.49it/s]
(22/65): Calibrating: 100%|██████████| 32/32 [00:06<00:00,  4.48it/s]
(22/65): Calibrating: 100%|██████████| 32/32 [00:06<00:00,  4.60it/s]
2026-09-11T06:11:17.3858 | compress_module_list | INFO - Quantizing model.language_model.layers.20.mlp.gate_proj using 128 samples
2026-09-11T06:11:18.8468 | GPTQ | METRIC - time 1.46s
2026-09-11T06:11:18.8469 | GPTQ | METRIC - error 16825.96
2026-09-11T06:11:18.8473 | GPTQ | METRIC - Accelerator 0 | usage: 68.24% | total memory: 47.8 Gb
2026-09-11T06:11:18.8475 | GPTQ | METRIC - Accelerator 1 | usage: 61.54% | total memory: 47.8 Gb
2026-09-11T06:11:18.8481 | compress_module_list | INFO - Quantizing model.language_model.layers.20.mlp.up_proj using 128 samples
2026-09-11T06:11:20.3410 | GPTQ | METRIC - time 1.49s
2026-09-11T06:11:20.3412 | GPTQ | METRIC - error 15670.50
2026-09-11T06:11:20.3415 | GPTQ | METRIC - Accelerator 0 | usage: 68.24% | total memory: 47.8 Gb
2026-09-11T06:11:20.3417 | GPTQ | METRIC - Accelerator 1 | usage: 61.54% | total memory: 47.8 Gb
2026-09-11T06:11:20.3424 | compress_module_list | INFO - Quantizing model.language_model.layers.20.mlp.down_proj using 128 samples
2026-09-11T06:11:25.8028 | GPTQ | METRIC - time 5.46s
2026-09-11T06:11:25.8030 | GPTQ | METRIC - error 783.73
2026-09-11T06:11:25.8033 | GPTQ | METRIC - Accelerator 0 | usage: 68.24% | total memory: 47.8 Gb
2026-09-11T06:11:25.8035 | GPTQ | METRIC - Accelerator 1 | usage: 61.54% | total memory: 47.8 Gb

(22/65): Propagating:   0%|          | 0/32 [00:00<?, ?it/s]
(22/65): Propagating:   3%|▎         | 1/32 [00:00<00:04,  6.41it/s]
(22/65): Propagating:   6%|▋         | 2/32 [00:00<00:04,  6.38it/s]
(22/65): Propagating:   9%|▉         | 3/32 [00:00<00:04,  6.38it/s]
(22/65): Propagating:  12%|█▎        | 4/32 [00:00<00:04,  6.38it/s]
(22/65): Propagating:  16%|█▌        | 5/32 [00:00<00:04,  6.37it/s]
(22/65): Propagating:  19%|█▉        | 6/32 [00:00<00:04,  6.37it/s]
(22/65): Propagating:  22%|██▏       | 7/32 [00:01<00:03,  6.36it/s]
(22/65): Propagating:  25%|██▌       | 8/32 [00:01<00:03,  6.33it/s]
(22/65): Propagating:  28%|██▊       | 9/32 [00:01<00:03,  6.34it/s]
(22/65): Propagating:  31%|███▏      | 10/32 [00:01<00:03,  6.34it/s]
(22/65): Propagating:  34%|███▍      | 11/32 [00:01<00:03,  6.36it/s]
(22/65): Propagating:  38%|███▊      | 12/32 [00:01<00:03,  6.36it/s]
(22/65): Propagating:  41%|████      | 13/32 [00:02<00:02,  6.36it/s]
(22/65): Propagating:  44%|████▍     | 14/32 [00:02<00:02,  6.36it/s]
(22/65): Propagating:  47%|████▋     | 15/32 [00:02<00:02,  6.37it/s]
(22/65): Propagating:  50%|█████     | 16/32 [00:02<00:02,  6.37it/s]
(22/65): Propagating:  53%|█████▎    | 17/32 [00:02<00:02,  6.38it/s]
(22/65): Propagating:  56%|█████▋    | 18/32 [00:02<00:02,  6.39it/s]
(22/65): Propagating:  59%|█████▉    | 19/32 [00:02<00:02,  6.39it/s]
(22/65): Propagating:  62%|██████▎   | 20/32 [00:03<00:01,  6.38it/s]
(22/65): Propagating:  66%|██████▌   | 21/32 [00:03<00:01,  6.38it/s]
(22/65): Propagating:  69%|██████▉   | 22/32 [00:03<00:01,  6.37it/s]
(22/65): Propagating:  72%|███████▏  | 23/32 [00:03<00:01,  6.38it/s]
(22/65): Propagating:  75%|███████▌  | 24/32 [00:03<00:01,  6.38it/s]
(22/65): Propagating:  78%|███████▊  | 25/32 [00:03<00:01,  6.38it/s]
(22/65): Propagating:  81%|████████▏ | 26/32 [00:04<00:00,  6.39it/s]
(22/65): Propagating:  84%|████████▍ | 27/32 [00:04<00:00,  6.39it/s]
(22/65): Propagating:  88%|████████▊ | 28/32 [00:04<00:00,  6.40it/s]
(22/65): Propagating:  91%|█████████ | 29/32 [00:04<00:00,  6.40it/s]
(22/65): Propagating:  94%|█████████▍| 30/32 [00:04<00:00,  6.40it/s]
(22/65): Propagating:  97%|█████████▋| 31/32 [00:04<00:00,  6.40it/s]
(22/65): Propagating: 100%|██████████| 32/32 [00:05<00:00,  6.39it/s]
(22/65): Propagating: 100%|██████████| 32/32 [00:05<00:00,  6.38it/s]

(23/65): Calibrating:   0%|          | 0/32 [00:00<?, ?it/s]
(23/65): Calibrating:   6%|▋         | 2/32 [00:00<00:03,  7.98it/s]
(23/65): Calibrating:   9%|▉         | 3/32 [00:00<00:04,  6.04it/s]
(23/65): Calibrating:  12%|█▎        | 4/32 [00:00<00:05,  5.36it/s]
(23/65): Calibrating:  16%|█▌        | 5/32 [00:00<00:05,  5.03it/s]
(23/65): Calibrating:  19%|█▉        | 6/32 [00:01<00:05,  4.84it/s]
(23/65): Calibrating:  22%|██▏       | 7/32 [00:01<00:05,  4.73it/s]
(23/65): Calibrating:  25%|██▌       | 8/32 [00:01<00:05,  4.65it/s]
(23/65): Calibrating:  28%|██▊       | 9/32 [00:01<00:05,  4.60it/s]
(23/65): Calibrating:  31%|███▏      | 10/32 [00:02<00:04,  4.57it/s]
(23/65): Calibrating:  34%|███▍      | 11/32 [00:02<00:04,  4.55it/s]
(23/65): Calibrating:  38%|███▊      | 12/32 [00:02<00:04,  4.53it/s]
(23/65): Calibrating:  41%|████      | 13/32 [00:02<00:04,  4.52it/s]
(23/65): Calibrating:  44%|████▍     | 14/32 [00:02<00:03,  4.51it/s]
(23/65): Calibrating:  47%|████▋     | 15/32 [00:03<00:03,  4.50it/s]
(23/65): Calibrating:  50%|█████     | 16/32 [00:03<00:03,  4.50it/s]
(23/65): Calibrating:  53%|█████▎    | 17/32 [00:03<00:03,  4.49it/s]
(23/65): Calibrating:  56%|█████▋    | 18/32 [00:03<00:03,  4.50it/s]
(23/65): Calibrating:  59%|█████▉    | 19/32 [00:04<00:02,  4.49it/s]
(23/65): Calibrating:  62%|██████▎   | 20/32 [00:04<00:02,  4.49it/s]
(23/65): Calibrating:  66%|██████▌   | 21/32 [00:04<00:02,  4.49it/s]
(23/65): Calibrating:  69%|██████▉   | 22/32 [00:04<00:02,  4.49it/s]
(23/65): Calibrating:  72%|███████▏  | 23/32 [00:04<00:02,  4.48it/s]
(23/65): Calibrating:  75%|███████▌  | 24/32 [00:05<00:01,  4.48it/s]
(23/65): Calibrating:  78%|███████▊  | 25/32 [00:05<00:01,  4.49it/s]
(23/65): Calibrating:  81%|████████▏ | 26/32 [00:05<00:01,  4.49it/s]
(23/65): Calibrating:  84%|████████▍ | 27/32 [00:05<00:01,  4.49it/s]
(23/65): Calibrating:  88%|████████▊ | 28/32 [00:06<00:00,  4.50it/s]
(23/65): Calibrating:  91%|█████████ | 29/32 [00:06<00:00,  4.49it/s]
(23/65): Calibrating:  94%|█████████▍| 30/32 [00:06<00:00,  4.49it/s]
(23/65): Calibrating:  97%|█████████▋| 31/32 [00:06<00:00,  4.49it/s]
(23/65): Calibrating: 100%|██████████| 32/32 [00:06<00:00,  4.49it/s]
(23/65): Calibrating: 100%|██████████| 32/32 [00:06<00:00,  4.62it/s]
2026-09-11T06:11:37.9491 | compress_module_list | INFO - Quantizing model.language_model.layers.21.mlp.gate_proj using 128 samples
2026-09-11T06:11:39.4179 | GPTQ | METRIC - time 1.47s
2026-09-11T06:11:39.4180 | GPTQ | METRIC - error 18462.14
2026-09-11T06:11:39.4184 | GPTQ | METRIC - Accelerator 0 | usage: 68.24% | total memory: 47.8 Gb
2026-09-11T06:11:39.4186 | GPTQ | METRIC - Accelerator 1 | usage: 61.54% | total memory: 47.8 Gb
2026-09-11T06:11:39.4192 | compress_module_list | INFO - Quantizing model.language_model.layers.21.mlp.up_proj using 128 samples
2026-09-11T06:11:40.8816 | GPTQ | METRIC - time 1.46s
2026-09-11T06:11:40.8818 | GPTQ | METRIC - error 17290.35
2026-09-11T06:11:40.8821 | GPTQ | METRIC - Accelerator 0 | usage: 68.24% | total memory: 47.8 Gb
2026-09-11T06:11:40.8824 | GPTQ | METRIC - Accelerator 1 | usage: 61.54% | total memory: 47.8 Gb
2026-09-11T06:11:40.8830 | compress_module_list | INFO - Quantizing model.language_model.layers.21.mlp.down_proj using 128 samples
2026-09-11T06:11:46.3395 | GPTQ | METRIC - time 5.46s
2026-09-11T06:11:46.3396 | GPTQ | METRIC - error 838.66
2026-09-11T06:11:46.3400 | GPTQ | METRIC - Accelerator 0 | usage: 68.24% | total memory: 47.8 Gb
2026-09-11T06:11:46.3402 | GPTQ | METRIC - Accelerator 1 | usage: 61.54% | total memory: 47.8 Gb

(23/65): Propagating:   0%|          | 0/32 [00:00<?, ?it/s]
(23/65): Propagating:   3%|▎         | 1/32 [00:00<00:04,  6.41it/s]
(23/65): Propagating:   6%|▋         | 2/32 [00:00<00:04,  6.41it/s]
(23/65): Propagating:   9%|▉         | 3/32 [00:00<00:04,  6.39it/s]
(23/65): Propagating:  12%|█▎        | 4/32 [00:00<00:04,  6.39it/s]
(23/65): Propagating:  16%|█▌        | 5/32 [00:00<00:04,  6.38it/s]
(23/65): Propagating:  19%|█▉        | 6/32 [00:00<00:04,  6.38it/s]
(23/65): Propagating:  22%|██▏       | 7/32 [00:01<00:03,  6.39it/s]
(23/65): Propagating:  25%|██▌       | 8/32 [00:01<00:03,  6.37it/s]
(23/65): Propagating:  28%|██▊       | 9/32 [00:01<00:03,  6.32it/s]
(23/65): Propagating:  31%|███▏      | 10/32 [00:01<00:03,  6.33it/s]
(23/65): Propagating:  34%|███▍      | 11/32 [00:01<00:03,  6.32it/s]
(23/65): Propagating:  38%|███▊      | 12/32 [00:01<00:03,  6.31it/s]
(23/65): Propagating:  41%|████      | 13/32 [00:02<00:03,  6.33it/s]
(23/65): Propagating:  44%|████▍     | 14/32 [00:02<00:02,  6.33it/s]
(23/65): Propagating:  47%|████▋     | 15/32 [00:02<00:02,  6.34it/s]
(23/65): Propagating:  50%|█████     | 16/32 [00:02<00:02,  6.28it/s]
(23/65): Propagating:  53%|█████▎    | 17/32 [00:02<00:02,  6.27it/s]
(23/65): Propagating:  56%|█████▋    | 18/32 [00:02<00:02,  6.30it/s]
(23/65): Propagating:  59%|█████▉    | 19/32 [00:02<00:02,  6.34it/s]
(23/65): Propagating:  62%|██████▎   | 20/32 [00:03<00:01,  6.35it/s]
(23/65): Propagating:  66%|██████▌   | 21/32 [00:03<00:01,  6.36it/s]
(23/65): Propagating:  69%|██████▉   | 22/32 [00:03<00:01,  6.36it/s]
(23/65): Propagating:  72%|███████▏  | 23/32 [00:03<00:01,  6.37it/s]
(23/65): Propagating:  75%|███████▌  | 24/32 [00:03<00:01,  6.38it/s]
(23/65): Propagating:  78%|███████▊  | 25/32 [00:03<00:01,  6.38it/s]
(23/65): Propagating:  81%|████████▏ | 26/32 [00:04<00:00,  6.37it/s]
(23/65): Propagating:  84%|████████▍ | 27/32 [00:04<00:00,  6.37it/s]
(23/65): Propagating:  88%|████████▊ | 28/32 [00:04<00:00,  6.34it/s]
(23/65): Propagating:  91%|█████████ | 29/32 [00:04<00:00,  6.33it/s]
(23/65): Propagating:  94%|█████████▍| 30/32 [00:04<00:00,  6.34it/s]
(23/65): Propagating:  97%|█████████▋| 31/32 [00:04<00:00,  6.36it/s]
(23/65): Propagating: 100%|██████████| 32/32 [00:05<00:00,  6.37it/s]
(23/65): Propagating: 100%|██████████| 32/32 [00:05<00:00,  6.35it/s]

(24/65): Calibrating:   0%|          | 0/32 [00:00<?, ?it/s]
(24/65): Calibrating:   6%|▋         | 2/32 [00:00<00:03,  7.96it/s]
(24/65): Calibrating:   9%|▉         | 3/32 [00:00<00:04,  6.02it/s]
(24/65): Calibrating:  12%|█▎        | 4/32 [00:00<00:05,  5.33it/s]
(24/65): Calibrating:  16%|█▌        | 5/32 [00:00<00:05,  4.99it/s]
(24/65): Calibrating:  19%|█▉        | 6/32 [00:01<00:05,  4.81it/s]
(24/65): Calibrating:  22%|██▏       | 7/32 [00:01<00:05,  4.70it/s]
(24/65): Calibrating:  25%|██▌       | 8/32 [00:01<00:05,  4.63it/s]
(24/65): Calibrating:  28%|██▊       | 9/32 [00:01<00:05,  4.58it/s]
(24/65): Calibrating:  31%|███▏      | 10/32 [00:02<00:04,  4.55it/s]
(24/65): Calibrating:  34%|███▍      | 11/32 [00:02<00:04,  4.51it/s]
(24/65): Calibrating:  38%|███▊      | 12/32 [00:02<00:04,  4.51it/s]
(24/65): Calibrating:  41%|████      | 13/32 [00:02<00:04,  4.50it/s]
(24/65): Calibrating:  44%|████▍     | 14/32 [00:02<00:04,  4.49it/s]
(24/65): Calibrating:  47%|████▋     | 15/32 [00:03<00:03,  4.49it/s]
(24/65): Calibrating:  50%|█████     | 16/32 [00:03<00:03,  4.48it/s]
(24/65): Calibrating:  53%|█████▎    | 17/32 [00:03<00:03,  4.48it/s]
(24/65): Calibrating:  56%|█████▋    | 18/32 [00:03<00:03,  4.48it/s]
(24/65): Calibrating:  59%|█████▉    | 19/32 [00:04<00:02,  4.48it/s]
(24/65): Calibrating:  62%|██████▎   | 20/32 [00:04<00:02,  4.48it/s]
(24/65): Calibrating:  66%|██████▌   | 21/32 [00:04<00:02,  4.48it/s]
(24/65): Calibrating:  69%|██████▉   | 22/32 [00:04<00:02,  4.48it/s]
(24/65): Calibrating:  72%|███████▏  | 23/32 [00:04<00:02,  4.47it/s]
(24/65): Calibrating:  75%|███████▌  | 24/32 [00:05<00:01,  4.47it/s]
(24/65): Calibrating:  78%|███████▊  | 25/32 [00:05<00:01,  4.48it/s]
(24/65): Calibrating:  81%|████████▏ | 26/32 [00:05<00:01,  4.48it/s]
(24/65): Calibrating:  84%|████████▍ | 27/32 [00:05<00:01,  4.48it/s]
(24/65): Calibrating:  88%|████████▊ | 28/32 [00:06<00:00,  4.48it/s]
(24/65): Calibrating:  91%|█████████ | 29/32 [00:06<00:00,  4.48it/s]
(24/65): Calibrating:  94%|█████████▍| 30/32 [00:06<00:00,  4.48it/s]
(24/65): Calibrating:  97%|█████████▋| 31/32 [00:06<00:00,  4.48it/s]
(24/65): Calibrating: 100%|██████████| 32/32 [00:06<00:00,  4.48it/s]
(24/65): Calibrating: 100%|██████████| 32/32 [00:06<00:00,  4.60it/s]
2026-09-11T06:11:58.5295 | compress_module_list | INFO - Quantizing model.language_model.layers.22.mlp.gate_proj using 128 samples
2026-09-11T06:11:59.9764 | GPTQ | METRIC - time 1.45s
2026-09-11T06:11:59.9766 | GPTQ | METRIC - error 21575.88
2026-09-11T06:11:59.9769 | GPTQ | METRIC - Accelerator 0 | usage: 68.24% | total memory: 47.8 Gb
2026-09-11T06:11:59.9771 | GPTQ | METRIC - Accelerator 1 | usage: 61.54% | total memory: 47.8 Gb
2026-09-11T06:11:59.9778 | compress_module_list | INFO - Quantizing model.language_model.layers.22.mlp.up_proj using 128 samples
2026-09-11T06:12:01.4272 | GPTQ | METRIC - time 1.45s
2026-09-11T06:12:01.4274 | GPTQ | METRIC - error 19218.71
2026-09-11T06:12:01.4277 | GPTQ | METRIC - Accelerator 0 | usage: 68.24% | total memory: 47.8 Gb
2026-09-11T06:12:01.4279 | GPTQ | METRIC - Accelerator 1 | usage: 61.54% | total memory: 47.8 Gb
2026-09-11T06:12:01.4285 | compress_module_list | INFO - Quantizing model.language_model.layers.22.mlp.down_proj using 128 samples
2026-09-11T06:12:06.8575 | GPTQ | METRIC - time 5.43s
2026-09-11T06:12:06.8577 | GPTQ | METRIC - error 967.88
2026-09-11T06:12:06.8580 | GPTQ | METRIC - Accelerator 0 | usage: 68.24% | total memory: 47.8 Gb
2026-09-11T06:12:06.8582 | GPTQ | METRIC - Accelerator 1 | usage: 61.54% | total memory: 47.8 Gb

(24/65): Propagating:   0%|          | 0/32 [00:00<?, ?it/s]
(24/65): Propagating:   3%|▎         | 1/32 [00:00<00:04,  6.37it/s]
(24/65): Propagating:   6%|▋         | 2/32 [00:00<00:04,  6.38it/s]
(24/65): Propagating:   9%|▉         | 3/32 [00:00<00:04,  6.39it/s]
(24/65): Propagating:  12%|█▎        | 4/32 [00:00<00:04,  6.38it/s]
(24/65): Propagating:  16%|█▌        | 5/32 [00:00<00:04,  6.37it/s]
(24/65): Propagating:  19%|█▉        | 6/32 [00:00<00:04,  6.37it/s]
(24/65): Propagating:  22%|██▏       | 7/32 [00:01<00:03,  6.38it/s]
(24/65): Propagating:  25%|██▌       | 8/32 [00:01<00:03,  6.37it/s]
(24/65): Propagating:  28%|██▊       | 9/32 [00:01<00:03,  6.36it/s]
(24/65): Propagating:  31%|███▏      | 10/32 [00:01<00:03,  6.32it/s]
(24/65): Propagating:  34%|███▍      | 11/32 [00:01<00:03,  6.32it/s]
(24/65): Propagating:  38%|███▊      | 12/32 [00:01<00:03,  6.33it/s]
(24/65): Propagating:  41%|████      | 13/32 [00:02<00:02,  6.35it/s]
(24/65): Propagating:  44%|████▍     | 14/32 [00:02<00:02,  6.35it/s]
(24/65): Propagating:  47%|████▋     | 15/32 [00:02<00:02,  6.36it/s]
(24/65): Propagating:  50%|█████     | 16/32 [00:02<00:02,  6.36it/s]
(24/65): Propagating:  53%|█████▎    | 17/32 [00:02<00:02,  6.36it/s]
(24/65): Propagating:  56%|█████▋    | 18/32 [00:02<00:02,  6.35it/s]
(24/65): Propagating:  59%|█████▉    | 19/32 [00:02<00:02,  6.37it/s]
(24/65): Propagating:  62%|██████▎   | 20/32 [00:03<00:01,  6.38it/s]
(24/65): Propagating:  66%|██████▌   | 21/32 [00:03<00:01,  6.38it/s]
(24/65): Propagating:  69%|██████▉   | 22/32 [00:03<00:01,  6.37it/s]
(24/65): Propagating:  72%|███████▏  | 23/32 [00:03<00:01,  6.37it/s]
(24/65): Propagating:  75%|███████▌  | 24/32 [00:03<00:01,  6.37it/s]
(24/65): Propagating:  78%|███████▊  | 25/32 [00:03<00:01,  6.38it/s]
(24/65): Propagating:  81%|████████▏ | 26/32 [00:04<00:00,  6.37it/s]
(24/65): Propagating:  84%|████████▍ | 27/32 [00:04<00:00,  6.37it/s]
(24/65): Propagating:  88%|████████▊ | 28/32 [00:04<00:00,  6.38it/s]
(24/65): Propagating:  91%|█████████ | 29/32 [00:04<00:00,  6.38it/s]
(24/65): Propagating:  94%|█████████▍| 30/32 [00:04<00:00,  6.36it/s]
(24/65): Propagating:  97%|█████████▋| 31/32 [00:04<00:00,  6.37it/s]
(24/65): Propagating: 100%|██████████| 32/32 [00:05<00:00,  6.38it/s]
(24/65): Propagating: 100%|██████████| 32/32 [00:05<00:00,  6.37it/s]

(25/65): Calibrating:   0%|          | 0/32 [00:00<?, ?it/s]
(25/65): Calibrating:   6%|▋         | 2/32 [00:00<00:03,  7.96it/s]
(25/65): Calibrating:   9%|▉         | 3/32 [00:00<00:04,  5.82it/s]
(25/65): Calibrating:  12%|█▎        | 4/32 [00:00<00:05,  5.11it/s]
(25/65): Calibrating:  16%|█▌        | 5/32 [00:00<00:05,  4.77it/s]
(25/65): Calibrating:  19%|█▉        | 6/32 [00:01<00:05,  4.57it/s]
(25/65): Calibrating:  22%|██▏       | 7/32 [00:01<00:05,  4.46it/s]
(25/65): Calibrating:  25%|██▌       | 8/32 [00:01<00:05,  4.38it/s]
(25/65): Calibrating:  28%|██▊       | 9/32 [00:01<00:05,  4.34it/s]
(25/65): Calibrating:  31%|███▏      | 10/32 [00:02<00:05,  4.30it/s]
(25/65): Calibrating:  34%|███▍      | 11/32 [00:02<00:04,  4.28it/s]
(25/65): Calibrating:  38%|███▊      | 12/32 [00:02<00:04,  4.26it/s]
(25/65): Calibrating:  41%|████      | 13/32 [00:02<00:04,  4.25it/s]
(25/65): Calibrating:  44%|████▍     | 14/32 [00:03<00:04,  4.24it/s]
(25/65): Calibrating:  47%|████▋     | 15/32 [00:03<00:04,  4.24it/s]
(25/65): Calibrating:  50%|█████     | 16/32 [00:03<00:03,  4.24it/s]
(25/65): Calibrating:  53%|█████▎    | 17/32 [00:03<00:03,  4.23it/s]
(25/65): Calibrating:  56%|█████▋    | 18/32 [00:04<00:03,  4.23it/s]
(25/65): Calibrating:  59%|█████▉    | 19/32 [00:04<00:03,  4.23it/s]
(25/65): Calibrating:  62%|██████▎   | 20/32 [00:04<00:02,  4.23it/s]
(25/65): Calibrating:  66%|██████▌   | 21/32 [00:04<00:02,  4.23it/s]
(25/65): Calibrating:  69%|██████▉   | 22/32 [00:04<00:02,  4.23it/s]
(25/65): Calibrating:  72%|███████▏  | 23/32 [00:05<00:02,  4.22it/s]
(25/65): Calibrating:  75%|███████▌  | 24/32 [00:05<00:01,  4.22it/s]
(25/65): Calibrating:  78%|███████▊  | 25/32 [00:05<00:01,  4.22it/s]
(25/65): Calibrating:  81%|████████▏ | 26/32 [00:05<00:01,  4.22it/s]
(25/65): Calibrating:  84%|████████▍ | 27/32 [00:06<00:01,  4.22it/s]
(25/65): Calibrating:  88%|████████▊ | 28/32 [00:06<00:00,  4.22it/s]
(25/65): Calibrating:  91%|█████████ | 29/32 [00:06<00:00,  4.22it/s]
(25/65): Calibrating:  94%|█████████▍| 30/32 [00:06<00:00,  4.22it/s]
(25/65): Calibrating:  97%|█████████▋| 31/32 [00:07<00:00,  4.22it/s]
(25/65): Calibrating: 100%|██████████| 32/32 [00:07<00:00,  4.22it/s]
(25/65): Calibrating: 100%|██████████| 32/32 [00:07<00:00,  4.35it/s]
2026-09-11T06:12:19.4623 | compress_module_list | INFO - Quantizing model.language_model.layers.23.self_attn.q_proj using 128 samples
2026-09-11T06:12:20.9015 | GPTQ | METRIC - time 1.44s
2026-09-11T06:12:20.9016 | GPTQ | METRIC - error 33179.89
2026-09-11T06:12:20.9020 | GPTQ | METRIC - Accelerator 0 | usage: 68.24% | total memory: 47.8 Gb
2026-09-11T06:12:20.9022 | GPTQ | METRIC - Accelerator 1 | usage: 61.54% | total memory: 47.8 Gb
2026-09-11T06:12:20.9027 | compress_module_list | INFO - Quantizing model.language_model.layers.23.self_attn.k_proj using 128 samples
2026-09-11T06:12:22.3385 | GPTQ | METRIC - time 1.44s
2026-09-11T06:12:22.3387 | GPTQ | METRIC - error 3508.07
2026-09-11T06:12:22.3390 | GPTQ | METRIC - Accelerator 0 | usage: 68.24% | total memory: 47.8 Gb
2026-09-11T06:12:22.3392 | GPTQ | METRIC - Accelerator 1 | usage: 61.54% | total memory: 47.8 Gb
2026-09-11T06:12:22.3394 | compress_module_list | INFO - Quantizing model.language_model.layers.23.self_attn.v_proj using 128 samples
2026-09-11T06:12:23.7409 | GPTQ | METRIC - time 1.40s
2026-09-11T06:12:23.7410 | GPTQ | METRIC - error 3649.53
2026-09-11T06:12:23.7414 | GPTQ | METRIC - Accelerator 0 | usage: 68.24% | total memory: 47.8 Gb
2026-09-11T06:12:23.7416 | GPTQ | METRIC - Accelerator 1 | usage: 61.54% | total memory: 47.8 Gb
2026-09-11T06:12:23.7418 | compress_module_list | INFO - Quantizing model.language_model.layers.23.self_attn.o_proj using 128 samples
2026-09-11T06:12:25.4582 | GPTQ | METRIC - time 1.72s
2026-09-11T06:12:25.4584 | GPTQ | METRIC - error 415.88
2026-09-11T06:12:25.4587 | GPTQ | METRIC - Accelerator 0 | usage: 68.24% | total memory: 47.8 Gb
2026-09-11T06:12:25.4589 | GPTQ | METRIC - Accelerator 1 | usage: 61.54% | total memory: 47.8 Gb
2026-09-11T06:12:25.4592 | compress_module_list | INFO - Quantizing model.language_model.layers.23.mlp.gate_proj using 128 samples
2026-09-11T06:12:26.9313 | GPTQ | METRIC - time 1.47s
2026-09-11T06:12:26.9314 | GPTQ | METRIC - error 21912.46
2026-09-11T06:12:26.9318 | GPTQ | METRIC - Accelerator 0 | usage: 68.24% | total memory: 47.8 Gb
2026-09-11T06:12:26.9320 | GPTQ | METRIC - Accelerator 1 | usage: 61.54% | total memory: 47.8 Gb
2026-09-11T06:12:26.9326 | compress_module_list | INFO - Quantizing model.language_model.layers.23.mlp.up_proj using 128 samples
2026-09-11T06:12:28.4438 | GPTQ | METRIC - time 1.51s
2026-09-11T06:12:28.4440 | GPTQ | METRIC - error 20361.98
2026-09-11T06:12:28.4443 | GPTQ | METRIC - Accelerator 0 | usage: 68.24% | total memory: 47.8 Gb
2026-09-11T06:12:28.4445 | GPTQ | METRIC - Accelerator 1 | usage: 61.54% | total memory: 47.8 Gb
2026-09-11T06:12:28.4452 | compress_module_list | INFO - Quantizing model.language_model.layers.23.mlp.down_proj using 128 samples
2026-09-11T06:12:33.9416 | GPTQ | METRIC - time 5.50s
2026-09-11T06:12:33.9417 | GPTQ | METRIC - error 937.62
2026-09-11T06:12:33.9421 | GPTQ | METRIC - Accelerator 0 | usage: 68.24% | total memory: 47.8 Gb
2026-09-11T06:12:33.9423 | GPTQ | METRIC - Accelerator 1 | usage: 61.54% | total memory: 47.8 Gb

(25/65): Propagating:   0%|          | 0/32 [00:00<?, ?it/s]
(25/65): Propagating:   3%|▎         | 1/32 [00:00<00:04,  7.63it/s]
(25/65): Propagating:   6%|▋         | 2/32 [00:00<00:04,  7.37it/s]
(25/65): Propagating:   9%|▉         | 3/32 [00:00<00:03,  7.39it/s]
(25/65): Propagating:  12%|█▎        | 4/32 [00:00<00:03,  7.51it/s]
(25/65): Propagating:  16%|█▌        | 5/32 [00:00<00:03,  7.56it/s]
(25/65): Propagating:  19%|█▉        | 6/32 [00:00<00:03,  7.59it/s]
(25/65): Propagating:  22%|██▏       | 7/32 [00:00<00:03,  7.62it/s]
(25/65): Propagating:  25%|██▌       | 8/32 [00:01<00:03,  7.63it/s]
(25/65): Propagating:  28%|██▊       | 9/32 [00:01<00:03,  7.64it/s]
(25/65): Propagating:  31%|███▏      | 10/32 [00:01<00:02,  7.62it/s]
(25/65): Propagating:  34%|███▍      | 11/32 [00:01<00:02,  7.57it/s]
(25/65): Propagating:  38%|███▊      | 12/32 [00:01<00:02,  7.58it/s]
(25/65): Propagating:  41%|████      | 13/32 [00:01<00:02,  7.59it/s]
(25/65): Propagating:  44%|████▍     | 14/32 [00:01<00:02,  7.61it/s]
(25/65): Propagating:  47%|████▋     | 15/32 [00:01<00:02,  7.63it/s]
(25/65): Propagating:  50%|█████     | 16/32 [00:02<00:02,  7.63it/s]
(25/65): Propagating:  53%|█████▎    | 17/32 [00:02<00:01,  7.62it/s]
(25/65): Propagating:  56%|█████▋    | 18/32 [00:02<00:01,  7.63it/s]
(25/65): Propagating:  59%|█████▉    | 19/32 [00:02<00:01,  7.64it/s]
(25/65): Propagating:  62%|██████▎   | 20/32 [00:02<00:01,  7.65it/s]
(25/65): Propagating:  66%|██████▌   | 21/32 [00:02<00:01,  7.65it/s]
(25/65): Propagating:  69%|██████▉   | 22/32 [00:02<00:01,  7.65it/s]
(25/65): Propagating:  72%|███████▏  | 23/32 [00:03<00:01,  7.65it/s]
(25/65): Propagating:  75%|███████▌  | 24/32 [00:03<00:01,  7.65it/s]
(25/65): Propagating:  78%|███████▊  | 25/32 [00:03<00:00,  7.64it/s]
(25/65): Propagating:  81%|████████▏ | 26/32 [00:03<00:00,  7.66it/s]
(25/65): Propagating:  84%|████████▍ | 27/32 [00:03<00:00,  7.65it/s]
(25/65): Propagating:  88%|████████▊ | 28/32 [00:03<00:00,  7.64it/s]
(25/65): Propagating:  91%|█████████ | 29/32 [00:03<00:00,  7.65it/s]
(25/65): Propagating:  94%|█████████▍| 30/32 [00:03<00:00,  7.65it/s]
(25/65): Propagating:  97%|█████████▋| 31/32 [00:04<00:00,  7.64it/s]
(25/65): Propagating: 100%|██████████| 32/32 [00:04<00:00,  7.64it/s]
(25/65): Propagating: 100%|██████████| 32/32 [00:04<00:00,  7.62it/s]

(26/65): Calibrating:   0%|          | 0/32 [00:00<?, ?it/s]
(26/65): Calibrating:   6%|▋         | 2/32 [00:00<00:03,  7.96it/s]
(26/65): Calibrating:   9%|▉         | 3/32 [00:00<00:04,  6.03it/s]
(26/65): Calibrating:  12%|█▎        | 4/32 [00:00<00:05,  5.34it/s]
(26/65): Calibrating:  16%|█▌        | 5/32 [00:00<00:05,  5.01it/s]
(26/65): Calibrating:  19%|█▉        | 6/32 [00:01<00:05,  4.82it/s]
(26/65): Calibrating:  22%|██▏       | 7/32 [00:01<00:05,  4.71it/s]
(26/65): Calibrating:  25%|██▌       | 8/32 [00:01<00:05,  4.65it/s]
(26/65): Calibrating:  28%|██▊       | 9/32 [00:01<00:04,  4.60it/s]
(26/65): Calibrating:  31%|███▏      | 10/32 [00:02<00:04,  4.57it/s]
(26/65): Calibrating:  34%|███▍      | 11/32 [00:02<00:04,  4.55it/s]
(26/65): Calibrating:  38%|███▊      | 12/32 [00:02<00:04,  4.53it/s]
(26/65): Calibrating:  41%|████      | 13/32 [00:02<00:04,  4.52it/s]
(26/65): Calibrating:  44%|████▍     | 14/32 [00:02<00:03,  4.51it/s]
(26/65): Calibrating:  47%|████▋     | 15/32 [00:03<00:03,  4.50it/s]
(26/65): Calibrating:  50%|█████     | 16/32 [00:03<00:03,  4.50it/s]
(26/65): Calibrating:  53%|█████▎    | 17/32 [00:03<00:03,  4.50it/s]
(26/65): Calibrating:  56%|█████▋    | 18/32 [00:03<00:03,  4.50it/s]
(26/65): Calibrating:  59%|█████▉    | 19/32 [00:04<00:02,  4.49it/s]
(26/65): Calibrating:  62%|██████▎   | 20/32 [00:04<00:02,  4.49it/s]
(26/65): Calibrating:  66%|██████▌   | 21/32 [00:04<00:02,  4.48it/s]
(26/65): Calibrating:  69%|██████▉   | 22/32 [00:04<00:02,  4.48it/s]
(26/65): Calibrating:  72%|███████▏  | 23/32 [00:04<00:02,  4.49it/s]
(26/65): Calibrating:  75%|███████▌  | 24/32 [00:05<00:01,  4.48it/s]
(26/65): Calibrating:  78%|███████▊  | 25/32 [00:05<00:01,  4.49it/s]
(26/65): Calibrating:  81%|████████▏ | 26/32 [00:05<00:01,  4.48it/s]
(26/65): Calibrating:  84%|████████▍ | 27/32 [00:05<00:01,  4.48it/s]
(26/65): Calibrating:  88%|████████▊ | 28/32 [00:06<00:00,  4.48it/s]
(26/65): Calibrating:  91%|█████████ | 29/32 [00:06<00:00,  4.48it/s]
(26/65): Calibrating:  94%|█████████▍| 30/32 [00:06<00:00,  4.49it/s]
(26/65): Calibrating:  97%|█████████▋| 31/32 [00:06<00:00,  4.49it/s]
(26/65): Calibrating: 100%|██████████| 32/32 [00:06<00:00,  4.49it/s]
(26/65): Calibrating: 100%|██████████| 32/32 [00:06<00:00,  4.61it/s]
2026-09-11T06:12:45.2774 | compress_module_list | INFO - Quantizing model.language_model.layers.24.mlp.gate_proj using 128 samples
2026-09-11T06:12:46.7283 | GPTQ | METRIC - time 1.45s
2026-09-11T06:12:46.7285 | GPTQ | METRIC - error 23499.21
2026-09-11T06:12:46.7288 | GPTQ | METRIC - Accelerator 0 | usage: 68.24% | total memory: 47.8 Gb
2026-09-11T06:12:46.7290 | GPTQ | METRIC - Accelerator 1 | usage: 61.54% | total memory: 47.8 Gb
2026-09-11T06:12:46.7297 | compress_module_list | INFO - Quantizing model.language_model.layers.24.mlp.up_proj using 128 samples
2026-09-11T06:12:48.1779 | GPTQ | METRIC - time 1.45s
2026-09-11T06:12:48.1781 | GPTQ | METRIC - error 21853.61
2026-09-11T06:12:48.1786 | GPTQ | METRIC - Accelerator 0 | usage: 68.24% | total memory: 47.8 Gb
2026-09-11T06:12:48.1789 | GPTQ | METRIC - Accelerator 1 | usage: 61.54% | total memory: 47.8 Gb
2026-09-11T06:12:48.1796 | compress_module_list | INFO - Quantizing model.language_model.layers.24.mlp.down_proj using 128 samples
2026-09-11T06:12:53.6099 | GPTQ | METRIC - time 5.43s
2026-09-11T06:12:53.6101 | GPTQ | METRIC - error 1040.50
2026-09-11T06:12:53.6104 | GPTQ | METRIC - Accelerator 0 | usage: 68.24% | total memory: 47.8 Gb
2026-09-11T06:12:53.6106 | GPTQ | METRIC - Accelerator 1 | usage: 61.54% | total memory: 47.8 Gb

(26/65): Propagating:   0%|          | 0/32 [00:00<?, ?it/s]
(26/65): Propagating:   3%|▎         | 1/32 [00:00<00:05,  6.13it/s]
(26/65): Propagating:   6%|▋         | 2/32 [00:00<00:04,  6.24it/s]
(26/65): Propagating:   9%|▉         | 3/32 [00:00<00:04,  6.25it/s]
(26/65): Propagating:  12%|█▎        | 4/32 [00:00<00:04,  6.29it/s]
(26/65): Propagating:  16%|█▌        | 5/32 [00:00<00:04,  6.32it/s]
(26/65): Propagating:  19%|█▉        | 6/32 [00:00<00:04,  6.34it/s]
(26/65): Propagating:  22%|██▏       | 7/32 [00:01<00:03,  6.35it/s]
(26/65): Propagating:  25%|██▌       | 8/32 [00:01<00:03,  6.35it/s]
(26/65): Propagating:  28%|██▊       | 9/32 [00:01<00:03,  6.36it/s]
(26/65): Propagating:  31%|███▏      | 10/32 [00:01<00:03,  6.37it/s]
(26/65): Propagating:  34%|███▍      | 11/32 [00:01<00:03,  6.36it/s]
(26/65): Propagating:  38%|███▊      | 12/32 [00:01<00:03,  6.31it/s]
(26/65): Propagating:  41%|████      | 13/32 [00:02<00:03,  6.31it/s]
(26/65): Propagating:  44%|████▍     | 14/32 [00:02<00:02,  6.32it/s]
(26/65): Propagating:  47%|████▋     | 15/32 [00:02<00:02,  6.29it/s]
(26/65): Propagating:  50%|█████     | 16/32 [00:02<00:02,  6.30it/s]
(26/65): Propagating:  53%|█████▎    | 17/32 [00:02<00:02,  6.29it/s]
(26/65): Propagating:  56%|█████▋    | 18/32 [00:02<00:02,  6.31it/s]
(26/65): Propagating:  59%|█████▉    | 19/32 [00:03<00:02,  6.31it/s]
(26/65): Propagating:  62%|██████▎   | 20/32 [00:03<00:01,  6.33it/s]
(26/65): Propagating:  66%|██████▌   | 21/32 [00:03<00:01,  6.35it/s]
(26/65): Propagating:  69%|██████▉   | 22/32 [00:03<00:01,  6.37it/s]
(26/65): Propagating:  72%|███████▏  | 23/32 [00:03<00:01,  6.37it/s]
(26/65): Propagating:  75%|███████▌  | 24/32 [00:03<00:01,  6.37it/s]
(26/65): Propagating:  78%|███████▊  | 25/32 [00:03<00:01,  6.38it/s]
(26/65): Propagating:  81%|████████▏ | 26/32 [00:04<00:00,  6.37it/s]
(26/65): Propagating:  84%|████████▍ | 27/32 [00:04<00:00,  6.38it/s]
(26/65): Propagating:  88%|████████▊ | 28/32 [00:04<00:00,  6.37it/s]
(26/65): Propagating:  91%|█████████ | 29/32 [00:04<00:00,  6.37it/s]
(26/65): Propagating:  94%|█████████▍| 30/32 [00:04<00:00,  6.38it/s]
(26/65): Propagating:  97%|█████████▋| 31/32 [00:04<00:00,  6.38it/s]
(26/65): Propagating: 100%|██████████| 32/32 [00:05<00:00,  6.36it/s]
(26/65): Propagating: 100%|██████████| 32/32 [00:05<00:00,  6.34it/s]

(27/65): Calibrating:   0%|          | 0/32 [00:00<?, ?it/s]
(27/65): Calibrating:   6%|▋         | 2/32 [00:00<00:03,  7.93it/s]
(27/65): Calibrating:   9%|▉         | 3/32 [00:00<00:04,  6.00it/s]
(27/65): Calibrating:  12%|█▎        | 4/32 [00:00<00:05,  5.32it/s]
(27/65): Calibrating:  16%|█▌        | 5/32 [00:00<00:05,  4.99it/s]
(27/65): Calibrating:  19%|█▉        | 6/32 [00:01<00:05,  4.81it/s]
(27/65): Calibrating:  22%|██▏       | 7/32 [00:01<00:05,  4.71it/s]
(27/65): Calibrating:  25%|██▌       | 8/32 [00:01<00:05,  4.64it/s]
(27/65): Calibrating:  28%|██▊       | 9/32 [00:01<00:05,  4.59it/s]
(27/65): Calibrating:  31%|███▏      | 10/32 [00:02<00:04,  4.56it/s]
(27/65): Calibrating:  34%|███▍      | 11/32 [00:02<00:04,  4.54it/s]
(27/65): Calibrating:  38%|███▊      | 12/32 [00:02<00:04,  4.52it/s]
(27/65): Calibrating:  41%|████      | 13/32 [00:02<00:04,  4.49it/s]
(27/65): Calibrating:  44%|████▍     | 14/32 [00:02<00:04,  4.49it/s]
(27/65): Calibrating:  47%|████▋     | 15/32 [00:03<00:03,  4.49it/s]
(27/65): Calibrating:  50%|█████     | 16/32 [00:03<00:03,  4.49it/s]
(27/65): Calibrating:  53%|█████▎    | 17/32 [00:03<00:03,  4.48it/s]
(27/65): Calibrating:  56%|█████▋    | 18/32 [00:03<00:03,  4.48it/s]
(27/65): Calibrating:  59%|█████▉    | 19/32 [00:04<00:02,  4.48it/s]
(27/65): Calibrating:  62%|██████▎   | 20/32 [00:04<00:02,  4.49it/s]
(27/65): Calibrating:  66%|██████▌   | 21/32 [00:04<00:02,  4.48it/s]
(27/65): Calibrating:  69%|██████▉   | 22/32 [00:04<00:02,  4.49it/s]
(27/65): Calibrating:  72%|███████▏  | 23/32 [00:04<00:02,  4.48it/s]
(27/65): Calibrating:  75%|███████▌  | 24/32 [00:05<00:01,  4.48it/s]
(27/65): Calibrating:  78%|███████▊  | 25/32 [00:05<00:01,  4.48it/s]
(27/65): Calibrating:  81%|████████▏ | 26/32 [00:05<00:01,  4.48it/s]
(27/65): Calibrating:  84%|████████▍ | 27/32 [00:05<00:01,  4.49it/s]
(27/65): Calibrating:  88%|████████▊ | 28/32 [00:06<00:00,  4.49it/s]
(27/65): Calibrating:  91%|█████████ | 29/32 [00:06<00:00,  4.48it/s]
(27/65): Calibrating:  94%|█████████▍| 30/32 [00:06<00:00,  4.47it/s]
(27/65): Calibrating:  97%|█████████▋| 31/32 [00:06<00:00,  4.48it/s]
(27/65): Calibrating: 100%|██████████| 32/32 [00:06<00:00,  4.48it/s]
(27/65): Calibrating: 100%|██████████| 32/32 [00:06<00:00,  4.61it/s]
2026-09-11T06:13:05.8056 | compress_module_list | INFO - Quantizing model.language_model.layers.25.mlp.gate_proj using 128 samples
2026-09-11T06:13:07.2670 | GPTQ | METRIC - time 1.46s
2026-09-11T06:13:07.2671 | GPTQ | METRIC - error 22548.51
2026-09-11T06:13:07.2674 | GPTQ | METRIC - Accelerator 0 | usage: 68.24% | total memory: 47.8 Gb
2026-09-11T06:13:07.2676 | GPTQ | METRIC - Accelerator 1 | usage: 61.54% | total memory: 47.8 Gb
2026-09-11T06:13:07.2683 | compress_module_list | INFO - Quantizing model.language_model.layers.25.mlp.up_proj using 128 samples
2026-09-11T06:13:08.7329 | GPTQ | METRIC - time 1.46s
2026-09-11T06:13:08.7331 | GPTQ | METRIC - error 22022.62
2026-09-11T06:13:08.7334 | GPTQ | METRIC - Accelerator 0 | usage: 68.24% | total memory: 47.8 Gb
2026-09-11T06:13:08.7336 | GPTQ | METRIC - Accelerator 1 | usage: 61.54% | total memory: 47.8 Gb
2026-09-11T06:13:08.7343 | compress_module_list | INFO - Quantizing model.language_model.layers.25.mlp.down_proj using 128 samples
2026-09-11T06:13:14.1832 | GPTQ | METRIC - time 5.45s
2026-09-11T06:13:14.1833 | GPTQ | METRIC - error 1044.67
2026-09-11T06:13:14.1836 | GPTQ | METRIC - Accelerator 0 | usage: 68.24% | total memory: 47.8 Gb
2026-09-11T06:13:14.1838 | GPTQ | METRIC - Accelerator 1 | usage: 61.54% | total memory: 47.8 Gb

(27/65): Propagating:   0%|          | 0/32 [00:00<?, ?it/s]
(27/65): Propagating:   3%|▎         | 1/32 [00:00<00:04,  6.40it/s]
(27/65): Propagating:   6%|▋         | 2/32 [00:00<00:04,  6.37it/s]
(27/65): Propagating:   9%|▉         | 3/32 [00:00<00:04,  6.37it/s]
(27/65): Propagating:  12%|█▎        | 4/32 [00:00<00:04,  6.36it/s]
(27/65): Propagating:  16%|█▌        | 5/32 [00:00<00:04,  6.37it/s]
(27/65): Propagating:  19%|█▉        | 6/32 [00:00<00:04,  6.38it/s]
(27/65): Propagating:  22%|██▏       | 7/32 [00:01<00:03,  6.38it/s]
(27/65): Propagating:  25%|██▌       | 8/32 [00:01<00:03,  6.37it/s]
(27/65): Propagating:  28%|██▊       | 9/32 [00:01<00:03,  6.38it/s]
(27/65): Propagating:  31%|███▏      | 10/32 [00:01<00:03,  6.38it/s]
(27/65): Propagating:  34%|███▍      | 11/32 [00:01<00:03,  6.38it/s]
(27/65): Propagating:  38%|███▊      | 12/32 [00:01<00:03,  6.37it/s]
(27/65): Propagating:  41%|████      | 13/32 [00:02<00:02,  6.34it/s]
(27/65): Propagating:  44%|████▍     | 14/32 [00:02<00:02,  6.34it/s]
(27/65): Propagating:  47%|████▋     | 15/32 [00:02<00:02,  6.35it/s]
(27/65): Propagating:  50%|█████     | 16/32 [00:02<00:02,  6.35it/s]
(27/65): Propagating:  53%|█████▎    | 17/32 [00:02<00:02,  6.36it/s]
(27/65): Propagating:  56%|█████▋    | 18/32 [00:02<00:02,  6.35it/s]
(27/65): Propagating:  59%|█████▉    | 19/32 [00:02<00:02,  6.36it/s]
(27/65): Propagating:  62%|██████▎   | 20/32 [00:03<00:01,  6.36it/s]
(27/65): Propagating:  66%|██████▌   | 21/32 [00:03<00:01,  6.37it/s]
(27/65): Propagating:  69%|██████▉   | 22/32 [00:03<00:01,  6.38it/s]
(27/65): Propagating:  72%|███████▏  | 23/32 [00:03<00:01,  6.39it/s]
(27/65): Propagating:  75%|███████▌  | 24/32 [00:03<00:01,  6.39it/s]
(27/65): Propagating:  78%|███████▊  | 25/32 [00:03<00:01,  6.39it/s]
(27/65): Propagating:  81%|████████▏ | 26/32 [00:04<00:00,  6.39it/s]
(27/65): Propagating:  84%|████████▍ | 27/32 [00:04<00:00,  6.39it/s]
(27/65): Propagating:  88%|████████▊ | 28/32 [00:04<00:00,  6.39it/s]
(27/65): Propagating:  91%|█████████ | 29/32 [00:04<00:00,  6.39it/s]
(27/65): Propagating:  94%|█████████▍| 30/32 [00:04<00:00,  6.38it/s]
(27/65): Propagating:  97%|█████████▋| 31/32 [00:04<00:00,  6.39it/s]
(27/65): Propagating: 100%|██████████| 32/32 [00:05<00:00,  6.39it/s]
(27/65): Propagating: 100%|██████████| 32/32 [00:05<00:00,  6.37it/s]

(28/65): Calibrating:   0%|          | 0/32 [00:00<?, ?it/s]
(28/65): Calibrating:   6%|▋         | 2/32 [00:00<00:03,  7.93it/s]
(28/65): Calibrating:   9%|▉         | 3/32 [00:00<00:04,  6.00it/s]
(28/65): Calibrating:  12%|█▎        | 4/32 [00:00<00:05,  5.33it/s]
(28/65): Calibrating:  16%|█▌        | 5/32 [00:00<00:05,  5.00it/s]
(28/65): Calibrating:  19%|█▉        | 6/32 [00:01<00:05,  4.81it/s]
(28/65): Calibrating:  22%|██▏       | 7/32 [00:01<00:05,  4.69it/s]
(28/65): Calibrating:  25%|██▌       | 8/32 [00:01<00:05,  4.63it/s]
(28/65): Calibrating:  28%|██▊       | 9/32 [00:01<00:05,  4.58it/s]
(28/65): Calibrating:  31%|███▏      | 10/32 [00:02<00:04,  4.55it/s]
(28/65): Calibrating:  34%|███▍      | 11/32 [00:02<00:04,  4.53it/s]
(28/65): Calibrating:  38%|███▊      | 12/32 [00:02<00:04,  4.51it/s]
(28/65): Calibrating:  41%|████      | 13/32 [00:02<00:04,  4.50it/s]
(28/65): Calibrating:  44%|████▍     | 14/32 [00:02<00:04,  4.49it/s]
(28/65): Calibrating:  47%|████▋     | 15/32 [00:03<00:03,  4.49it/s]
(28/65): Calibrating:  50%|█████     | 16/32 [00:03<00:03,  4.49it/s]
(28/65): Calibrating:  53%|█████▎    | 17/32 [00:03<00:03,  4.48it/s]
(28/65): Calibrating:  56%|█████▋    | 18/32 [00:03<00:03,  4.48it/s]
(28/65): Calibrating:  59%|█████▉    | 19/32 [00:04<00:02,  4.48it/s]
(28/65): Calibrating:  62%|██████▎   | 20/32 [00:04<00:02,  4.47it/s]
(28/65): Calibrating:  66%|██████▌   | 21/32 [00:04<00:02,  4.48it/s]
(28/65): Calibrating:  69%|██████▉   | 22/32 [00:04<00:02,  4.46it/s]
(28/65): Calibrating:  72%|███████▏  | 23/32 [00:04<00:02,  4.46it/s]
(28/65): Calibrating:  75%|███████▌  | 24/32 [00:05<00:01,  4.46it/s]
(28/65): Calibrating:  78%|███████▊  | 25/32 [00:05<00:01,  4.47it/s]
(28/65): Calibrating:  81%|████████▏ | 26/32 [00:05<00:01,  4.47it/s]
(28/65): Calibrating:  84%|████████▍ | 27/32 [00:05<00:01,  4.47it/s]
(28/65): Calibrating:  88%|████████▊ | 28/32 [00:06<00:00,  4.46it/s]
(28/65): Calibrating:  91%|█████████ | 29/32 [00:06<00:00,  4.46it/s]
(28/65): Calibrating:  94%|█████████▍| 30/32 [00:06<00:00,  4.47it/s]
(28/65): Calibrating:  97%|█████████▋| 31/32 [00:06<00:00,  4.47it/s]
(28/65): Calibrating: 100%|██████████| 32/32 [00:06<00:00,  4.47it/s]
(28/65): Calibrating: 100%|██████████| 32/32 [00:06<00:00,  4.60it/s]
2026-09-11T06:13:26.3650 | compress_module_list | INFO - Quantizing model.language_model.layers.26.mlp.gate_proj using 128 samples
2026-09-11T06:13:27.8225 | GPTQ | METRIC - time 1.46s
2026-09-11T06:13:27.8226 | GPTQ | METRIC - error 20696.11
2026-09-11T06:13:27.8230 | GPTQ | METRIC - Accelerator 0 | usage: 68.24% | total memory: 47.8 Gb
2026-09-11T06:13:27.8232 | GPTQ | METRIC - Accelerator 1 | usage: 61.54% | total memory: 47.8 Gb
2026-09-11T06:13:27.8238 | compress_module_list | INFO - Quantizing model.language_model.layers.26.mlp.up_proj using 128 samples
2026-09-11T06:13:29.2922 | GPTQ | METRIC - time 1.47s
2026-09-11T06:13:29.2923 | GPTQ | METRIC - error 21225.36
2026-09-11T06:13:29.2927 | GPTQ | METRIC - Accelerator 0 | usage: 68.24% | total memory: 47.8 Gb
2026-09-11T06:13:29.2929 | GPTQ | METRIC - Accelerator 1 | usage: 61.54% | total memory: 47.8 Gb
2026-09-11T06:13:29.2935 | compress_module_list | INFO - Quantizing model.language_model.layers.26.mlp.down_proj using 128 samples
2026-09-11T06:13:34.7822 | GPTQ | METRIC - time 5.49s
2026-09-11T06:13:34.7823 | GPTQ | METRIC - error 1092.41
2026-09-11T06:13:34.7827 | GPTQ | METRIC - Accelerator 0 | usage: 68.24% | total memory: 47.8 Gb
2026-09-11T06:13:34.7829 | GPTQ | METRIC - Accelerator 1 | usage: 61.54% | total memory: 47.8 Gb

(28/65): Propagating:   0%|          | 0/32 [00:00<?, ?it/s]
(28/65): Propagating:   3%|▎         | 1/32 [00:00<00:04,  6.23it/s]
(28/65): Propagating:   6%|▋         | 2/32 [00:00<00:04,  6.03it/s]
(28/65): Propagating:   9%|▉         | 3/32 [00:00<00:04,  6.05it/s]
(28/65): Propagating:  12%|█▎        | 4/32 [00:00<00:04,  6.17it/s]
(28/65): Propagating:  16%|█▌        | 5/32 [00:00<00:04,  6.22it/s]
(28/65): Propagating:  19%|█▉        | 6/32 [00:00<00:04,  6.25it/s]
(28/65): Propagating:  22%|██▏       | 7/32 [00:01<00:03,  6.30it/s]
(28/65): Propagating:  25%|██▌       | 8/32 [00:01<00:03,  6.32it/s]
(28/65): Propagating:  28%|██▊       | 9/32 [00:01<00:03,  6.33it/s]
(28/65): Propagating:  31%|███▏      | 10/32 [00:01<00:03,  6.34it/s]
(28/65): Propagating:  34%|███▍      | 11/32 [00:01<00:03,  6.35it/s]
(28/65): Propagating:  38%|███▊      | 12/32 [00:01<00:03,  6.36it/s]
(28/65): Propagating:  41%|████      | 13/32 [00:02<00:02,  6.35it/s]
(28/65): Propagating:  44%|████▍     | 14/32 [00:02<00:02,  6.32it/s]
(28/65): Propagating:  47%|████▋     | 15/32 [00:02<00:02,  6.32it/s]
(28/65): Propagating:  50%|█████     | 16/32 [00:02<00:02,  6.33it/s]
(28/65): Propagating:  53%|█████▎    | 17/32 [00:02<00:02,  6.34it/s]
(28/65): Propagating:  56%|█████▋    | 18/32 [00:02<00:02,  6.35it/s]
(28/65): Propagating:  59%|█████▉    | 19/32 [00:03<00:02,  6.36it/s]
(28/65): Propagating:  62%|██████▎   | 20/32 [00:03<00:01,  6.36it/s]
(28/65): Propagating:  66%|██████▌   | 21/32 [00:03<00:01,  6.37it/s]
(28/65): Propagating:  69%|██████▉   | 22/32 [00:03<00:01,  6.37it/s]
(28/65): Propagating:  72%|███████▏  | 23/32 [00:03<00:01,  6.38it/s]
(28/65): Propagating:  75%|███████▌  | 24/32 [00:03<00:01,  6.38it/s]
(28/65): Propagating:  78%|███████▊  | 25/32 [00:03<00:01,  6.38it/s]
(28/65): Propagating:  81%|████████▏ | 26/32 [00:04<00:00,  6.38it/s]
(28/65): Propagating:  84%|████████▍ | 27/32 [00:04<00:00,  6.38it/s]
(28/65): Propagating:  88%|████████▊ | 28/32 [00:04<00:00,  6.37it/s]
(28/65): Propagating:  91%|█████████ | 29/32 [00:04<00:00,  6.38it/s]
(28/65): Propagating:  94%|█████████▍| 30/32 [00:04<00:00,  6.37it/s]
(28/65): Propagating:  97%|█████████▋| 31/32 [00:04<00:00,  6.37it/s]
(28/65): Propagating: 100%|██████████| 32/32 [00:05<00:00,  6.38it/s]
(28/65): Propagating: 100%|██████████| 32/32 [00:05<00:00,  6.33it/s]

(29/65): Calibrating:   0%|          | 0/32 [00:00<?, ?it/s]
(29/65): Calibrating:   6%|▋         | 2/32 [00:00<00:03,  7.95it/s]
(29/65): Calibrating:   9%|▉         | 3/32 [00:00<00:04,  5.82it/s]
(29/65): Calibrating:  12%|█▎        | 4/32 [00:00<00:05,  5.10it/s]
(29/65): Calibrating:  16%|█▌        | 5/32 [00:00<00:05,  4.75it/s]
(29/65): Calibrating:  19%|█▉        | 6/32 [00:01<00:05,  4.55it/s]
(29/65): Calibrating:  22%|██▏       | 7/32 [00:01<00:05,  4.43it/s]
(29/65): Calibrating:  25%|██▌       | 8/32 [00:01<00:05,  4.36it/s]
(29/65): Calibrating:  28%|██▊       | 9/32 [00:01<00:05,  4.32it/s]
(29/65): Calibrating:  31%|███▏      | 10/32 [00:02<00:05,  4.29it/s]
(29/65): Calibrating:  34%|███▍      | 11/32 [00:02<00:04,  4.27it/s]
(29/65): Calibrating:  38%|███▊      | 12/32 [00:02<00:04,  4.25it/s]
(29/65): Calibrating:  41%|████      | 13/32 [00:02<00:04,  4.24it/s]
(29/65): Calibrating:  44%|████▍     | 14/32 [00:03<00:04,  4.23it/s]
(29/65): Calibrating:  47%|████▋     | 15/32 [00:03<00:04,  4.22it/s]
(29/65): Calibrating:  50%|█████     | 16/32 [00:03<00:03,  4.21it/s]
(29/65): Calibrating:  53%|█████▎    | 17/32 [00:03<00:03,  4.21it/s]
(29/65): Calibrating:  56%|█████▋    | 18/32 [00:04<00:03,  4.21it/s]
(29/65): Calibrating:  59%|█████▉    | 19/32 [00:04<00:03,  4.22it/s]
(29/65): Calibrating:  62%|██████▎   | 20/32 [00:04<00:02,  4.22it/s]
(29/65): Calibrating:  66%|██████▌   | 21/32 [00:04<00:02,  4.21it/s]
(29/65): Calibrating:  69%|██████▉   | 22/32 [00:04<00:02,  4.21it/s]
(29/65): Calibrating:  72%|███████▏  | 23/32 [00:05<00:02,  4.21it/s]
(29/65): Calibrating:  75%|███████▌  | 24/32 [00:05<00:01,  4.20it/s]
(29/65): Calibrating:  78%|███████▊  | 25/32 [00:05<00:01,  4.20it/s]
(29/65): Calibrating:  81%|████████▏ | 26/32 [00:05<00:01,  4.20it/s]
(29/65): Calibrating:  84%|████████▍ | 27/32 [00:06<00:01,  4.21it/s]
(29/65): Calibrating:  88%|████████▊ | 28/32 [00:06<00:00,  4.21it/s]
(29/65): Calibrating:  91%|█████████ | 29/32 [00:06<00:00,  4.21it/s]
(29/65): Calibrating:  94%|█████████▍| 30/32 [00:06<00:00,  4.21it/s]
(29/65): Calibrating:  97%|█████████▋| 31/32 [00:07<00:00,  4.21it/s]
(29/65): Calibrating: 100%|██████████| 32/32 [00:07<00:00,  4.21it/s]
(29/65): Calibrating: 100%|██████████| 32/32 [00:07<00:00,  4.34it/s]
2026-09-11T06:13:47.4416 | compress_module_list | INFO - Quantizing model.language_model.layers.27.self_attn.q_proj using 128 samples
2026-09-11T06:13:48.8800 | GPTQ | METRIC - time 1.44s
2026-09-11T06:13:48.8802 | GPTQ | METRIC - error 30072.61
2026-09-11T06:13:48.8805 | GPTQ | METRIC - Accelerator 0 | usage: 68.24% | total memory: 47.8 Gb
2026-09-11T06:13:48.8807 | GPTQ | METRIC - Accelerator 1 | usage: 61.54% | total memory: 47.8 Gb
2026-09-11T06:13:48.8812 | compress_module_list | INFO - Quantizing model.language_model.layers.27.self_attn.k_proj using 128 samples
2026-09-11T06:13:50.2796 | GPTQ | METRIC - time 1.40s
2026-09-11T06:13:50.2798 | GPTQ | METRIC - error 3261.72
2026-09-11T06:13:50.2801 | GPTQ | METRIC - Accelerator 0 | usage: 68.24% | total memory: 47.8 Gb
2026-09-11T06:13:50.2803 | GPTQ | METRIC - Accelerator 1 | usage: 61.54% | total memory: 47.8 Gb
2026-09-11T06:13:50.2805 | compress_module_list | INFO - Quantizing model.language_model.layers.27.self_attn.v_proj using 128 samples
2026-09-11T06:13:51.6698 | GPTQ | METRIC - time 1.39s
2026-09-11T06:13:51.6699 | GPTQ | METRIC - error 2899.32
2026-09-11T06:13:51.6702 | GPTQ | METRIC - Accelerator 0 | usage: 68.24% | total memory: 47.8 Gb
2026-09-11T06:13:51.6705 | GPTQ | METRIC - Accelerator 1 | usage: 61.54% | total memory: 47.8 Gb
2026-09-11T06:13:51.6706 | compress_module_list | INFO - Quantizing model.language_model.layers.27.self_attn.o_proj using 128 samples
2026-09-11T06:13:53.3767 | GPTQ | METRIC - time 1.71s
2026-09-11T06:13:53.3768 | GPTQ | METRIC - error 772.40
2026-09-11T06:13:53.3772 | GPTQ | METRIC - Accelerator 0 | usage: 68.24% | total memory: 47.8 Gb
2026-09-11T06:13:53.3774 | GPTQ | METRIC - Accelerator 1 | usage: 61.54% | total memory: 47.8 Gb
2026-09-11T06:13:53.3776 | compress_module_list | INFO - Quantizing model.language_model.layers.27.mlp.gate_proj using 128 samples
2026-09-11T06:13:54.8348 | GPTQ | METRIC - time 1.46s
2026-09-11T06:13:54.8350 | GPTQ | METRIC - error 21147.59
2026-09-11T06:13:54.8361 | GPTQ | METRIC - Accelerator 0 | usage: 68.24% | total memory: 47.8 Gb
2026-09-11T06:13:54.8362 | GPTQ | METRIC - Accelerator 1 | usage: 61.54% | total memory: 47.8 Gb
2026-09-11T06:13:54.8369 | compress_module_list | INFO - Quantizing model.language_model.layers.27.mlp.up_proj using 128 samples
2026-09-11T06:13:56.3375 | GPTQ | METRIC - time 1.50s
2026-09-11T06:13:56.3376 | GPTQ | METRIC - error 22430.59
2026-09-11T06:13:56.3380 | GPTQ | METRIC - Accelerator 0 | usage: 68.24% | total memory: 47.8 Gb
2026-09-11T06:13:56.3382 | GPTQ | METRIC - Accelerator 1 | usage: 61.54% | total memory: 47.8 Gb
2026-09-11T06:13:56.3388 | compress_module_list | INFO - Quantizing model.language_model.layers.27.mlp.down_proj using 128 samples
2026-09-11T06:14:01.7962 | GPTQ | METRIC - time 5.46s
2026-09-11T06:14:01.7964 | GPTQ | METRIC - error 1139.95
2026-09-11T06:14:01.7967 | GPTQ | METRIC - Accelerator 0 | usage: 68.24% | total memory: 47.8 Gb
2026-09-11T06:14:01.7969 | GPTQ | METRIC - Accelerator 1 | usage: 61.54% | total memory: 47.8 Gb

(29/65): Propagating:   0%|          | 0/32 [00:00<?, ?it/s]
(29/65): Propagating:   3%|▎         | 1/32 [00:00<00:04,  7.47it/s]
(29/65): Propagating:   6%|▋         | 2/32 [00:00<00:04,  7.40it/s]
(29/65): Propagating:   9%|▉         | 3/32 [00:00<00:03,  7.46it/s]
(29/65): Propagating:  12%|█▎        | 4/32 [00:00<00:03,  7.51it/s]
(29/65): Propagating:  16%|█▌        | 5/32 [00:00<00:03,  7.55it/s]
(29/65): Propagating:  19%|█▉        | 6/32 [00:00<00:03,  7.54it/s]
(29/65): Propagating:  22%|██▏       | 7/32 [00:00<00:03,  7.56it/s]
(29/65): Propagating:  25%|██▌       | 8/32 [00:01<00:03,  7.58it/s]
(29/65): Propagating:  28%|██▊       | 9/32 [00:01<00:03,  7.58it/s]
(29/65): Propagating:  31%|███▏      | 10/32 [00:01<00:02,  7.58it/s]
(29/65): Propagating:  34%|███▍      | 11/32 [00:01<00:02,  7.58it/s]
(29/65): Propagating:  38%|███▊      | 12/32 [00:01<00:02,  7.59it/s]
(29/65): Propagating:  41%|████      | 13/32 [00:01<00:02,  7.59it/s]
(29/65): Propagating:  44%|████▍     | 14/32 [00:01<00:02,  7.59it/s]
(29/65): Propagating:  47%|████▋     | 15/32 [00:01<00:02,  7.54it/s]
(29/65): Propagating:  50%|█████     | 16/32 [00:02<00:02,  7.56it/s]
(29/65): Propagating:  53%|█████▎    | 17/32 [00:02<00:01,  7.55it/s]
(29/65): Propagating:  56%|█████▋    | 18/32 [00:02<00:01,  7.54it/s]
(29/65): Propagating:  59%|█████▉    | 19/32 [00:02<00:01,  7.39it/s]
(29/65): Propagating:  62%|██████▎   | 20/32 [00:02<00:01,  7.39it/s]
(29/65): Propagating:  66%|██████▌   | 21/32 [00:02<00:01,  7.46it/s]
(29/65): Propagating:  69%|██████▉   | 22/32 [00:02<00:01,  7.50it/s]
(29/65): Propagating:  72%|███████▏  | 23/32 [00:03<00:01,  7.49it/s]
(29/65): Propagating:  75%|███████▌  | 24/32 [00:03<00:01,  7.54it/s]
(29/65): Propagating:  78%|███████▊  | 25/32 [00:03<00:00,  7.57it/s]
(29/65): Propagating:  81%|████████▏ | 26/32 [00:03<00:00,  7.59it/s]
(29/65): Propagating:  84%|████████▍ | 27/32 [00:03<00:00,  7.60it/s]
(29/65): Propagating:  88%|████████▊ | 28/32 [00:03<00:00,  7.60it/s]
(29/65): Propagating:  91%|█████████ | 29/32 [00:03<00:00,  7.61it/s]
(29/65): Propagating:  94%|█████████▍| 30/32 [00:03<00:00,  7.61it/s]
(29/65): Propagating:  97%|█████████▋| 31/32 [00:04<00:00,  7.60it/s]
(29/65): Propagating: 100%|██████████| 32/32 [00:04<00:00,  7.61it/s]
(29/65): Propagating: 100%|██████████| 32/32 [00:04<00:00,  7.55it/s]

(30/65): Calibrating:   0%|          | 0/32 [00:00<?, ?it/s]
(30/65): Calibrating:   6%|▋         | 2/32 [00:00<00:03,  7.96it/s]
(30/65): Calibrating:   9%|▉         | 3/32 [00:00<00:04,  6.02it/s]
(30/65): Calibrating:  12%|█▎        | 4/32 [00:00<00:05,  5.33it/s]
(30/65): Calibrating:  16%|█▌        | 5/32 [00:00<00:05,  4.99it/s]
(30/65): Calibrating:  19%|█▉        | 6/32 [00:01<00:05,  4.81it/s]
(30/65): Calibrating:  22%|██▏       | 7/32 [00:01<00:05,  4.70it/s]
(30/65): Calibrating:  25%|██▌       | 8/32 [00:01<00:05,  4.63it/s]
(30/65): Calibrating:  28%|██▊       | 9/32 [00:01<00:05,  4.58it/s]
(30/65): Calibrating:  31%|███▏      | 10/32 [00:02<00:04,  4.55it/s]
(30/65): Calibrating:  34%|███▍      | 11/32 [00:02<00:04,  4.53it/s]
(30/65): Calibrating:  38%|███▊      | 12/32 [00:02<00:04,  4.51it/s]
(30/65): Calibrating:  41%|████      | 13/32 [00:02<00:04,  4.50it/s]
(30/65): Calibrating:  44%|████▍     | 14/32 [00:02<00:04,  4.49it/s]
(30/65): Calibrating:  47%|████▋     | 15/32 [00:03<00:03,  4.49it/s]
(30/65): Calibrating:  50%|█████     | 16/32 [00:03<00:03,  4.49it/s]
(30/65): Calibrating:  53%|█████▎    | 17/32 [00:03<00:03,  4.49it/s]
(30/65): Calibrating:  56%|█████▋    | 18/32 [00:03<00:03,  4.48it/s]
(30/65): Calibrating:  59%|█████▉    | 19/32 [00:04<00:02,  4.48it/s]
(30/65): Calibrating:  62%|██████▎   | 20/32 [00:04<00:02,  4.48it/s]
(30/65): Calibrating:  66%|██████▌   | 21/32 [00:04<00:02,  4.48it/s]
(30/65): Calibrating:  69%|██████▉   | 22/32 [00:04<00:02,  4.48it/s]
(30/65): Calibrating:  72%|███████▏  | 23/32 [00:04<00:02,  4.47it/s]
(30/65): Calibrating:  75%|███████▌  | 24/32 [00:05<00:01,  4.47it/s]
(30/65): Calibrating:  78%|███████▊  | 25/32 [00:05<00:01,  4.48it/s]
(30/65): Calibrating:  81%|████████▏ | 26/32 [00:05<00:01,  4.48it/s]
(30/65): Calibrating:  84%|████████▍ | 27/32 [00:05<00:01,  4.48it/s]
(30/65): Calibrating:  88%|████████▊ | 28/32 [00:06<00:00,  4.49it/s]
(30/65): Calibrating:  91%|█████████ | 29/32 [00:06<00:00,  4.48it/s]
(30/65): Calibrating:  94%|█████████▍| 30/32 [00:06<00:00,  4.47it/s]
(30/65): Calibrating:  97%|█████████▋| 31/32 [00:06<00:00,  4.48it/s]
(30/65): Calibrating: 100%|██████████| 32/32 [00:06<00:00,  4.48it/s]
(30/65): Calibrating: 100%|██████████| 32/32 [00:06<00:00,  4.60it/s]
2026-09-11T06:14:13.1844 | compress_module_list | INFO - Quantizing model.language_model.layers.28.mlp.gate_proj using 128 samples
2026-09-11T06:14:14.6498 | GPTQ | METRIC - time 1.47s
2026-09-11T06:14:14.6500 | GPTQ | METRIC - error 19909.34
2026-09-11T06:14:14.6503 | GPTQ | METRIC - Accelerator 0 | usage: 68.24% | total memory: 47.8 Gb
2026-09-11T06:14:14.6506 | GPTQ | METRIC - Accelerator 1 | usage: 61.54% | total memory: 47.8 Gb
2026-09-11T06:14:14.6512 | compress_module_list | INFO - Quantizing model.language_model.layers.28.mlp.up_proj using 128 samples
2026-09-11T06:14:16.1158 | GPTQ | METRIC - time 1.46s
2026-09-11T06:14:16.1160 | GPTQ | METRIC - error 21451.88
2026-09-11T06:14:16.1163 | GPTQ | METRIC - Accelerator 0 | usage: 68.24% | total memory: 47.8 Gb
2026-09-11T06:14:16.1165 | GPTQ | METRIC - Accelerator 1 | usage: 61.54% | total memory: 47.8 Gb
2026-09-11T06:14:16.1172 | compress_module_list | INFO - Quantizing model.language_model.layers.28.mlp.down_proj using 128 samples
2026-09-11T06:14:21.6058 | GPTQ | METRIC - time 5.49s
2026-09-11T06:14:21.6060 | GPTQ | METRIC - error 1104.20
2026-09-11T06:14:21.6063 | GPTQ | METRIC - Accelerator 0 | usage: 68.24% | total memory: 47.8 Gb
2026-09-11T06:14:21.6065 | GPTQ | METRIC - Accelerator 1 | usage: 61.54% | total memory: 47.8 Gb

(30/65): Propagating:   0%|          | 0/32 [00:00<?, ?it/s]
(30/65): Propagating:   3%|▎         | 1/32 [00:00<00:04,  6.32it/s]
(30/65): Propagating:   6%|▋         | 2/32 [00:00<00:04,  6.34it/s]
(30/65): Propagating:   9%|▉         | 3/32 [00:00<00:04,  6.35it/s]
(30/65): Propagating:  12%|█▎        | 4/32 [00:00<00:04,  6.36it/s]
(30/65): Propagating:  16%|█▌        | 5/32 [00:00<00:04,  6.36it/s]
(30/65): Propagating:  19%|█▉        | 6/32 [00:00<00:04,  6.36it/s]
(30/65): Propagating:  22%|██▏       | 7/32 [00:01<00:03,  6.36it/s]
(30/65): Propagating:  25%|██▌       | 8/32 [00:01<00:03,  6.36it/s]
(30/65): Propagating:  28%|██▊       | 9/32 [00:01<00:03,  6.37it/s]
(30/65): Propagating:  31%|███▏      | 10/32 [00:01<00:03,  6.37it/s]
(30/65): Propagating:  34%|███▍      | 11/32 [00:01<00:03,  6.37it/s]
(30/65): Propagating:  38%|███▊      | 12/32 [00:01<00:03,  6.38it/s]
(30/65): Propagating:  41%|████      | 13/32 [00:02<00:02,  6.38it/s]
(30/65): Propagating:  44%|████▍     | 14/32 [00:02<00:02,  6.38it/s]
(30/65): Propagating:  47%|████▋     | 15/32 [00:02<00:02,  6.37it/s]
(30/65): Propagating:  50%|█████     | 16/32 [00:02<00:02,  6.35it/s]
(30/65): Propagating:  53%|█████▎    | 17/32 [00:02<00:02,  6.34it/s]
(30/65): Propagating:  56%|█████▋    | 18/32 [00:02<00:02,  6.34it/s]
(30/65): Propagating:  59%|█████▉    | 19/32 [00:02<00:02,  6.34it/s]
(30/65): Propagating:  62%|██████▎   | 20/32 [00:03<00:01,  6.35it/s]
(30/65): Propagating:  66%|██████▌   | 21/32 [00:03<00:01,  6.36it/s]
(30/65): Propagating:  69%|██████▉   | 22/32 [00:03<00:01,  6.35it/s]
(30/65): Propagating:  72%|███████▏  | 23/32 [00:03<00:01,  6.36it/s]
(30/65): Propagating:  75%|███████▌  | 24/32 [00:03<00:01,  6.36it/s]
(30/65): Propagating:  78%|███████▊  | 25/32 [00:03<00:01,  6.38it/s]
(30/65): Propagating:  81%|████████▏ | 26/32 [00:04<00:00,  6.38it/s]
(30/65): Propagating:  84%|████████▍ | 27/32 [00:04<00:00,  6.38it/s]
(30/65): Propagating:  88%|████████▊ | 28/32 [00:04<00:00,  6.38it/s]
(30/65): Propagating:  91%|█████████ | 29/32 [00:04<00:00,  6.38it/s]
(30/65): Propagating:  94%|█████████▍| 30/32 [00:04<00:00,  6.38it/s]
(30/65): Propagating:  97%|█████████▋| 31/32 [00:04<00:00,  6.39it/s]
(30/65): Propagating: 100%|██████████| 32/32 [00:05<00:00,  6.37it/s]
(30/65): Propagating: 100%|██████████| 32/32 [00:05<00:00,  6.36it/s]

(31/65): Calibrating:   0%|          | 0/32 [00:00<?, ?it/s]
(31/65): Calibrating:   6%|▋         | 2/32 [00:00<00:04,  7.01it/s]
(31/65): Calibrating:   9%|▉         | 3/32 [00:00<00:05,  5.68it/s]
(31/65): Calibrating:  12%|█▎        | 4/32 [00:00<00:05,  5.17it/s]
(31/65): Calibrating:  16%|█▌        | 5/32 [00:00<00:05,  4.91it/s]
(31/65): Calibrating:  19%|█▉        | 6/32 [00:01<00:05,  4.76it/s]
(31/65): Calibrating:  22%|██▏       | 7/32 [00:01<00:05,  4.67it/s]
(31/65): Calibrating:  25%|██▌       | 8/32 [00:01<00:05,  4.62it/s]
(31/65): Calibrating:  28%|██▊       | 9/32 [00:01<00:05,  4.55it/s]
(31/65): Calibrating:  31%|███▏      | 10/32 [00:02<00:04,  4.54it/s]
(31/65): Calibrating:  34%|███▍      | 11/32 [00:02<00:04,  4.52it/s]
(31/65): Calibrating:  38%|███▊      | 12/32 [00:02<00:04,  4.51it/s]
(31/65): Calibrating:  41%|████      | 13/32 [00:02<00:04,  4.50it/s]
(31/65): Calibrating:  44%|████▍     | 14/32 [00:02<00:04,  4.49it/s]
(31/65): Calibrating:  47%|████▋     | 15/32 [00:03<00:03,  4.50it/s]
(31/65): Calibrating:  50%|█████     | 16/32 [00:03<00:03,  4.50it/s]
(31/65): Calibrating:  53%|█████▎    | 17/32 [00:03<00:03,  4.50it/s]
(31/65): Calibrating:  56%|█████▋    | 18/32 [00:03<00:03,  4.50it/s]
(31/65): Calibrating:  59%|█████▉    | 19/32 [00:04<00:02,  4.50it/s]
(31/65): Calibrating:  62%|██████▎   | 20/32 [00:04<00:02,  4.49it/s]
(31/65): Calibrating:  66%|██████▌   | 21/32 [00:04<00:02,  4.49it/s]
(31/65): Calibrating:  69%|██████▉   | 22/32 [00:04<00:02,  4.49it/s]
(31/65): Calibrating:  72%|███████▏  | 23/32 [00:04<00:02,  4.49it/s]
(31/65): Calibrating:  75%|███████▌  | 24/32 [00:05<00:01,  4.49it/s]
(31/65): Calibrating:  78%|███████▊  | 25/32 [00:05<00:01,  4.49it/s]
(31/65): Calibrating:  81%|████████▏ | 26/32 [00:05<00:01,  4.48it/s]
(31/65): Calibrating:  84%|████████▍ | 27/32 [00:05<00:01,  4.48it/s]
(31/65): Calibrating:  88%|████████▊ | 28/32 [00:06<00:00,  4.48it/s]
(31/65): Calibrating:  91%|█████████ | 29/32 [00:06<00:00,  4.49it/s]
(31/65): Calibrating:  94%|█████████▍| 30/32 [00:06<00:00,  4.48it/s]
(31/65): Calibrating:  97%|█████████▋| 31/32 [00:06<00:00,  4.49it/s]
(31/65): Calibrating: 100%|██████████| 32/32 [00:06<00:00,  4.48it/s]
(31/65): Calibrating: 100%|██████████| 32/32 [00:06<00:00,  4.59it/s]
2026-09-11T06:14:33.8052 | compress_module_list | INFO - Quantizing model.language_model.layers.29.mlp.gate_proj using 128 samples
2026-09-11T06:14:35.2702 | GPTQ | METRIC - time 1.46s
2026-09-11T06:14:35.2704 | GPTQ | METRIC - error 19715.21
2026-09-11T06:14:35.2707 | GPTQ | METRIC - Accelerator 0 | usage: 68.24% | total memory: 47.8 Gb
2026-09-11T06:14:35.2709 | GPTQ | METRIC - Accelerator 1 | usage: 61.54% | total memory: 47.8 Gb
2026-09-11T06:14:35.2834 | compress_module_list | INFO - Quantizing model.language_model.layers.29.mlp.up_proj using 128 samples
2026-09-11T06:14:36.7412 | GPTQ | METRIC - time 1.46s
2026-09-11T06:14:36.7414 | GPTQ | METRIC - error 21376.91
2026-09-11T06:14:36.7417 | GPTQ | METRIC - Accelerator 0 | usage: 68.24% | total memory: 47.8 Gb
2026-09-11T06:14:36.7419 | GPTQ | METRIC - Accelerator 1 | usage: 61.54% | total memory: 47.8 Gb
2026-09-11T06:14:36.7505 | compress_module_list | INFO - Quantizing model.language_model.layers.29.mlp.down_proj using 128 samples
2026-09-11T06:14:42.2158 | GPTQ | METRIC - time 5.47s
2026-09-11T06:14:42.2159 | GPTQ | METRIC - error 1103.70
2026-09-11T06:14:42.2163 | GPTQ | METRIC - Accelerator 0 | usage: 69.80% | total memory: 47.8 Gb
2026-09-11T06:14:42.2164 | GPTQ | METRIC - Accelerator 1 | usage: 61.54% | total memory: 47.8 Gb

(31/65): Propagating:   0%|          | 0/32 [00:00<?, ?it/s]
(31/65): Propagating:   3%|▎         | 1/32 [00:00<00:05,  6.00it/s]
(31/65): Propagating:   6%|▋         | 2/32 [00:00<00:05,  5.99it/s]
(31/65): Propagating:   9%|▉         | 3/32 [00:00<00:04,  5.99it/s]
(31/65): Propagating:  12%|█▎        | 4/32 [00:00<00:04,  5.94it/s]
(31/65): Propagating:  16%|█▌        | 5/32 [00:00<00:04,  6.06it/s]
(31/65): Propagating:  19%|█▉        | 6/32 [00:00<00:04,  6.15it/s]
(31/65): Propagating:  22%|██▏       | 7/32 [00:01<00:04,  6.21it/s]
(31/65): Propagating:  25%|██▌       | 8/32 [00:01<00:03,  6.25it/s]
(31/65): Propagating:  28%|██▊       | 9/32 [00:01<00:03,  6.28it/s]
(31/65): Propagating:  31%|███▏      | 10/32 [00:01<00:03,  6.31it/s]
(31/65): Propagating:  34%|███▍      | 11/32 [00:01<00:03,  6.33it/s]
(31/65): Propagating:  38%|███▊      | 12/32 [00:01<00:03,  6.34it/s]
(31/65): Propagating:  41%|████      | 13/32 [00:02<00:02,  6.35it/s]
(31/65): Propagating:  44%|████▍     | 14/32 [00:02<00:02,  6.36it/s]
(31/65): Propagating:  47%|████▋     | 15/32 [00:02<00:02,  6.36it/s]
(31/65): Propagating:  50%|█████     | 16/32 [00:02<00:02,  6.36it/s]
(31/65): Propagating:  53%|█████▎    | 17/32 [00:02<00:02,  6.33it/s]
(31/65): Propagating:  56%|█████▋    | 18/32 [00:02<00:02,  6.33it/s]
(31/65): Propagating:  59%|█████▉    | 19/32 [00:03<00:02,  6.34it/s]
(31/65): Propagating:  62%|██████▎   | 20/32 [00:03<00:01,  6.35it/s]
(31/65): Propagating:  66%|██████▌   | 21/32 [00:03<00:01,  6.35it/s]
(31/65): Propagating:  69%|██████▉   | 22/32 [00:03<00:01,  6.35it/s]
(31/65): Propagating:  72%|███████▏  | 23/32 [00:03<00:01,  6.35it/s]
(31/65): Propagating:  75%|███████▌  | 24/32 [00:03<00:01,  6.36it/s]
(31/65): Propagating:  78%|███████▊  | 25/32 [00:03<00:01,  6.36it/s]
(31/65): Propagating:  81%|████████▏ | 26/32 [00:04<00:00,  6.37it/s]
(31/65): Propagating:  84%|████████▍ | 27/32 [00:04<00:00,  6.37it/s]
(31/65): Propagating:  88%|████████▊ | 28/32 [00:04<00:00,  6.37it/s]
(31/65): Propagating:  91%|█████████ | 29/32 [00:04<00:00,  6.37it/s]
(31/65): Propagating:  94%|█████████▍| 30/32 [00:04<00:00,  6.37it/s]
(31/65): Propagating:  97%|█████████▋| 31/32 [00:04<00:00,  6.37it/s]
(31/65): Propagating: 100%|██████████| 32/32 [00:05<00:00,  6.38it/s]
(31/65): Propagating: 100%|██████████| 32/32 [00:05<00:00,  6.30it/s]

(32/65): Calibrating:   0%|          | 0/32 [00:00<?, ?it/s]
(32/65): Calibrating:   6%|▋         | 2/32 [00:00<00:04,  7.02it/s]
(32/65): Calibrating:   9%|▉         | 3/32 [00:00<00:05,  5.68it/s]
(32/65): Calibrating:  12%|█▎        | 4/32 [00:00<00:05,  5.15it/s]
(32/65): Calibrating:  16%|█▌        | 5/32 [00:00<00:05,  4.90it/s]
(32/65): Calibrating:  19%|█▉        | 6/32 [00:01<00:05,  4.76it/s]
(32/65): Calibrating:  22%|██▏       | 7/32 [00:01<00:05,  4.67it/s]
(32/65): Calibrating:  25%|██▌       | 8/32 [00:01<00:05,  4.62it/s]
(32/65): Calibrating:  28%|██▊       | 9/32 [00:01<00:05,  4.58it/s]
(32/65): Calibrating:  31%|███▏      | 10/32 [00:02<00:04,  4.55it/s]
(32/65): Calibrating:  34%|███▍      | 11/32 [00:02<00:04,  4.53it/s]
(32/65): Calibrating:  38%|███▊      | 12/32 [00:02<00:04,  4.52it/s]
(32/65): Calibrating:  41%|████      | 13/32 [00:02<00:04,  4.51it/s]
(32/65): Calibrating:  44%|████▍     | 14/32 [00:02<00:03,  4.51it/s]
(32/65): Calibrating:  47%|████▋     | 15/32 [00:03<00:03,  4.50it/s]
(32/65): Calibrating:  50%|█████     | 16/32 [00:03<00:03,  4.50it/s]
(32/65): Calibrating:  53%|█████▎    | 17/32 [00:03<00:03,  4.50it/s]
(32/65): Calibrating:  56%|█████▋    | 18/32 [00:03<00:03,  4.50it/s]
(32/65): Calibrating:  59%|█████▉    | 19/32 [00:04<00:02,  4.49it/s]
(32/65): Calibrating:  62%|██████▎   | 20/32 [00:04<00:02,  4.49it/s]
(32/65): Calibrating:  66%|██████▌   | 21/32 [00:04<00:02,  4.49it/s]
(32/65): Calibrating:  69%|██████▉   | 22/32 [00:04<00:02,  4.49it/s]
(32/65): Calibrating:  72%|███████▏  | 23/32 [00:04<00:02,  4.49it/s]
(32/65): Calibrating:  75%|███████▌  | 24/32 [00:05<00:01,  4.49it/s]
(32/65): Calibrating:  78%|███████▊  | 25/32 [00:05<00:01,  4.48it/s]
(32/65): Calibrating:  81%|████████▏ | 26/32 [00:05<00:01,  4.48it/s]
(32/65): Calibrating:  84%|████████▍ | 27/32 [00:05<00:01,  4.48it/s]
(32/65): Calibrating:  88%|████████▊ | 28/32 [00:06<00:00,  4.48it/s]
(32/65): Calibrating:  91%|█████████ | 29/32 [00:06<00:00,  4.48it/s]
(32/65): Calibrating:  94%|█████████▍| 30/32 [00:06<00:00,  4.48it/s]
(32/65): Calibrating:  97%|█████████▋| 31/32 [00:06<00:00,  4.48it/s]
(32/65): Calibrating: 100%|██████████| 32/32 [00:06<00:00,  4.48it/s]
(32/65): Calibrating: 100%|██████████| 32/32 [00:06<00:00,  4.59it/s]
2026-09-11T06:14:54.4630 | compress_module_list | INFO - Quantizing model.language_model.layers.30.mlp.gate_proj using 128 samples
2026-09-11T06:14:55.9283 | GPTQ | METRIC - time 1.47s
2026-09-11T06:14:55.9285 | GPTQ | METRIC - error 19006.02
2026-09-11T06:14:55.9288 | GPTQ | METRIC - Accelerator 0 | usage: 69.80% | total memory: 47.8 Gb
2026-09-11T06:14:55.9290 | GPTQ | METRIC - Accelerator 1 | usage: 61.54% | total memory: 47.8 Gb
2026-09-11T06:14:55.9376 | compress_module_list | INFO - Quantizing model.language_model.layers.30.mlp.up_proj using 128 samples
2026-09-11T06:14:57.4098 | GPTQ | METRIC - time 1.47s
2026-09-11T06:14:57.4100 | GPTQ | METRIC - error 21120.52
2026-09-11T06:14:57.4103 | GPTQ | METRIC - Accelerator 0 | usage: 69.80% | total memory: 47.8 Gb
2026-09-11T06:14:57.4105 | GPTQ | METRIC - Accelerator 1 | usage: 61.54% | total memory: 47.8 Gb
2026-09-11T06:14:57.4191 | compress_module_list | INFO - Quantizing model.language_model.layers.30.mlp.down_proj using 128 samples
2026-09-11T06:15:02.9239 | GPTQ | METRIC - time 5.50s
2026-09-11T06:15:02.9241 | GPTQ | METRIC - error 1152.37
2026-09-11T06:15:02.9245 | GPTQ | METRIC - Accelerator 0 | usage: 69.80% | total memory: 47.8 Gb
2026-09-11T06:15:02.9246 | GPTQ | METRIC - Accelerator 1 | usage: 61.54% | total memory: 47.8 Gb

(32/65): Propagating:   0%|          | 0/32 [00:00<?, ?it/s]
(32/65): Propagating:   3%|▎         | 1/32 [00:00<00:05,  5.82it/s]
(32/65): Propagating:   6%|▋         | 2/32 [00:00<00:04,  6.10it/s]
(32/65): Propagating:   9%|▉         | 3/32 [00:00<00:04,  6.20it/s]
(32/65): Propagating:  12%|█▎        | 4/32 [00:00<00:04,  6.26it/s]
(32/65): Propagating:  16%|█▌        | 5/32 [00:00<00:04,  6.29it/s]
(32/65): Propagating:  19%|█▉        | 6/32 [00:00<00:04,  6.32it/s]
(32/65): Propagating:  22%|██▏       | 7/32 [00:01<00:03,  6.31it/s]
(32/65): Propagating:  25%|██▌       | 8/32 [00:01<00:03,  6.31it/s]
(32/65): Propagating:  28%|██▊       | 9/32 [00:01<00:03,  6.33it/s]
(32/65): Propagating:  31%|███▏      | 10/32 [00:01<00:03,  6.34it/s]
(32/65): Propagating:  34%|███▍      | 11/32 [00:01<00:03,  6.35it/s]
(32/65): Propagating:  38%|███▊      | 12/32 [00:01<00:03,  6.35it/s]
(32/65): Propagating:  41%|████      | 13/32 [00:02<00:02,  6.36it/s]
(32/65): Propagating:  44%|████▍     | 14/32 [00:02<00:02,  6.37it/s]
(32/65): Propagating:  47%|████▋     | 15/32 [00:02<00:02,  6.36it/s]
(32/65): Propagating:  50%|█████     | 16/32 [00:02<00:02,  6.36it/s]
(32/65): Propagating:  53%|█████▎    | 17/32 [00:02<00:02,  6.36it/s]
(32/65): Propagating:  56%|█████▋    | 18/32 [00:02<00:02,  6.33it/s]
(32/65): Propagating:  59%|█████▉    | 19/32 [00:03<00:02,  6.34it/s]
(32/65): Propagating:  62%|██████▎   | 20/32 [00:03<00:01,  6.34it/s]
(32/65): Propagating:  66%|██████▌   | 21/32 [00:03<00:01,  6.35it/s]
(32/65): Propagating:  69%|██████▉   | 22/32 [00:03<00:01,  6.36it/s]
(32/65): Propagating:  72%|███████▏  | 23/32 [00:03<00:01,  6.35it/s]
(32/65): Propagating:  75%|███████▌  | 24/32 [00:03<00:01,  6.36it/s]
(32/65): Propagating:  78%|███████▊  | 25/32 [00:03<00:01,  6.36it/s]
(32/65): Propagating:  81%|████████▏ | 26/32 [00:04<00:00,  6.37it/s]
(32/65): Propagating:  84%|████████▍ | 27/32 [00:04<00:00,  6.38it/s]
(32/65): Propagating:  88%|████████▊ | 28/32 [00:04<00:00,  6.39it/s]
(32/65): Propagating:  91%|█████████ | 29/32 [00:04<00:00,  6.38it/s]
(32/65): Propagating:  94%|█████████▍| 30/32 [00:04<00:00,  6.38it/s]
(32/65): Propagating:  97%|█████████▋| 31/32 [00:04<00:00,  6.38it/s]
(32/65): Propagating: 100%|██████████| 32/32 [00:05<00:00,  6.38it/s]
(32/65): Propagating: 100%|██████████| 32/32 [00:05<00:00,  6.34it/s]

(33/65): Calibrating:   0%|          | 0/32 [00:00<?, ?it/s]
(33/65): Calibrating:   6%|▋         | 2/32 [00:00<00:04,  7.04it/s]
(33/65): Calibrating:   9%|▉         | 3/32 [00:00<00:05,  5.53it/s]
(33/65): Calibrating:  12%|█▎        | 4/32 [00:00<00:05,  4.96it/s]
(33/65): Calibrating:  16%|█▌        | 5/32 [00:00<00:05,  4.68it/s]
(33/65): Calibrating:  19%|█▉        | 6/32 [00:01<00:05,  4.52it/s]
(33/65): Calibrating:  22%|██▏       | 7/32 [00:01<00:05,  4.42it/s]
(33/65): Calibrating:  25%|██▌       | 8/32 [00:01<00:05,  4.37it/s]
(33/65): Calibrating:  28%|██▊       | 9/32 [00:01<00:05,  4.32it/s]
(33/65): Calibrating:  31%|███▏      | 10/32 [00:02<00:05,  4.29it/s]
(33/65): Calibrating:  34%|███▍      | 11/32 [00:02<00:04,  4.27it/s]
(33/65): Calibrating:  38%|███▊      | 12/32 [00:02<00:04,  4.26it/s]
(33/65): Calibrating:  41%|████      | 13/32 [00:02<00:04,  4.25it/s]
(33/65): Calibrating:  44%|████▍     | 14/32 [00:03<00:04,  4.25it/s]
(33/65): Calibrating:  47%|████▋     | 15/32 [00:03<00:04,  4.24it/s]
(33/65): Calibrating:  50%|█████     | 16/32 [00:03<00:03,  4.24it/s]
(33/65): Calibrating:  53%|█████▎    | 17/32 [00:03<00:03,  4.23it/s]
(33/65): Calibrating:  56%|█████▋    | 18/32 [00:04<00:03,  4.23it/s]
(33/65): Calibrating:  59%|█████▉    | 19/32 [00:04<00:03,  4.23it/s]
(33/65): Calibrating:  62%|██████▎   | 20/32 [00:04<00:02,  4.23it/s]
(33/65): Calibrating:  66%|██████▌   | 21/32 [00:04<00:02,  4.23it/s]
(33/65): Calibrating:  69%|██████▉   | 22/32 [00:05<00:02,  4.23it/s]
(33/65): Calibrating:  72%|███████▏  | 23/32 [00:05<00:02,  4.22it/s]
(33/65): Calibrating:  75%|███████▌  | 24/32 [00:05<00:01,  4.23it/s]
(33/65): Calibrating:  78%|███████▊  | 25/32 [00:05<00:01,  4.23it/s]
(33/65): Calibrating:  81%|████████▏ | 26/32 [00:05<00:01,  4.23it/s]
(33/65): Calibrating:  84%|████████▍ | 27/32 [00:06<00:01,  4.23it/s]
(33/65): Calibrating:  88%|████████▊ | 28/32 [00:06<00:00,  4.23it/s]
(33/65): Calibrating:  91%|█████████ | 29/32 [00:06<00:00,  4.22it/s]
(33/65): Calibrating:  94%|█████████▍| 30/32 [00:06<00:00,  4.23it/s]
(33/65): Calibrating:  97%|█████████▋| 31/32 [00:07<00:00,  4.23it/s]
(33/65): Calibrating: 100%|██████████| 32/32 [00:07<00:00,  4.23it/s]
(33/65): Calibrating: 100%|██████████| 32/32 [00:07<00:00,  4.34it/s]
2026-09-11T06:15:15.5765 | compress_module_list | INFO - Quantizing model.language_model.layers.31.self_attn.q_proj using 128 samples
2026-09-11T06:15:17.0579 | GPTQ | METRIC - time 1.48s
2026-09-11T06:15:17.0581 | GPTQ | METRIC - error 27945.46
2026-09-11T06:15:17.0584 | GPTQ | METRIC - Accelerator 0 | usage: 69.80% | total memory: 47.8 Gb
2026-09-11T06:15:17.0586 | GPTQ | METRIC - Accelerator 1 | usage: 61.54% | total memory: 47.8 Gb
2026-09-11T06:15:17.0647 | compress_module_list | INFO - Quantizing model.language_model.layers.31.self_attn.k_proj using 128 samples
2026-09-11T06:15:18.4590 | GPTQ | METRIC - time 1.39s
2026-09-11T06:15:18.4591 | GPTQ | METRIC - error 3120.10
2026-09-11T06:15:18.4594 | GPTQ | METRIC - Accelerator 0 | usage: 69.80% | total memory: 47.8 Gb
2026-09-11T06:15:18.4596 | GPTQ | METRIC - Accelerator 1 | usage: 61.54% | total memory: 47.8 Gb
2026-09-11T06:15:18.4602 | compress_module_list | INFO - Quantizing model.language_model.layers.31.self_attn.v_proj using 128 samples
2026-09-11T06:15:19.8498 | GPTQ | METRIC - time 1.39s
2026-09-11T06:15:19.8500 | GPTQ | METRIC - error 3507.60
2026-09-11T06:15:19.8503 | GPTQ | METRIC - Accelerator 0 | usage: 69.80% | total memory: 47.8 Gb
2026-09-11T06:15:19.8505 | GPTQ | METRIC - Accelerator 1 | usage: 61.54% | total memory: 47.8 Gb
2026-09-11T06:15:19.8511 | compress_module_list | INFO - Quantizing model.language_model.layers.31.self_attn.o_proj using 128 samples
2026-09-11T06:15:21.5535 | GPTQ | METRIC - time 1.70s
2026-09-11T06:15:21.5537 | GPTQ | METRIC - error 1080.90
2026-09-11T06:15:21.5540 | GPTQ | METRIC - Accelerator 0 | usage: 69.80% | total memory: 47.8 Gb
2026-09-11T06:15:21.5542 | GPTQ | METRIC - Accelerator 1 | usage: 61.54% | total memory: 47.8 Gb
2026-09-11T06:15:21.5573 | compress_module_list | INFO - Quantizing model.language_model.layers.31.mlp.gate_proj using 128 samples
2026-09-11T06:15:23.0096 | GPTQ | METRIC - time 1.45s
2026-09-11T06:15:23.0097 | GPTQ | METRIC - error 20635.36
2026-09-11T06:15:23.0101 | GPTQ | METRIC - Accelerator 0 | usage: 69.80% | total memory: 47.8 Gb
2026-09-11T06:15:23.0103 | GPTQ | METRIC - Accelerator 1 | usage: 61.54% | total memory: 47.8 Gb
2026-09-11T06:15:23.0188 | compress_module_list | INFO - Quantizing model.language_model.layers.31.mlp.up_proj using 128 samples
2026-09-11T06:15:24.4873 | GPTQ | METRIC - time 1.47s
2026-09-11T06:15:24.4874 | GPTQ | METRIC - error 23439.87
2026-09-11T06:15:24.4877 | GPTQ | METRIC - Accelerator 0 | usage: 69.80% | total memory: 47.8 Gb
2026-09-11T06:15:24.4880 | GPTQ | METRIC - Accelerator 1 | usage: 61.54% | total memory: 47.8 Gb
2026-09-11T06:15:24.4965 | compress_module_list | INFO - Quantizing model.language_model.layers.31.mlp.down_proj using 128 samples
2026-09-11T06:15:29.9570 | GPTQ | METRIC - time 5.46s
2026-09-11T06:15:29.9572 | GPTQ | METRIC - error 1277.65
2026-09-11T06:15:29.9575 | GPTQ | METRIC - Accelerator 0 | usage: 69.80% | total memory: 47.8 Gb
2026-09-11T06:15:29.9577 | GPTQ | METRIC - Accelerator 1 | usage: 61.54% | total memory: 47.8 Gb

(33/65): Propagating:   0%|          | 0/32 [00:00<?, ?it/s]
(33/65): Propagating:   3%|▎         | 1/32 [00:00<00:04,  7.22it/s]
(33/65): Propagating:   6%|▋         | 2/32 [00:00<00:04,  7.45it/s]
(33/65): Propagating:   9%|▉         | 3/32 [00:00<00:03,  7.51it/s]
(33/65): Propagating:  12%|█▎        | 4/32 [00:00<00:03,  7.54it/s]
(33/65): Propagating:  16%|█▌        | 5/32 [00:00<00:03,  7.57it/s]
(33/65): Propagating:  19%|█▉        | 6/32 [00:00<00:03,  7.59it/s]
(33/65): Propagating:  22%|██▏       | 7/32 [00:00<00:03,  7.61it/s]
(33/65): Propagating:  25%|██▌       | 8/32 [00:01<00:03,  7.62it/s]
(33/65): Propagating:  28%|██▊       | 9/32 [00:01<00:03,  7.63it/s]
(33/65): Propagating:  31%|███▏      | 10/32 [00:01<00:02,  7.64it/s]
(33/65): Propagating:  34%|███▍      | 11/32 [00:01<00:02,  7.63it/s]
(33/65): Propagating:  38%|███▊      | 12/32 [00:01<00:02,  7.64it/s]
(33/65): Propagating:  41%|████      | 13/32 [00:01<00:02,  7.64it/s]
(33/65): Propagating:  44%|████▍     | 14/32 [00:01<00:02,  7.64it/s]
(33/65): Propagating:  47%|████▋     | 15/32 [00:01<00:02,  7.65it/s]
(33/65): Propagating:  50%|█████     | 16/32 [00:02<00:02,  7.65it/s]
(33/65): Propagating:  53%|█████▎    | 17/32 [00:02<00:01,  7.65it/s]
(33/65): Propagating:  56%|█████▋    | 18/32 [00:02<00:01,  7.64it/s]
(33/65): Propagating:  59%|█████▉    | 19/32 [00:02<00:01,  7.60it/s]
(33/65): Propagating:  62%|██████▎   | 20/32 [00:02<00:01,  7.60it/s]
(33/65): Propagating:  66%|██████▌   | 21/32 [00:02<00:01,  7.61it/s]
(33/65): Propagating:  69%|██████▉   | 22/32 [00:02<00:01,  7.62it/s]
(33/65): Propagating:  72%|███████▏  | 23/32 [00:03<00:01,  7.63it/s]
(33/65): Propagating:  75%|███████▌  | 24/32 [00:03<00:01,  7.63it/s]
(33/65): Propagating:  78%|███████▊  | 25/32 [00:03<00:00,  7.64it/s]
(33/65): Propagating:  81%|████████▏ | 26/32 [00:03<00:00,  7.65it/s]
(33/65): Propagating:  84%|████████▍ | 27/32 [00:03<00:00,  7.66it/s]
(33/65): Propagating:  88%|████████▊ | 28/32 [00:03<00:00,  7.67it/s]
(33/65): Propagating:  91%|█████████ | 29/32 [00:03<00:00,  7.67it/s]
(33/65): Propagating:  94%|█████████▍| 30/32 [00:03<00:00,  7.66it/s]
(33/65): Propagating:  97%|█████████▋| 31/32 [00:04<00:00,  7.66it/s]
(33/65): Propagating: 100%|██████████| 32/32 [00:04<00:00,  7.66it/s]
(33/65): Propagating: 100%|██████████| 32/32 [00:04<00:00,  7.62it/s]

(34/65): Calibrating:   0%|          | 0/32 [00:00<?, ?it/s]
(34/65): Calibrating:   6%|▋         | 2/32 [00:00<00:04,  7.03it/s]
(34/65): Calibrating:   9%|▉         | 3/32 [00:00<00:05,  5.69it/s]
(34/65): Calibrating:  12%|█▎        | 4/32 [00:00<00:05,  5.17it/s]
(34/65): Calibrating:  16%|█▌        | 5/32 [00:00<00:05,  4.91it/s]
(34/65): Calibrating:  19%|█▉        | 6/32 [00:01<00:05,  4.76it/s]
(34/65): Calibrating:  22%|██▏       | 7/32 [00:01<00:05,  4.66it/s]
(34/65): Calibrating:  25%|██▌       | 8/32 [00:01<00:05,  4.61it/s]
(34/65): Calibrating:  28%|██▊       | 9/32 [00:01<00:05,  4.57it/s]
(34/65): Calibrating:  31%|███▏      | 10/32 [00:02<00:04,  4.55it/s]
(34/65): Calibrating:  34%|███▍      | 11/32 [00:02<00:04,  4.53it/s]
(34/65): Calibrating:  38%|███▊      | 12/32 [00:02<00:04,  4.51it/s]
(34/65): Calibrating:  41%|████      | 13/32 [00:02<00:04,  4.51it/s]
(34/65): Calibrating:  44%|████▍     | 14/32 [00:02<00:03,  4.50it/s]
(34/65): Calibrating:  47%|████▋     | 15/32 [00:03<00:03,  4.50it/s]
(34/65): Calibrating:  50%|█████     | 16/32 [00:03<00:03,  4.50it/s]
(34/65): Calibrating:  53%|█████▎    | 17/32 [00:03<00:03,  4.50it/s]
(34/65): Calibrating:  56%|█████▋    | 18/32 [00:03<00:03,  4.50it/s]
(34/65): Calibrating:  59%|█████▉    | 19/32 [00:04<00:02,  4.50it/s]
(34/65): Calibrating:  62%|██████▎   | 20/32 [00:04<00:02,  4.49it/s]
(34/65): Calibrating:  66%|██████▌   | 21/32 [00:04<00:02,  4.49it/s]
(34/65): Calibrating:  69%|██████▉   | 22/32 [00:04<00:02,  4.49it/s]
(34/65): Calibrating:  72%|███████▏  | 23/32 [00:04<00:02,  4.49it/s]
(34/65): Calibrating:  75%|███████▌  | 24/32 [00:05<00:01,  4.49it/s]
(34/65): Calibrating:  78%|███████▊  | 25/32 [00:05<00:01,  4.49it/s]
(34/65): Calibrating:  81%|████████▏ | 26/32 [00:05<00:01,  4.49it/s]
(34/65): Calibrating:  84%|████████▍ | 27/32 [00:05<00:01,  4.48it/s]
(34/65): Calibrating:  88%|████████▊ | 28/32 [00:06<00:00,  4.48it/s]
(34/65): Calibrating:  91%|█████████ | 29/32 [00:06<00:00,  4.48it/s]
(34/65): Calibrating:  94%|█████████▍| 30/32 [00:06<00:00,  4.49it/s]
(34/65): Calibrating:  97%|█████████▋| 31/32 [00:06<00:00,  4.48it/s]
(34/65): Calibrating: 100%|██████████| 32/32 [00:06<00:00,  4.48it/s]
(34/65): Calibrating: 100%|██████████| 32/32 [00:06<00:00,  4.59it/s]
2026-09-11T06:15:41.3255 | compress_module_list | INFO - Quantizing model.language_model.layers.32.mlp.gate_proj using 128 samples
2026-09-11T06:15:42.7778 | GPTQ | METRIC - time 1.45s
2026-09-11T06:15:42.7780 | GPTQ | METRIC - error 21954.28
2026-09-11T06:15:42.7783 | GPTQ | METRIC - Accelerator 0 | usage: 69.80% | total memory: 47.8 Gb
2026-09-11T06:15:42.7785 | GPTQ | METRIC - Accelerator 1 | usage: 61.54% | total memory: 47.8 Gb
2026-09-11T06:15:42.7870 | compress_module_list | INFO - Quantizing model.language_model.layers.32.mlp.up_proj using 128 samples
2026-09-11T06:15:44.2445 | GPTQ | METRIC - time 1.46s
2026-09-11T06:15:44.2447 | GPTQ | METRIC - error 25052.06
2026-09-11T06:15:44.2450 | GPTQ | METRIC - Accelerator 0 | usage: 69.80% | total memory: 47.8 Gb
2026-09-11T06:15:44.2452 | GPTQ | METRIC - Accelerator 1 | usage: 61.54% | total memory: 47.8 Gb
2026-09-11T06:15:44.2538 | compress_module_list | INFO - Quantizing model.language_model.layers.32.mlp.down_proj using 128 samples
2026-09-11T06:15:49.6889 | GPTQ | METRIC - time 5.44s
2026-09-11T06:15:49.6891 | GPTQ | METRIC - error 1369.19
2026-09-11T06:15:49.6894 | GPTQ | METRIC - Accelerator 0 | usage: 69.80% | total memory: 47.8 Gb
2026-09-11T06:15:49.6896 | GPTQ | METRIC - Accelerator 1 | usage: 61.54% | total memory: 47.8 Gb

(34/65): Propagating:   0%|          | 0/32 [00:00<?, ?it/s]
(34/65): Propagating:   3%|▎         | 1/32 [00:00<00:05,  6.09it/s]
(34/65): Propagating:   6%|▋         | 2/32 [00:00<00:04,  6.05it/s]
(34/65): Propagating:   9%|▉         | 3/32 [00:00<00:04,  6.14it/s]
(34/65): Propagating:  12%|█▎        | 4/32 [00:00<00:04,  6.12it/s]
(34/65): Propagating:  16%|█▌        | 5/32 [00:00<00:04,  6.09it/s]
(34/65): Propagating:  19%|█▉        | 6/32 [00:00<00:04,  6.15it/s]
(34/65): Propagating:  22%|██▏       | 7/32 [00:01<00:04,  6.22it/s]
(34/65): Propagating:  25%|██▌       | 8/32 [00:01<00:03,  6.26it/s]
(34/65): Propagating:  28%|██▊       | 9/32 [00:01<00:03,  6.29it/s]
(34/65): Propagating:  31%|███▏      | 10/32 [00:01<00:03,  6.31it/s]
(34/65): Propagating:  34%|███▍      | 11/32 [00:01<00:03,  6.33it/s]
(34/65): Propagating:  38%|███▊      | 12/32 [00:01<00:03,  6.34it/s]
(34/65): Propagating:  41%|████      | 13/32 [00:02<00:02,  6.36it/s]
(34/65): Propagating:  44%|████▍     | 14/32 [00:02<00:02,  6.36it/s]
(34/65): Propagating:  47%|████▋     | 15/32 [00:02<00:02,  6.37it/s]
(34/65): Propagating:  50%|█████     | 16/32 [00:02<00:02,  6.38it/s]
(34/65): Propagating:  53%|█████▎    | 17/32 [00:02<00:02,  6.38it/s]
(34/65): Propagating:  56%|█████▋    | 18/32 [00:02<00:02,  6.39it/s]
(34/65): Propagating:  59%|█████▉    | 19/32 [00:03<00:02,  6.35it/s]
(34/65): Propagating:  62%|██████▎   | 20/32 [00:03<00:01,  6.33it/s]
(34/65): Propagating:  66%|██████▌   | 21/32 [00:03<00:01,  6.33it/s]
(34/65): Propagating:  69%|██████▉   | 22/32 [00:03<00:01,  6.33it/s]
(34/65): Propagating:  72%|███████▏  | 23/32 [00:03<00:01,  6.34it/s]
(34/65): Propagating:  75%|███████▌  | 24/32 [00:03<00:01,  6.36it/s]
(34/65): Propagating:  78%|███████▊  | 25/32 [00:03<00:01,  6.36it/s]
(34/65): Propagating:  81%|████████▏ | 26/32 [00:04<00:00,  6.37it/s]
(34/65): Propagating:  84%|████████▍ | 27/32 [00:04<00:00,  6.37it/s]
(34/65): Propagating:  88%|████████▊ | 28/32 [00:04<00:00,  6.37it/s]
(34/65): Propagating:  91%|█████████ | 29/32 [00:04<00:00,  6.38it/s]
(34/65): Propagating:  94%|█████████▍| 30/32 [00:04<00:00,  6.39it/s]
(34/65): Propagating:  97%|█████████▋| 31/32 [00:04<00:00,  6.39it/s]
(34/65): Propagating: 100%|██████████| 32/32 [00:05<00:00,  6.39it/s]
(34/65): Propagating: 100%|██████████| 32/32 [00:05<00:00,  6.32it/s]

(35/65): Calibrating:   0%|          | 0/32 [00:00<?, ?it/s]
(35/65): Calibrating:   6%|▋         | 2/32 [00:00<00:04,  7.03it/s]
(35/65): Calibrating:   9%|▉         | 3/32 [00:00<00:05,  5.68it/s]
(35/65): Calibrating:  12%|█▎        | 4/32 [00:00<00:05,  5.15it/s]
(35/65): Calibrating:  16%|█▌        | 5/32 [00:00<00:05,  4.90it/s]
(35/65): Calibrating:  19%|█▉        | 6/32 [00:01<00:05,  4.76it/s]
(35/65): Calibrating:  22%|██▏       | 7/32 [00:01<00:05,  4.67it/s]
(35/65): Calibrating:  25%|██▌       | 8/32 [00:01<00:05,  4.61it/s]
(35/65): Calibrating:  28%|██▊       | 9/32 [00:01<00:05,  4.57it/s]
(35/65): Calibrating:  31%|███▏      | 10/32 [00:02<00:04,  4.54it/s]
(35/65): Calibrating:  34%|███▍      | 11/32 [00:02<00:04,  4.52it/s]
(35/65): Calibrating:  38%|███▊      | 12/32 [00:02<00:04,  4.51it/s]
(35/65): Calibrating:  41%|████      | 13/32 [00:02<00:04,  4.50it/s]
(35/65): Calibrating:  44%|████▍     | 14/32 [00:02<00:04,  4.50it/s]
(35/65): Calibrating:  47%|████▋     | 15/32 [00:03<00:03,  4.50it/s]
(35/65): Calibrating:  50%|█████     | 16/32 [00:03<00:03,  4.49it/s]
(35/65): Calibrating:  53%|█████▎    | 17/32 [00:03<00:03,  4.49it/s]
(35/65): Calibrating:  56%|█████▋    | 18/32 [00:03<00:03,  4.48it/s]
(35/65): Calibrating:  59%|█████▉    | 19/32 [00:04<00:02,  4.48it/s]
(35/65): Calibrating:  62%|██████▎   | 20/32 [00:04<00:02,  4.48it/s]
(35/65): Calibrating:  66%|██████▌   | 21/32 [00:04<00:02,  4.49it/s]
(35/65): Calibrating:  69%|██████▉   | 22/32 [00:04<00:02,  4.49it/s]
(35/65): Calibrating:  72%|███████▏  | 23/32 [00:04<00:02,  4.49it/s]
(35/65): Calibrating:  75%|███████▌  | 24/32 [00:05<00:01,  4.48it/s]
(35/65): Calibrating:  78%|███████▊  | 25/32 [00:05<00:01,  4.47it/s]
(35/65): Calibrating:  81%|████████▏ | 26/32 [00:05<00:01,  4.48it/s]
(35/65): Calibrating:  84%|████████▍ | 27/32 [00:05<00:01,  4.49it/s]
(35/65): Calibrating:  88%|████████▊ | 28/32 [00:06<00:00,  4.49it/s]
(35/65): Calibrating:  91%|█████████ | 29/32 [00:06<00:00,  4.48it/s]
(35/65): Calibrating:  94%|█████████▍| 30/32 [00:06<00:00,  4.47it/s]
(35/65): Calibrating:  97%|█████████▋| 31/32 [00:06<00:00,  4.48it/s]
(35/65): Calibrating: 100%|██████████| 32/32 [00:06<00:00,  4.48it/s]
(35/65): Calibrating: 100%|██████████| 32/32 [00:06<00:00,  4.59it/s]
2026-09-11T06:16:01.9288 | compress_module_list | INFO - Quantizing model.language_model.layers.33.mlp.gate_proj using 128 samples
2026-09-11T06:16:03.3842 | GPTQ | METRIC - time 1.46s
2026-09-11T06:16:03.3844 | GPTQ | METRIC - error 22794.69
2026-09-11T06:16:03.3847 | GPTQ | METRIC - Accelerator 0 | usage: 69.80% | total memory: 47.8 Gb
2026-09-11T06:16:03.3849 | GPTQ | METRIC - Accelerator 1 | usage: 61.54% | total memory: 47.8 Gb
2026-09-11T06:16:03.3935 | compress_module_list | INFO - Quantizing model.language_model.layers.33.mlp.up_proj using 128 samples
2026-09-11T06:16:04.8538 | GPTQ | METRIC - time 1.46s
2026-09-11T06:16:04.8539 | GPTQ | METRIC - error 26168.82
2026-09-11T06:16:04.8542 | GPTQ | METRIC - Accelerator 0 | usage: 69.80% | total memory: 47.8 Gb
2026-09-11T06:16:04.8544 | GPTQ | METRIC - Accelerator 1 | usage: 61.54% | total memory: 47.8 Gb
2026-09-11T06:16:04.8630 | compress_module_list | INFO - Quantizing model.language_model.layers.33.mlp.down_proj using 128 samples
2026-09-11T06:16:10.3195 | GPTQ | METRIC - time 5.46s
2026-09-11T06:16:10.3196 | GPTQ | METRIC - error 1483.45
2026-09-11T06:16:10.3199 | GPTQ | METRIC - Accelerator 0 | usage: 69.80% | total memory: 47.8 Gb
2026-09-11T06:16:10.3201 | GPTQ | METRIC - Accelerator 1 | usage: 61.54% | total memory: 47.8 Gb

(35/65): Propagating:   0%|          | 0/32 [00:00<?, ?it/s]
(35/65): Propagating:   3%|▎         | 1/32 [00:00<00:05,  5.78it/s]
(35/65): Propagating:   6%|▋         | 2/32 [00:00<00:04,  6.07it/s]
(35/65): Propagating:   9%|▉         | 3/32 [00:00<00:04,  6.21it/s]
(35/65): Propagating:  12%|█▎        | 4/32 [00:00<00:04,  6.27it/s]
(35/65): Propagating:  16%|█▌        | 5/32 [00:00<00:04,  6.30it/s]
(35/65): Propagating:  19%|█▉        | 6/32 [00:00<00:04,  6.32it/s]
(35/65): Propagating:  22%|██▏       | 7/32 [00:01<00:03,  6.33it/s]
(35/65): Propagating:  25%|██▌       | 8/32 [00:01<00:03,  6.34it/s]
(35/65): Propagating:  28%|██▊       | 9/32 [00:01<00:03,  6.35it/s]
(35/65): Propagating:  31%|███▏      | 10/32 [00:01<00:03,  6.35it/s]
(35/65): Propagating:  34%|███▍      | 11/32 [00:01<00:03,  6.36it/s]
(35/65): Propagating:  38%|███▊      | 12/32 [00:01<00:03,  6.36it/s]
(35/65): Propagating:  41%|████      | 13/32 [00:02<00:02,  6.36it/s]
(35/65): Propagating:  44%|████▍     | 14/32 [00:02<00:02,  6.37it/s]
(35/65): Propagating:  47%|████▋     | 15/32 [00:02<00:02,  6.37it/s]
(35/65): Propagating:  50%|█████     | 16/32 [00:02<00:02,  6.37it/s]
(35/65): Propagating:  53%|█████▎    | 17/32 [00:02<00:02,  6.38it/s]
(35/65): Propagating:  56%|█████▋    | 18/32 [00:02<00:02,  6.38it/s]
(35/65): Propagating:  59%|█████▉    | 19/32 [00:03<00:02,  6.39it/s]
(35/65): Propagating:  62%|██████▎   | 20/32 [00:03<00:01,  6.37it/s]
(35/65): Propagating:  66%|██████▌   | 21/32 [00:03<00:01,  6.34it/s]
(35/65): Propagating:  69%|██████▉   | 22/32 [00:03<00:01,  6.35it/s]
(35/65): Propagating:  72%|███████▏  | 23/32 [00:03<00:01,  6.35it/s]
(35/65): Propagating:  75%|███████▌  | 24/32 [00:03<00:01,  6.36it/s]
(35/65): Propagating:  78%|███████▊  | 25/32 [00:03<00:01,  6.37it/s]
(35/65): Propagating:  81%|████████▏ | 26/32 [00:04<00:00,  6.37it/s]
(35/65): Propagating:  84%|████████▍ | 27/32 [00:04<00:00,  6.37it/s]
(35/65): Propagating:  88%|████████▊ | 28/32 [00:04<00:00,  6.37it/s]
(35/65): Propagating:  91%|█████████ | 29/32 [00:04<00:00,  6.38it/s]
(35/65): Propagating:  94%|█████████▍| 30/32 [00:04<00:00,  6.38it/s]
(35/65): Propagating:  97%|█████████▋| 31/32 [00:04<00:00,  6.31it/s]
(35/65): Propagating: 100%|██████████| 32/32 [00:05<00:00,  6.27it/s]
(35/65): Propagating: 100%|██████████| 32/32 [00:05<00:00,  6.33it/s]

(36/65): Calibrating:   0%|          | 0/32 [00:00<?, ?it/s]
(36/65): Calibrating:   6%|▋         | 2/32 [00:00<00:04,  6.88it/s]
(36/65): Calibrating:   9%|▉         | 3/32 [00:00<00:05,  5.60it/s]
(36/65): Calibrating:  12%|█▎        | 4/32 [00:00<00:05,  5.09it/s]
(36/65): Calibrating:  16%|█▌        | 5/32 [00:00<00:05,  4.83it/s]
(36/65): Calibrating:  19%|█▉        | 6/32 [00:01<00:05,  4.69it/s]
(36/65): Calibrating:  22%|██▏       | 7/32 [00:01<00:05,  4.61it/s]
(36/65): Calibrating:  25%|██▌       | 8/32 [00:01<00:05,  4.55it/s]
(36/65): Calibrating:  28%|██▊       | 9/32 [00:01<00:05,  4.51it/s]
(36/65): Calibrating:  31%|███▏      | 10/32 [00:02<00:04,  4.49it/s]
(36/65): Calibrating:  34%|███▍      | 11/32 [00:02<00:04,  4.47it/s]
(36/65): Calibrating:  38%|███▊      | 12/32 [00:02<00:04,  4.46it/s]
(36/65): Calibrating:  41%|████      | 13/32 [00:02<00:04,  4.45it/s]
(36/65): Calibrating:  44%|████▍     | 14/32 [00:02<00:04,  4.45it/s]
(36/65): Calibrating:  47%|████▋     | 15/32 [00:03<00:03,  4.44it/s]
(36/65): Calibrating:  50%|█████     | 16/32 [00:03<00:03,  4.44it/s]
(36/65): Calibrating:  53%|█████▎    | 17/32 [00:03<00:03,  4.44it/s]
(36/65): Calibrating:  56%|█████▋    | 18/32 [00:03<00:03,  4.43it/s]
(36/65): Calibrating:  59%|█████▉    | 19/32 [00:04<00:02,  4.43it/s]
(36/65): Calibrating:  62%|██████▎   | 20/32 [00:04<00:02,  4.43it/s]
(36/65): Calibrating:  66%|██████▌   | 21/32 [00:04<00:02,  4.42it/s]
(36/65): Calibrating:  69%|██████▉   | 22/32 [00:04<00:02,  4.42it/s]
(36/65): Calibrating:  72%|███████▏  | 23/32 [00:05<00:02,  4.42it/s]
(36/65): Calibrating:  75%|███████▌  | 24/32 [00:05<00:01,  4.42it/s]
(36/65): Calibrating:  78%|███████▊  | 25/32 [00:05<00:01,  4.42it/s]
(36/65): Calibrating:  81%|████████▏ | 26/32 [00:05<00:01,  4.42it/s]
(36/65): Calibrating:  84%|████████▍ | 27/32 [00:05<00:01,  4.42it/s]
(36/65): Calibrating:  88%|████████▊ | 28/32 [00:06<00:00,  4.42it/s]
(36/65): Calibrating:  91%|█████████ | 29/32 [00:06<00:00,  4.42it/s]
(36/65): Calibrating:  94%|█████████▍| 30/32 [00:06<00:00,  4.42it/s]
(36/65): Calibrating:  97%|█████████▋| 31/32 [00:06<00:00,  4.43it/s]
(36/65): Calibrating: 100%|██████████| 32/32 [00:07<00:00,  4.45it/s]
(36/65): Calibrating: 100%|██████████| 32/32 [00:07<00:00,  4.53it/s]
2026-09-11T06:16:22.6382 | compress_module_list | INFO - Quantizing model.language_model.layers.34.mlp.gate_proj using 128 samples
2026-09-11T06:16:24.1663 | GPTQ | METRIC - time 1.53s
2026-09-11T06:16:24.1665 | GPTQ | METRIC - error 24952.76
2026-09-11T06:16:24.1668 | GPTQ | METRIC - Accelerator 0 | usage: 69.80% | total memory: 47.8 Gb
2026-09-11T06:16:24.1670 | GPTQ | METRIC - Accelerator 1 | usage: 61.54% | total memory: 47.8 Gb
2026-09-11T06:16:24.1756 | compress_module_list | INFO - Quantizing model.language_model.layers.34.mlp.up_proj using 128 samples
2026-09-11T06:16:25.7159 | GPTQ | METRIC - time 1.54s
2026-09-11T06:16:25.7161 | GPTQ | METRIC - error 27756.85
2026-09-11T06:16:25.7164 | GPTQ | METRIC - Accelerator 0 | usage: 69.80% | total memory: 47.8 Gb
2026-09-11T06:16:25.7166 | GPTQ | METRIC - Accelerator 1 | usage: 61.54% | total memory: 47.8 Gb
2026-09-11T06:16:25.7252 | compress_module_list | INFO - Quantizing model.language_model.layers.34.mlp.down_proj using 128 samples
2026-09-11T06:16:31.3369 | GPTQ | METRIC - time 5.61s
2026-09-11T06:16:31.3371 | GPTQ | METRIC - error 2024.44
2026-09-11T06:16:31.3374 | GPTQ | METRIC - Accelerator 0 | usage: 69.80% | total memory: 47.8 Gb
2026-09-11T06:16:31.3376 | GPTQ | METRIC - Accelerator 1 | usage: 61.54% | total memory: 47.8 Gb

(36/65): Propagating:   0%|          | 0/32 [00:00<?, ?it/s]
(36/65): Propagating:   3%|▎         | 1/32 [00:00<00:05,  5.82it/s]
(36/65): Propagating:   6%|▋         | 2/32 [00:00<00:04,  6.04it/s]
(36/65): Propagating:   9%|▉         | 3/32 [00:00<00:04,  6.10it/s]
(36/65): Propagating:  12%|█▎        | 4/32 [00:00<00:04,  6.13it/s]
(36/65): Propagating:  16%|█▌        | 5/32 [00:00<00:04,  6.13it/s]
(36/65): Propagating:  19%|█▉        | 6/32 [00:00<00:04,  6.10it/s]
(36/65): Propagating:  22%|██▏       | 7/32 [00:01<00:04,  6.14it/s]
(36/65): Propagating:  25%|██▌       | 8/32 [00:01<00:03,  6.15it/s]
(36/65): Propagating:  28%|██▊       | 9/32 [00:01<00:03,  6.17it/s]
(36/65): Propagating:  31%|███▏      | 10/32 [00:01<00:03,  6.17it/s]
(36/65): Propagating:  34%|███▍      | 11/32 [00:01<00:03,  6.10it/s]
(36/65): Propagating:  38%|███▊      | 12/32 [00:01<00:03,  6.11it/s]
(36/65): Propagating:  41%|████      | 13/32 [00:02<00:03,  6.13it/s]
(36/65): Propagating:  44%|████▍     | 14/32 [00:02<00:02,  6.16it/s]
(36/65): Propagating:  47%|████▋     | 15/32 [00:02<00:02,  6.17it/s]
(36/65): Propagating:  50%|█████     | 16/32 [00:02<00:02,  6.16it/s]
(36/65): Propagating:  53%|█████▎    | 17/32 [00:02<00:02,  6.18it/s]
(36/65): Propagating:  56%|█████▋    | 18/32 [00:02<00:02,  6.20it/s]
(36/65): Propagating:  59%|█████▉    | 19/32 [00:03<00:02,  6.16it/s]
(36/65): Propagating:  62%|██████▎   | 20/32 [00:03<00:01,  6.17it/s]
(36/65): Propagating:  66%|██████▌   | 21/32 [00:03<00:01,  6.17it/s]
(36/65): Propagating:  69%|██████▉   | 22/32 [00:03<00:01,  6.18it/s]
(36/65): Propagating:  72%|███████▏  | 23/32 [00:03<00:01,  6.19it/s]
(36/65): Propagating:  75%|███████▌  | 24/32 [00:03<00:01,  6.20it/s]
(36/65): Propagating:  78%|███████▊  | 25/32 [00:04<00:01,  6.20it/s]
(36/65): Propagating:  81%|████████▏ | 26/32 [00:04<00:00,  6.21it/s]
(36/65): Propagating:  84%|████████▍ | 27/32 [00:04<00:00,  6.21it/s]
(36/65): Propagating:  88%|████████▊ | 28/32 [00:04<00:00,  6.21it/s]
(36/65): Propagating:  91%|█████████ | 29/32 [00:04<00:00,  6.21it/s]
(36/65): Propagating:  94%|█████████▍| 30/32 [00:04<00:00,  6.22it/s]
(36/65): Propagating:  97%|█████████▋| 31/32 [00:05<00:00,  6.13it/s]
(36/65): Propagating: 100%|██████████| 32/32 [00:05<00:00,  6.04it/s]
(36/65): Propagating: 100%|██████████| 32/32 [00:05<00:00,  6.15it/s]

(37/65): Calibrating:   0%|          | 0/32 [00:00<?, ?it/s]
(37/65): Calibrating:   6%|▋         | 2/32 [00:00<00:04,  7.05it/s]
(37/65): Calibrating:   9%|▉         | 3/32 [00:00<00:05,  5.53it/s]
(37/65): Calibrating:  12%|█▎        | 4/32 [00:00<00:05,  4.96it/s]
(37/65): Calibrating:  16%|█▌        | 5/32 [00:00<00:05,  4.68it/s]
(37/65): Calibrating:  19%|█▉        | 6/32 [00:01<00:05,  4.53it/s]
(37/65): Calibrating:  22%|██▏       | 7/32 [00:01<00:05,  4.44it/s]
(37/65): Calibrating:  25%|██▌       | 8/32 [00:01<00:05,  4.37it/s]
(37/65): Calibrating:  28%|██▊       | 9/32 [00:01<00:05,  4.33it/s]
(37/65): Calibrating:  31%|███▏      | 10/32 [00:02<00:05,  4.30it/s]
(37/65): Calibrating:  34%|███▍      | 11/32 [00:02<00:04,  4.28it/s]
(37/65): Calibrating:  38%|███▊      | 12/32 [00:02<00:04,  4.27it/s]
(37/65): Calibrating:  41%|████      | 13/32 [00:02<00:04,  4.26it/s]
(37/65): Calibrating:  44%|████▍     | 14/32 [00:03<00:04,  4.25it/s]
(37/65): Calibrating:  47%|████▋     | 15/32 [00:03<00:04,  4.24it/s]
(37/65): Calibrating:  50%|█████     | 16/32 [00:03<00:03,  4.24it/s]
(37/65): Calibrating:  53%|█████▎    | 17/32 [00:03<00:03,  4.24it/s]
(37/65): Calibrating:  56%|█████▋    | 18/32 [00:04<00:03,  4.24it/s]
(37/65): Calibrating:  59%|█████▉    | 19/32 [00:04<00:03,  4.24it/s]
(37/65): Calibrating:  62%|██████▎   | 20/32 [00:04<00:02,  4.23it/s]
(37/65): Calibrating:  66%|██████▌   | 21/32 [00:04<00:02,  4.23it/s]
(37/65): Calibrating:  69%|██████▉   | 22/32 [00:05<00:02,  4.24it/s]
(37/65): Calibrating:  72%|███████▏  | 23/32 [00:05<00:02,  4.24it/s]
(37/65): Calibrating:  75%|███████▌  | 24/32 [00:05<00:01,  4.23it/s]
(37/65): Calibrating:  78%|███████▊  | 25/32 [00:05<00:01,  4.23it/s]
(37/65): Calibrating:  81%|████████▏ | 26/32 [00:05<00:01,  4.23it/s]
(37/65): Calibrating:  84%|████████▍ | 27/32 [00:06<00:01,  4.23it/s]
(37/65): Calibrating:  88%|████████▊ | 28/32 [00:06<00:00,  4.23it/s]
(37/65): Calibrating:  91%|█████████ | 29/32 [00:06<00:00,  4.24it/s]
(37/65): Calibrating:  94%|█████████▍| 30/32 [00:06<00:00,  4.23it/s]
(37/65): Calibrating:  97%|█████████▋| 31/32 [00:07<00:00,  4.23it/s]
(37/65): Calibrating: 100%|██████████| 32/32 [00:07<00:00,  4.23it/s]
(37/65): Calibrating: 100%|██████████| 32/32 [00:07<00:00,  4.34it/s]
2026-09-11T06:16:44.1386 | compress_module_list | INFO - Quantizing model.language_model.layers.35.self_attn.q_proj using 128 samples
2026-09-11T06:16:45.6169 | GPTQ | METRIC - time 1.48s
2026-09-11T06:16:45.6171 | GPTQ | METRIC - error 36436.02
2026-09-11T06:16:45.6174 | GPTQ | METRIC - Accelerator 0 | usage: 69.80% | total memory: 47.8 Gb
2026-09-11T06:16:45.6176 | GPTQ | METRIC - Accelerator 1 | usage: 61.54% | total memory: 47.8 Gb
2026-09-11T06:16:45.6236 | compress_module_list | INFO - Quantizing model.language_model.layers.35.self_attn.k_proj using 128 samples
2026-09-11T06:16:47.0498 | GPTQ | METRIC - time 1.43s
2026-09-11T06:16:47.0499 | GPTQ | METRIC - error 4036.92
2026-09-11T06:16:47.0503 | GPTQ | METRIC - Accelerator 0 | usage: 69.80% | total memory: 47.8 Gb
2026-09-11T06:16:47.0504 | GPTQ | METRIC - Accelerator 1 | usage: 61.54% | total memory: 47.8 Gb
2026-09-11T06:16:47.0511 | compress_module_list | INFO - Quantizing model.language_model.layers.35.self_attn.v_proj using 128 samples
2026-09-11T06:16:48.4714 | GPTQ | METRIC - time 1.42s
2026-09-11T06:16:48.4716 | GPTQ | METRIC - error 5778.50
2026-09-11T06:16:48.4719 | GPTQ | METRIC - Accelerator 0 | usage: 69.80% | total memory: 47.8 Gb
2026-09-11T06:16:48.4721 | GPTQ | METRIC - Accelerator 1 | usage: 61.54% | total memory: 47.8 Gb
2026-09-11T06:16:48.4727 | compress_module_list | INFO - Quantizing model.language_model.layers.35.self_attn.o_proj using 128 samples
2026-09-11T06:16:50.2117 | GPTQ | METRIC - time 1.74s
2026-09-11T06:16:50.2119 | GPTQ | METRIC - error 1951.16
2026-09-11T06:16:50.2122 | GPTQ | METRIC - Accelerator 0 | usage: 69.80% | total memory: 47.8 Gb
2026-09-11T06:16:50.2124 | GPTQ | METRIC - Accelerator 1 | usage: 61.54% | total memory: 47.8 Gb
2026-09-11T06:16:50.2155 | compress_module_list | INFO - Quantizing model.language_model.layers.35.mlp.gate_proj using 128 samples
2026-09-11T06:16:51.6960 | GPTQ | METRIC - time 1.48s
2026-09-11T06:16:51.6961 | GPTQ | METRIC - error 27525.52
2026-09-11T06:16:51.6965 | GPTQ | METRIC - Accelerator 0 | usage: 69.80% | total memory: 47.8 Gb
2026-09-11T06:16:51.6967 | GPTQ | METRIC - Accelerator 1 | usage: 61.54% | total memory: 47.8 Gb
2026-09-11T06:16:51.7052 | compress_module_list | INFO - Quantizing model.language_model.layers.35.mlp.up_proj using 128 samples
2026-09-11T06:16:53.1912 | GPTQ | METRIC - time 1.49s
2026-09-11T06:16:53.1914 | GPTQ | METRIC - error 30507.24
2026-09-11T06:16:53.1917 | GPTQ | METRIC - Accelerator 0 | usage: 69.80% | total memory: 47.8 Gb
2026-09-11T06:16:53.1919 | GPTQ | METRIC - Accelerator 1 | usage: 61.54% | total memory: 47.8 Gb
2026-09-11T06:16:53.2005 | compress_module_list | INFO - Quantizing model.language_model.layers.35.mlp.down_proj using 128 samples
2026-09-11T06:16:59.0962 | GPTQ | METRIC - time 5.90s
2026-09-11T06:16:59.0964 | GPTQ | METRIC - error 2613.15
2026-09-11T06:16:59.0968 | GPTQ | METRIC - Accelerator 0 | usage: 69.80% | total memory: 47.8 Gb
2026-09-11T06:16:59.0970 | GPTQ | METRIC - Accelerator 1 | usage: 61.54% | total memory: 47.8 Gb

(37/65): Propagating:   0%|          | 0/32 [00:00<?, ?it/s]
(37/65): Propagating:   3%|▎         | 1/32 [00:00<00:04,  6.25it/s]
(37/65): Propagating:   6%|▋         | 2/32 [00:00<00:04,  6.25it/s]
(37/65): Propagating:   9%|▉         | 3/32 [00:00<00:04,  6.41it/s]
(37/65): Propagating:  12%|█▎        | 4/32 [00:00<00:04,  6.28it/s]
(37/65): Propagating:  16%|█▌        | 5/32 [00:00<00:04,  6.40it/s]
(37/65): Propagating:  19%|█▉        | 6/32 [00:00<00:04,  6.38it/s]
(37/65): Propagating:  22%|██▏       | 7/32 [00:01<00:03,  6.43it/s]
(37/65): Propagating:  25%|██▌       | 8/32 [00:01<00:03,  6.56it/s]
(37/65): Propagating:  28%|██▊       | 9/32 [00:01<00:03,  6.66it/s]
(37/65): Propagating:  31%|███▏      | 10/32 [00:01<00:03,  6.74it/s]
(37/65): Propagating:  34%|███▍      | 11/32 [00:01<00:03,  6.79it/s]
(37/65): Propagating:  38%|███▊      | 12/32 [00:01<00:02,  6.84it/s]
(37/65): Propagating:  41%|████      | 13/32 [00:01<00:02,  6.87it/s]
(37/65): Propagating:  44%|████▍     | 14/32 [00:02<00:02,  6.89it/s]
(37/65): Propagating:  47%|████▋     | 15/32 [00:02<00:02,  6.99it/s]
(37/65): Propagating:  50%|█████     | 16/32 [00:02<00:02,  7.20it/s]
(37/65): Propagating:  53%|█████▎    | 17/32 [00:02<00:02,  7.23it/s]
(37/65): Propagating:  56%|█████▋    | 18/32 [00:02<00:01,  7.15it/s]
(37/65): Propagating:  59%|█████▉    | 19/32 [00:02<00:01,  7.09it/s]
(37/65): Propagating:  62%|██████▎   | 20/32 [00:02<00:01,  7.05it/s]
(37/65): Propagating:  66%|██████▌   | 21/32 [00:03<00:01,  7.02it/s]
(37/65): Propagating:  69%|██████▉   | 22/32 [00:03<00:01,  7.00it/s]
(37/65): Propagating:  72%|███████▏  | 23/32 [00:03<00:01,  6.99it/s]
(37/65): Propagating:  75%|███████▌  | 24/32 [00:03<00:01,  6.98it/s]
(37/65): Propagating:  78%|███████▊  | 25/32 [00:03<00:01,  6.97it/s]
(37/65): Propagating:  81%|████████▏ | 26/32 [00:03<00:00,  6.97it/s]
(37/65): Propagating:  84%|████████▍ | 27/32 [00:03<00:00,  6.96it/s]
(37/65): Propagating:  88%|████████▊ | 28/32 [00:04<00:00,  6.95it/s]
(37/65): Propagating:  91%|█████████ | 29/32 [00:04<00:00,  6.95it/s]
(37/65): Propagating:  94%|█████████▍| 30/32 [00:04<00:00,  6.94it/s]
(37/65): Propagating:  97%|█████████▋| 31/32 [00:04<00:00,  6.94it/s]
(37/65): Propagating: 100%|██████████| 32/32 [00:04<00:00,  7.10it/s]
(37/65): Propagating: 100%|██████████| 32/32 [00:04<00:00,  6.86it/s]

(38/65): Calibrating:   0%|          | 0/32 [00:00<?, ?it/s]
(38/65): Calibrating:   6%|▋         | 2/32 [00:00<00:04,  6.96it/s]
(38/65): Calibrating:   9%|▉         | 3/32 [00:00<00:05,  5.62it/s]
(38/65): Calibrating:  12%|█▎        | 4/32 [00:00<00:05,  5.13it/s]
(38/65): Calibrating:  16%|█▌        | 5/32 [00:00<00:05,  4.89it/s]
(38/65): Calibrating:  19%|█▉        | 6/32 [00:01<00:05,  4.74it/s]
(38/65): Calibrating:  22%|██▏       | 7/32 [00:01<00:05,  4.66it/s]
(38/65): Calibrating:  25%|██▌       | 8/32 [00:01<00:05,  4.60it/s]
(38/65): Calibrating:  28%|██▊       | 9/32 [00:01<00:05,  4.57it/s]
(38/65): Calibrating:  31%|███▏      | 10/32 [00:02<00:04,  4.55it/s]
(38/65): Calibrating:  34%|███▍      | 11/32 [00:02<00:04,  4.53it/s]
(38/65): Calibrating:  38%|███▊      | 12/32 [00:02<00:04,  4.52it/s]
(38/65): Calibrating:  41%|████      | 13/32 [00:02<00:04,  4.51it/s]
(38/65): Calibrating:  44%|████▍     | 14/32 [00:02<00:04,  4.50it/s]
(38/65): Calibrating:  47%|████▋     | 15/32 [00:03<00:03,  4.49it/s]
(38/65): Calibrating:  50%|█████     | 16/32 [00:03<00:03,  4.50it/s]
(38/65): Calibrating:  53%|█████▎    | 17/32 [00:03<00:03,  4.49it/s]
(38/65): Calibrating:  56%|█████▋    | 18/32 [00:03<00:03,  4.50it/s]
(38/65): Calibrating:  59%|█████▉    | 19/32 [00:04<00:02,  4.49it/s]
(38/65): Calibrating:  62%|██████▎   | 20/32 [00:04<00:02,  4.49it/s]
(38/65): Calibrating:  66%|██████▌   | 21/32 [00:04<00:02,  4.49it/s]
(38/65): Calibrating:  69%|██████▉   | 22/32 [00:04<00:02,  4.49it/s]
(38/65): Calibrating:  72%|███████▏  | 23/32 [00:04<00:02,  4.49it/s]
(38/65): Calibrating:  75%|███████▌  | 24/32 [00:05<00:01,  4.50it/s]
(38/65): Calibrating:  78%|███████▊  | 25/32 [00:05<00:01,  4.50it/s]
(38/65): Calibrating:  81%|████████▏ | 26/32 [00:05<00:01,  4.50it/s]
(38/65): Calibrating:  84%|████████▍ | 27/32 [00:05<00:01,  4.50it/s]
(38/65): Calibrating:  88%|████████▊ | 28/32 [00:06<00:00,  4.49it/s]
(38/65): Calibrating:  91%|█████████ | 29/32 [00:06<00:00,  4.49it/s]
(38/65): Calibrating:  94%|█████████▍| 30/32 [00:06<00:00,  4.49it/s]
(38/65): Calibrating:  97%|█████████▋| 31/32 [00:06<00:00,  4.50it/s]
(38/65): Calibrating: 100%|██████████| 32/32 [00:06<00:00,  4.50it/s]
(38/65): Calibrating: 100%|██████████| 32/32 [00:06<00:00,  4.59it/s]
2026-09-11T06:17:10.9268 | compress_module_list | INFO - Quantizing model.language_model.layers.36.mlp.gate_proj using 128 samples
2026-09-11T06:17:12.4308 | GPTQ | METRIC - time 1.50s
2026-09-11T06:17:12.4309 | GPTQ | METRIC - error 32235.19
2026-09-11T06:17:12.4312 | GPTQ | METRIC - Accelerator 0 | usage: 69.80% | total memory: 47.8 Gb
2026-09-11T06:17:12.4314 | GPTQ | METRIC - Accelerator 1 | usage: 61.54% | total memory: 47.8 Gb
2026-09-11T06:17:12.4400 | compress_module_list | INFO - Quantizing model.language_model.layers.36.mlp.up_proj using 128 samples
2026-09-11T06:17:13.9439 | GPTQ | METRIC - time 1.50s
2026-09-11T06:17:13.9441 | GPTQ | METRIC - error 31855.43
2026-09-11T06:17:13.9444 | GPTQ | METRIC - Accelerator 0 | usage: 69.80% | total memory: 47.8 Gb
2026-09-11T06:17:13.9446 | GPTQ | METRIC - Accelerator 1 | usage: 61.54% | total memory: 47.8 Gb
2026-09-11T06:17:13.9532 | compress_module_list | INFO - Quantizing model.language_model.layers.36.mlp.down_proj using 128 samples
2026-09-11T06:17:19.5340 | GPTQ | METRIC - time 5.58s
2026-09-11T06:17:19.5341 | GPTQ | METRIC - error 2206.93
2026-09-11T06:17:19.5344 | GPTQ | METRIC - Accelerator 0 | usage: 69.80% | total memory: 47.8 Gb
2026-09-11T06:17:19.5346 | GPTQ | METRIC - Accelerator 1 | usage: 61.54% | total memory: 47.8 Gb

(38/65): Propagating:   0%|          | 0/32 [00:00<?, ?it/s]
(38/65): Propagating:   3%|▎         | 1/32 [00:00<00:05,  6.01it/s]
(38/65): Propagating:   6%|▋         | 2/32 [00:00<00:04,  6.17it/s]
(38/65): Propagating:   9%|▉         | 3/32 [00:00<00:04,  6.22it/s]
(38/65): Propagating:  12%|█▎        | 4/32 [00:00<00:04,  6.27it/s]
(38/65): Propagating:  16%|█▌        | 5/32 [00:00<00:04,  6.29it/s]
(38/65): Propagating:  19%|█▉        | 6/32 [00:00<00:04,  6.30it/s]
(38/65): Propagating:  22%|██▏       | 7/32 [00:01<00:03,  6.31it/s]
(38/65): Propagating:  25%|██▌       | 8/32 [00:01<00:03,  6.32it/s]
(38/65): Propagating:  28%|██▊       | 9/32 [00:01<00:03,  6.33it/s]
(38/65): Propagating:  31%|███▏      | 10/32 [00:01<00:03,  6.33it/s]
(38/65): Propagating:  34%|███▍      | 11/32 [00:01<00:03,  6.33it/s]
(38/65): Propagating:  38%|███▊      | 12/32 [00:01<00:03,  6.34it/s]
(38/65): Propagating:  41%|████      | 13/32 [00:02<00:02,  6.35it/s]
(38/65): Propagating:  44%|████▍     | 14/32 [00:02<00:02,  6.35it/s]
(38/65): Propagating:  47%|████▋     | 15/32 [00:02<00:02,  6.35it/s]
(38/65): Propagating:  50%|█████     | 16/32 [00:02<00:02,  6.36it/s]
(38/65): Propagating:  53%|█████▎    | 17/32 [00:02<00:02,  6.36it/s]
(38/65): Propagating:  56%|█████▋    | 18/32 [00:02<00:02,  6.37it/s]
(38/65): Propagating:  59%|█████▉    | 19/32 [00:03<00:02,  6.37it/s]
(38/65): Propagating:  62%|██████▎   | 20/32 [00:03<00:01,  6.37it/s]
(38/65): Propagating:  66%|██████▌   | 21/32 [00:03<00:01,  6.37it/s]
(38/65): Propagating:  69%|██████▉   | 22/32 [00:03<00:01,  6.36it/s]
(38/65): Propagating:  72%|███████▏  | 23/32 [00:03<00:01,  6.36it/s]
(38/65): Propagating:  75%|███████▌  | 24/32 [00:03<00:01,  6.36it/s]
(38/65): Propagating:  78%|███████▊  | 25/32 [00:03<00:01,  6.36it/s]
(38/65): Propagating:  81%|████████▏ | 26/32 [00:04<00:00,  6.37it/s]
(38/65): Propagating:  84%|████████▍ | 27/32 [00:04<00:00,  6.37it/s]
(38/65): Propagating:  88%|████████▊ | 28/32 [00:04<00:00,  6.37it/s]
(38/65): Propagating:  91%|█████████ | 29/32 [00:04<00:00,  6.37it/s]
(38/65): Propagating:  94%|█████████▍| 30/32 [00:04<00:00,  6.37it/s]
(38/65): Propagating:  97%|█████████▋| 31/32 [00:04<00:00,  6.37it/s]
(38/65): Propagating: 100%|██████████| 32/32 [00:05<00:00,  6.37it/s]
(38/65): Propagating: 100%|██████████| 32/32 [00:05<00:00,  6.34it/s]

(39/65): Calibrating:   0%|          | 0/32 [00:00<?, ?it/s]
(39/65): Calibrating:   6%|▋         | 2/32 [00:00<00:04,  7.04it/s]
(39/65): Calibrating:   9%|▉         | 3/32 [00:00<00:05,  5.71it/s]
(39/65): Calibrating:  12%|█▎        | 4/32 [00:00<00:05,  5.20it/s]
(39/65): Calibrating:  16%|█▌        | 5/32 [00:00<00:05,  4.93it/s]
(39/65): Calibrating:  19%|█▉        | 6/32 [00:01<00:05,  4.78it/s]
(39/65): Calibrating:  22%|██▏       | 7/32 [00:01<00:05,  4.68it/s]
(39/65): Calibrating:  25%|██▌       | 8/32 [00:01<00:05,  4.62it/s]
(39/65): Calibrating:  28%|██▊       | 9/32 [00:01<00:05,  4.58it/s]
(39/65): Calibrating:  31%|███▏      | 10/32 [00:02<00:04,  4.56it/s]
(39/65): Calibrating:  34%|███▍      | 11/32 [00:02<00:04,  4.55it/s]
(39/65): Calibrating:  38%|███▊      | 12/32 [00:02<00:04,  4.54it/s]
(39/65): Calibrating:  41%|████      | 13/32 [00:02<00:04,  4.53it/s]
(39/65): Calibrating:  44%|████▍     | 14/32 [00:02<00:03,  4.52it/s]
(39/65): Calibrating:  47%|████▋     | 15/32 [00:03<00:03,  4.51it/s]
(39/65): Calibrating:  50%|█████     | 16/32 [00:03<00:03,  4.51it/s]
(39/65): Calibrating:  53%|█████▎    | 17/32 [00:03<00:03,  4.49it/s]
(39/65): Calibrating:  56%|█████▋    | 18/32 [00:03<00:03,  4.48it/s]
(39/65): Calibrating:  59%|█████▉    | 19/32 [00:04<00:02,  4.49it/s]
(39/65): Calibrating:  62%|██████▎   | 20/32 [00:04<00:02,  4.49it/s]
(39/65): Calibrating:  66%|██████▌   | 21/32 [00:04<00:02,  4.49it/s]
(39/65): Calibrating:  69%|██████▉   | 22/32 [00:04<00:02,  4.49it/s]
(39/65): Calibrating:  72%|███████▏  | 23/32 [00:04<00:02,  4.49it/s]
(39/65): Calibrating:  75%|███████▌  | 24/32 [00:05<00:01,  4.48it/s]
(39/65): Calibrating:  78%|███████▊  | 25/32 [00:05<00:01,  4.49it/s]
(39/65): Calibrating:  81%|████████▏ | 26/32 [00:05<00:01,  4.49it/s]
(39/65): Calibrating:  84%|████████▍ | 27/32 [00:05<00:01,  4.49it/s]
(39/65): Calibrating:  88%|████████▊ | 28/32 [00:06<00:00,  4.50it/s]
(39/65): Calibrating:  91%|█████████ | 29/32 [00:06<00:00,  4.49it/s]
(39/65): Calibrating:  94%|█████████▍| 30/32 [00:06<00:00,  4.49it/s]
(39/65): Calibrating:  97%|█████████▋| 31/32 [00:06<00:00,  4.49it/s]
(39/65): Calibrating: 100%|██████████| 32/32 [00:06<00:00,  4.49it/s]
(39/65): Calibrating: 100%|██████████| 32/32 [00:06<00:00,  4.60it/s]
2026-09-11T06:17:31.7373 | compress_module_list | INFO - Quantizing model.language_model.layers.37.mlp.gate_proj using 128 samples
2026-09-11T06:17:33.2326 | GPTQ | METRIC - time 1.50s
2026-09-11T06:17:33.2328 | GPTQ | METRIC - error 33886.48
2026-09-11T06:17:33.2331 | GPTQ | METRIC - Accelerator 0 | usage: 69.80% | total memory: 47.8 Gb
2026-09-11T06:17:33.2333 | GPTQ | METRIC - Accelerator 1 | usage: 61.54% | total memory: 47.8 Gb
2026-09-11T06:17:33.2419 | compress_module_list | INFO - Quantizing model.language_model.layers.37.mlp.up_proj using 128 samples
2026-09-11T06:17:34.9733 | GPTQ | METRIC - time 1.73s
2026-09-11T06:17:34.9735 | GPTQ | METRIC - error 32990.93
2026-09-11T06:17:34.9738 | GPTQ | METRIC - Accelerator 0 | usage: 69.80% | total memory: 47.8 Gb
2026-09-11T06:17:34.9740 | GPTQ | METRIC - Accelerator 1 | usage: 61.54% | total memory: 47.8 Gb
2026-09-11T06:17:34.9826 | compress_module_list | INFO - Quantizing model.language_model.layers.37.mlp.down_proj using 128 samples
2026-09-11T06:17:40.5612 | GPTQ | METRIC - time 5.58s
2026-09-11T06:17:40.5614 | GPTQ | METRIC - error 2176.00
2026-09-11T06:17:40.5617 | GPTQ | METRIC - Accelerator 0 | usage: 69.80% | total memory: 47.8 Gb
2026-09-11T06:17:40.5619 | GPTQ | METRIC - Accelerator 1 | usage: 61.54% | total memory: 47.8 Gb

(39/65): Propagating:   0%|          | 0/32 [00:00<?, ?it/s]
(39/65): Propagating:   3%|▎         | 1/32 [00:00<00:05,  5.76it/s]
(39/65): Propagating:   6%|▋         | 2/32 [00:00<00:05,  5.81it/s]
(39/65): Propagating:   9%|▉         | 3/32 [00:00<00:04,  5.97it/s]
(39/65): Propagating:  12%|█▎        | 4/32 [00:00<00:04,  6.04it/s]
(39/65): Propagating:  16%|█▌        | 5/32 [00:00<00:04,  6.10it/s]
(39/65): Propagating:  19%|█▉        | 6/32 [00:00<00:04,  6.14it/s]
(39/65): Propagating:  22%|██▏       | 7/32 [00:01<00:04,  6.14it/s]
(39/65): Propagating:  25%|██▌       | 8/32 [00:01<00:03,  6.12it/s]
(39/65): Propagating:  28%|██▊       | 9/32 [00:01<00:03,  6.10it/s]
(39/65): Propagating:  31%|███▏      | 10/32 [00:01<00:03,  6.10it/s]
(39/65): Propagating:  34%|███▍      | 11/32 [00:01<00:03,  6.13it/s]
(39/65): Propagating:  38%|███▊      | 12/32 [00:01<00:03,  6.15it/s]
(39/65): Propagating:  41%|████      | 13/32 [00:02<00:03,  6.18it/s]
(39/65): Propagating:  44%|████▍     | 14/32 [00:02<00:02,  6.22it/s]
(39/65): Propagating:  47%|████▋     | 15/32 [00:02<00:02,  6.23it/s]
(39/65): Propagating:  50%|█████     | 16/32 [00:02<00:02,  6.25it/s]
(39/65): Propagating:  53%|█████▎    | 17/32 [00:02<00:02,  6.22it/s]
(39/65): Propagating:  56%|█████▋    | 18/32 [00:02<00:02,  6.14it/s]
(39/65): Propagating:  59%|█████▉    | 19/32 [00:03<00:02,  6.11it/s]
(39/65): Propagating:  62%|██████▎   | 20/32 [00:03<00:01,  6.13it/s]
(39/65): Propagating:  66%|██████▌   | 21/32 [00:03<00:01,  6.15it/s]
(39/65): Propagating:  69%|██████▉   | 22/32 [00:03<00:01,  6.15it/s]
(39/65): Propagating:  72%|███████▏  | 23/32 [00:03<00:01,  6.16it/s]
(39/65): Propagating:  75%|███████▌  | 24/32 [00:03<00:01,  6.16it/s]
(39/65): Propagating:  78%|███████▊  | 25/32 [00:04<00:01,  6.15it/s]
(39/65): Propagating:  81%|████████▏ | 26/32 [00:04<00:00,  6.17it/s]
(39/65): Propagating:  84%|████████▍ | 27/32 [00:04<00:00,  6.17it/s]
(39/65): Propagating:  88%|████████▊ | 28/32 [00:04<00:00,  6.17it/s]
(39/65): Propagating:  91%|█████████ | 29/32 [00:04<00:00,  6.22it/s]
(39/65): Propagating:  94%|█████████▍| 30/32 [00:04<00:00,  6.23it/s]
(39/65): Propagating:  97%|█████████▋| 31/32 [00:05<00:00,  6.22it/s]
(39/65): Propagating: 100%|██████████| 32/32 [00:05<00:00,  6.20it/s]
(39/65): Propagating: 100%|██████████| 32/32 [00:05<00:00,  6.15it/s]

(40/65): Calibrating:   0%|          | 0/32 [00:00<?, ?it/s]
(40/65): Calibrating:   6%|▋         | 2/32 [00:00<00:04,  7.05it/s]
(40/65): Calibrating:   9%|▉         | 3/32 [00:00<00:05,  5.69it/s]
(40/65): Calibrating:  12%|█▎        | 4/32 [00:00<00:05,  5.18it/s]
(40/65): Calibrating:  16%|█▌        | 5/32 [00:00<00:05,  4.92it/s]
(40/65): Calibrating:  19%|█▉        | 6/32 [00:01<00:05,  4.78it/s]
(40/65): Calibrating:  22%|██▏       | 7/32 [00:01<00:05,  4.68it/s]
(40/65): Calibrating:  25%|██▌       | 8/32 [00:01<00:05,  4.62it/s]
(40/65): Calibrating:  28%|██▊       | 9/32 [00:01<00:05,  4.58it/s]
(40/65): Calibrating:  31%|███▏      | 10/32 [00:02<00:04,  4.55it/s]
(40/65): Calibrating:  34%|███▍      | 11/32 [00:02<00:04,  4.53it/s]
(40/65): Calibrating:  38%|███▊      | 12/32 [00:02<00:04,  4.52it/s]
(40/65): Calibrating:  41%|████      | 13/32 [00:02<00:04,  4.51it/s]
(40/65): Calibrating:  44%|████▍     | 14/32 [00:02<00:03,  4.51it/s]
(40/65): Calibrating:  47%|████▋     | 15/32 [00:03<00:03,  4.51it/s]
(40/65): Calibrating:  50%|█████     | 16/32 [00:03<00:03,  4.51it/s]
(40/65): Calibrating:  53%|█████▎    | 17/32 [00:03<00:03,  4.50it/s]
(40/65): Calibrating:  56%|█████▋    | 18/32 [00:03<00:03,  4.49it/s]
(40/65): Calibrating:  59%|█████▉    | 19/32 [00:04<00:02,  4.49it/s]
(40/65): Calibrating:  62%|██████▎   | 20/32 [00:04<00:02,  4.49it/s]
(40/65): Calibrating:  66%|██████▌   | 21/32 [00:04<00:02,  4.50it/s]
(40/65): Calibrating:  69%|██████▉   | 22/32 [00:04<00:02,  4.49it/s]
(40/65): Calibrating:  72%|███████▏  | 23/32 [00:04<00:02,  4.49it/s]
(40/65): Calibrating:  75%|███████▌  | 24/32 [00:05<00:01,  4.48it/s]
(40/65): Calibrating:  78%|███████▊  | 25/32 [00:05<00:01,  4.48it/s]
(40/65): Calibrating:  81%|████████▏ | 26/32 [00:05<00:01,  4.48it/s]
(40/65): Calibrating:  84%|████████▍ | 27/32 [00:05<00:01,  4.49it/s]
(40/65): Calibrating:  88%|████████▊ | 28/32 [00:06<00:00,  4.49it/s]
(40/65): Calibrating:  91%|█████████ | 29/32 [00:06<00:00,  4.49it/s]
(40/65): Calibrating:  94%|█████████▍| 30/32 [00:06<00:00,  4.49it/s]
(40/65): Calibrating:  97%|█████████▋| 31/32 [00:06<00:00,  4.49it/s]
(40/65): Calibrating: 100%|██████████| 32/32 [00:06<00:00,  4.49it/s]
(40/65): Calibrating: 100%|██████████| 32/32 [00:06<00:00,  4.60it/s]
2026-09-11T06:17:52.9282 | compress_module_list | INFO - Quantizing model.language_model.layers.38.mlp.gate_proj using 128 samples
2026-09-11T06:17:54.4276 | GPTQ | METRIC - time 1.50s
2026-09-11T06:17:54.4278 | GPTQ | METRIC - error 45307.30
2026-09-11T06:17:54.4281 | GPTQ | METRIC - Accelerator 0 | usage: 69.80% | total memory: 47.8 Gb
2026-09-11T06:17:54.4283 | GPTQ | METRIC - Accelerator 1 | usage: 61.54% | total memory: 47.8 Gb
2026-09-11T06:17:54.4368 | compress_module_list | INFO - Quantizing model.language_model.layers.38.mlp.up_proj using 128 samples
2026-09-11T06:17:55.9396 | GPTQ | METRIC - time 1.50s
2026-09-11T06:17:55.9398 | GPTQ | METRIC - error 38120.66
2026-09-11T06:17:55.9401 | GPTQ | METRIC - Accelerator 0 | usage: 69.80% | total memory: 47.8 Gb
2026-09-11T06:17:55.9403 | GPTQ | METRIC - Accelerator 1 | usage: 61.54% | total memory: 47.8 Gb
2026-09-11T06:17:55.9489 | compress_module_list | INFO - Quantizing model.language_model.layers.38.mlp.down_proj using 128 samples
2026-09-11T06:18:01.5449 | GPTQ | METRIC - time 5.60s
2026-09-11T06:18:01.5451 | GPTQ | METRIC - error 2340.75
2026-09-11T06:18:01.5454 | GPTQ | METRIC - Accelerator 0 | usage: 69.80% | total memory: 47.8 Gb
2026-09-11T06:18:01.5456 | GPTQ | METRIC - Accelerator 1 | usage: 61.54% | total memory: 47.8 Gb

(40/65): Propagating:   0%|          | 0/32 [00:00<?, ?it/s]
(40/65): Propagating:   3%|▎         | 1/32 [00:00<00:05,  6.01it/s]
(40/65): Propagating:   6%|▋         | 2/32 [00:00<00:04,  6.12it/s]
(40/65): Propagating:   9%|▉         | 3/32 [00:00<00:04,  6.13it/s]
(40/65): Propagating:  12%|█▎        | 4/32 [00:00<00:04,  6.12it/s]
(40/65): Propagating:  16%|█▌        | 5/32 [00:00<00:04,  6.17it/s]
(40/65): Propagating:  19%|█▉        | 6/32 [00:00<00:04,  6.22it/s]
(40/65): Propagating:  22%|██▏       | 7/32 [00:01<00:03,  6.25it/s]
(40/65): Propagating:  25%|██▌       | 8/32 [00:01<00:03,  6.29it/s]
(40/65): Propagating:  28%|██▊       | 9/32 [00:01<00:03,  6.30it/s]
(40/65): Propagating:  31%|███▏      | 10/32 [00:01<00:03,  6.31it/s]
(40/65): Propagating:  34%|███▍      | 11/32 [00:01<00:03,  6.32it/s]
(40/65): Propagating:  38%|███▊      | 12/32 [00:01<00:03,  6.32it/s]
(40/65): Propagating:  41%|████      | 13/32 [00:02<00:03,  6.33it/s]
(40/65): Propagating:  44%|████▍     | 14/32 [00:02<00:02,  6.33it/s]
(40/65): Propagating:  47%|████▋     | 15/32 [00:02<00:02,  6.33it/s]
(40/65): Propagating:  50%|█████     | 16/32 [00:02<00:02,  6.33it/s]
(40/65): Propagating:  53%|█████▎    | 17/32 [00:02<00:02,  6.33it/s]
(40/65): Propagating:  56%|█████▋    | 18/32 [00:02<00:02,  6.34it/s]
(40/65): Propagating:  59%|█████▉    | 19/32 [00:03<00:02,  6.34it/s]
(40/65): Propagating:  62%|██████▎   | 20/32 [00:03<00:01,  6.35it/s]
(40/65): Propagating:  66%|██████▌   | 21/32 [00:03<00:01,  6.35it/s]
(40/65): Propagating:  69%|██████▉   | 22/32 [00:03<00:01,  6.36it/s]
(40/65): Propagating:  72%|███████▏  | 23/32 [00:03<00:01,  6.35it/s]
(40/65): Propagating:  75%|███████▌  | 24/32 [00:03<00:01,  6.35it/s]
(40/65): Propagating:  78%|███████▊  | 25/32 [00:03<00:01,  6.35it/s]
(40/65): Propagating:  81%|████████▏ | 26/32 [00:04<00:00,  6.36it/s]
(40/65): Propagating:  84%|████████▍ | 27/32 [00:04<00:00,  6.36it/s]
(40/65): Propagating:  88%|████████▊ | 28/32 [00:04<00:00,  6.36it/s]
(40/65): Propagating:  91%|█████████ | 29/32 [00:04<00:00,  6.36it/s]
(40/65): Propagating:  94%|█████████▍| 30/32 [00:04<00:00,  6.36it/s]
(40/65): Propagating:  97%|█████████▋| 31/32 [00:04<00:00,  6.37it/s]
(40/65): Propagating: 100%|██████████| 32/32 [00:05<00:00,  6.37it/s]
(40/65): Propagating: 100%|██████████| 32/32 [00:05<00:00,  6.32it/s]

(41/65): Calibrating:   0%|          | 0/32 [00:00<?, ?it/s]
(41/65): Calibrating:   6%|▋         | 2/32 [00:00<00:04,  7.09it/s]
(41/65): Calibrating:   9%|▉         | 3/32 [00:00<00:05,  5.54it/s]
(41/65): Calibrating:  12%|█▎        | 4/32 [00:00<00:05,  4.97it/s]
(41/65): Calibrating:  16%|█▌        | 5/32 [00:00<00:05,  4.69it/s]
(41/65): Calibrating:  19%|█▉        | 6/32 [00:01<00:05,  4.54it/s]
(41/65): Calibrating:  22%|██▏       | 7/32 [00:01<00:05,  4.42it/s]
(41/65): Calibrating:  25%|██▌       | 8/32 [00:01<00:05,  4.35it/s]
(41/65): Calibrating:  28%|██▊       | 9/32 [00:01<00:05,  4.30it/s]
(41/65): Calibrating:  31%|███▏      | 10/32 [00:02<00:05,  4.27it/s]
(41/65): Calibrating:  34%|███▍      | 11/32 [00:02<00:04,  4.25it/s]
(41/65): Calibrating:  38%|███▊      | 12/32 [00:02<00:04,  4.25it/s]
(41/65): Calibrating:  41%|████      | 13/32 [00:02<00:04,  4.24it/s]
(41/65): Calibrating:  44%|████▍     | 14/32 [00:03<00:04,  4.23it/s]
(41/65): Calibrating:  47%|████▋     | 15/32 [00:03<00:04,  4.23it/s]
(41/65): Calibrating:  50%|█████     | 16/32 [00:03<00:03,  4.20it/s]
(41/65): Calibrating:  53%|█████▎    | 17/32 [00:03<00:03,  4.18it/s]
(41/65): Calibrating:  56%|█████▋    | 18/32 [00:04<00:03,  4.17it/s]
(41/65): Calibrating:  59%|█████▉    | 19/32 [00:04<00:03,  4.18it/s]
(41/65): Calibrating:  62%|██████▎   | 20/32 [00:04<00:02,  4.19it/s]
(41/65): Calibrating:  66%|██████▌   | 21/32 [00:04<00:02,  4.20it/s]
(41/65): Calibrating:  69%|██████▉   | 22/32 [00:05<00:02,  4.21it/s]
(41/65): Calibrating:  72%|███████▏  | 23/32 [00:05<00:02,  4.22it/s]
(41/65): Calibrating:  75%|███████▌  | 24/32 [00:05<00:01,  4.23it/s]
(41/65): Calibrating:  78%|███████▊  | 25/32 [00:05<00:01,  4.23it/s]
(41/65): Calibrating:  81%|████████▏ | 26/32 [00:05<00:01,  4.23it/s]
(41/65): Calibrating:  84%|████████▍ | 27/32 [00:06<00:01,  4.21it/s]
(41/65): Calibrating:  88%|████████▊ | 28/32 [00:06<00:00,  4.22it/s]
(41/65): Calibrating:  91%|█████████ | 29/32 [00:06<00:00,  4.22it/s]
(41/65): Calibrating:  94%|█████████▍| 30/32 [00:06<00:00,  4.22it/s]
(41/65): Calibrating:  97%|█████████▋| 31/32 [00:07<00:00,  4.23it/s]
(41/65): Calibrating: 100%|██████████| 32/32 [00:07<00:00,  4.23it/s]
(41/65): Calibrating: 100%|██████████| 32/32 [00:07<00:00,  4.33it/s]
2026-09-11T06:18:14.2396 | compress_module_list | INFO - Quantizing model.language_model.layers.39.self_attn.q_proj using 128 samples
2026-09-11T06:18:15.7208 | GPTQ | METRIC - time 1.48s
2026-09-11T06:18:15.7209 | GPTQ | METRIC - error 47850.52
2026-09-11T06:18:15.7213 | GPTQ | METRIC - Accelerator 0 | usage: 69.80% | total memory: 47.8 Gb
2026-09-11T06:18:15.7215 | GPTQ | METRIC - Accelerator 1 | usage: 61.54% | total memory: 47.8 Gb
2026-09-11T06:18:15.7275 | compress_module_list | INFO - Quantizing model.language_model.layers.39.self_attn.k_proj using 128 samples
2026-09-11T06:18:17.1624 | GPTQ | METRIC - time 1.43s
2026-09-11T06:18:17.1626 | GPTQ | METRIC - error 5446.93
2026-09-11T06:18:17.1629 | GPTQ | METRIC - Accelerator 0 | usage: 69.80% | total memory: 47.8 Gb
2026-09-11T06:18:17.1631 | GPTQ | METRIC - Accelerator 1 | usage: 61.54% | total memory: 47.8 Gb
2026-09-11T06:18:17.1637 | compress_module_list | INFO - Quantizing model.language_model.layers.39.self_attn.v_proj using 128 samples
2026-09-11T06:18:18.6016 | GPTQ | METRIC - time 1.44s
2026-09-11T06:18:18.6017 | GPTQ | METRIC - error 6677.87
2026-09-11T06:18:18.6021 | GPTQ | METRIC - Accelerator 0 | usage: 69.80% | total memory: 47.8 Gb
2026-09-11T06:18:18.6022 | GPTQ | METRIC - Accelerator 1 | usage: 61.54% | total memory: 47.8 Gb
2026-09-11T06:18:18.6029 | compress_module_list | INFO - Quantizing model.language_model.layers.39.self_attn.o_proj using 128 samples
2026-09-11T06:18:20.3589 | GPTQ | METRIC - time 1.76s
2026-09-11T06:18:20.3591 | GPTQ | METRIC - error 1233.57
2026-09-11T06:18:20.3594 | GPTQ | METRIC - Accelerator 0 | usage: 69.80% | total memory: 47.8 Gb
2026-09-11T06:18:20.3596 | GPTQ | METRIC - Accelerator 1 | usage: 61.54% | total memory: 47.8 Gb
2026-09-11T06:18:20.3627 | compress_module_list | INFO - Quantizing model.language_model.layers.39.mlp.gate_proj using 128 samples
2026-09-11T06:18:21.8560 | GPTQ | METRIC - time 1.49s
2026-09-11T06:18:21.8562 | GPTQ | METRIC - error 42031.77
2026-09-11T06:18:21.8571 | GPTQ | METRIC - Accelerator 0 | usage: 69.80% | total memory: 47.8 Gb
2026-09-11T06:18:21.8573 | GPTQ | METRIC - Accelerator 1 | usage: 61.54% | total memory: 47.8 Gb
2026-09-11T06:18:21.8659 | compress_module_list | INFO - Quantizing model.language_model.layers.39.mlp.up_proj using 128 samples
2026-09-11T06:18:23.3649 | GPTQ | METRIC - time 1.50s
2026-09-11T06:18:23.3651 | GPTQ | METRIC - error 37929.80
2026-09-11T06:18:23.3654 | GPTQ | METRIC - Accelerator 0 | usage: 69.80% | total memory: 47.8 Gb
2026-09-11T06:18:23.3656 | GPTQ | METRIC - Accelerator 1 | usage: 61.54% | total memory: 47.8 Gb
2026-09-11T06:18:23.3742 | compress_module_list | INFO - Quantizing model.language_model.layers.39.mlp.down_proj using 128 samples
2026-09-11T06:18:28.9461 | GPTQ | METRIC - time 5.57s
2026-09-11T06:18:28.9463 | GPTQ | METRIC - error 2132.19
2026-09-11T06:18:28.9466 | GPTQ | METRIC - Accelerator 0 | usage: 69.80% | total memory: 47.8 Gb
2026-09-11T06:18:28.9468 | GPTQ | METRIC - Accelerator 1 | usage: 61.54% | total memory: 47.8 Gb

(41/65): Propagating:   0%|          | 0/32 [00:00<?, ?it/s]
(41/65): Propagating:   3%|▎         | 1/32 [00:00<00:04,  7.14it/s]
(41/65): Propagating:   6%|▋         | 2/32 [00:00<00:04,  7.23it/s]
(41/65): Propagating:   9%|▉         | 3/32 [00:00<00:03,  7.30it/s]
(41/65): Propagating:  12%|█▎        | 4/32 [00:00<00:03,  7.35it/s]
(41/65): Propagating:  16%|█▌        | 5/32 [00:00<00:03,  7.41it/s]
(41/65): Propagating:  19%|█▉        | 6/32 [00:00<00:03,  7.43it/s]
(41/65): Propagating:  22%|██▏       | 7/32 [00:00<00:03,  7.48it/s]
(41/65): Propagating:  25%|██▌       | 8/32 [00:01<00:03,  7.52it/s]
(41/65): Propagating:  28%|██▊       | 9/32 [00:01<00:03,  7.54it/s]
(41/65): Propagating:  31%|███▏      | 10/32 [00:01<00:02,  7.58it/s]
(41/65): Propagating:  34%|███▍      | 11/32 [00:01<00:02,  7.59it/s]
(41/65): Propagating:  38%|███▊      | 12/32 [00:01<00:02,  7.62it/s]
(41/65): Propagating:  41%|████      | 13/32 [00:01<00:02,  7.63it/s]
(41/65): Propagating:  44%|████▍     | 14/32 [00:01<00:02,  7.63it/s]
(41/65): Propagating:  47%|████▋     | 15/32 [00:01<00:02,  7.64it/s]
(41/65): Propagating:  50%|█████     | 16/32 [00:02<00:02,  7.64it/s]
(41/65): Propagating:  53%|█████▎    | 17/32 [00:02<00:01,  7.65it/s]
(41/65): Propagating:  56%|█████▋    | 18/32 [00:02<00:01,  7.65it/s]
(41/65): Propagating:  59%|█████▉    | 19/32 [00:02<00:01,  7.65it/s]
(41/65): Propagating:  62%|██████▎   | 20/32 [00:02<00:01,  7.65it/s]
(41/65): Propagating:  66%|██████▌   | 21/32 [00:02<00:01,  7.65it/s]
(41/65): Propagating:  69%|██████▉   | 22/32 [00:02<00:01,  7.65it/s]
(41/65): Propagating:  72%|███████▏  | 23/32 [00:03<00:01,  7.65it/s]
(41/65): Propagating:  75%|███████▌  | 24/32 [00:03<00:01,  7.65it/s]
(41/65): Propagating:  78%|███████▊  | 25/32 [00:03<00:00,  7.66it/s]
(41/65): Propagating:  81%|████████▏ | 26/32 [00:03<00:00,  7.67it/s]
(41/65): Propagating:  84%|████████▍ | 27/32 [00:03<00:00,  7.67it/s]
(41/65): Propagating:  88%|████████▊ | 28/32 [00:03<00:00,  7.67it/s]
(41/65): Propagating:  91%|█████████ | 29/32 [00:03<00:00,  7.67it/s]
(41/65): Propagating:  94%|█████████▍| 30/32 [00:03<00:00,  7.67it/s]
(41/65): Propagating:  97%|█████████▋| 31/32 [00:04<00:00,  7.68it/s]
(41/65): Propagating: 100%|██████████| 32/32 [00:04<00:00,  7.69it/s]
(41/65): Propagating: 100%|██████████| 32/32 [00:04<00:00,  7.60it/s]

(42/65): Calibrating:   0%|          | 0/32 [00:00<?, ?it/s]
(42/65): Calibrating:   6%|▋         | 2/32 [00:00<00:04,  7.04it/s]
(42/65): Calibrating:   9%|▉         | 3/32 [00:00<00:05,  5.70it/s]
(42/65): Calibrating:  12%|█▎        | 4/32 [00:00<00:05,  5.17it/s]
(42/65): Calibrating:  16%|█▌        | 5/32 [00:00<00:05,  4.91it/s]
(42/65): Calibrating:  19%|█▉        | 6/32 [00:01<00:05,  4.75it/s]
(42/65): Calibrating:  22%|██▏       | 7/32 [00:01<00:05,  4.66it/s]
(42/65): Calibrating:  25%|██▌       | 8/32 [00:01<00:05,  4.61it/s]
(42/65): Calibrating:  28%|██▊       | 9/32 [00:01<00:05,  4.57it/s]
(42/65): Calibrating:  31%|███▏      | 10/32 [00:02<00:04,  4.54it/s]
(42/65): Calibrating:  34%|███▍      | 11/32 [00:02<00:04,  4.52it/s]
(42/65): Calibrating:  38%|███▊      | 12/32 [00:02<00:04,  4.51it/s]
(42/65): Calibrating:  41%|████      | 13/32 [00:02<00:04,  4.49it/s]
(42/65): Calibrating:  44%|████▍     | 14/32 [00:02<00:04,  4.48it/s]
(42/65): Calibrating:  47%|████▋     | 15/32 [00:03<00:03,  4.48it/s]
(42/65): Calibrating:  50%|█████     | 16/32 [00:03<00:03,  4.48it/s]
(42/65): Calibrating:  53%|█████▎    | 17/32 [00:03<00:03,  4.48it/s]
(42/65): Calibrating:  56%|█████▋    | 18/32 [00:03<00:03,  4.48it/s]
(42/65): Calibrating:  59%|█████▉    | 19/32 [00:04<00:02,  4.48it/s]
(42/65): Calibrating:  62%|██████▎   | 20/32 [00:04<00:02,  4.48it/s]
(42/65): Calibrating:  66%|██████▌   | 21/32 [00:04<00:02,  4.48it/s]
(42/65): Calibrating:  69%|██████▉   | 22/32 [00:04<00:02,  4.48it/s]
(42/65): Calibrating:  72%|███████▏  | 23/32 [00:04<00:02,  4.48it/s]
(42/65): Calibrating:  75%|███████▌  | 24/32 [00:05<00:01,  4.48it/s]
(42/65): Calibrating:  78%|███████▊  | 25/32 [00:05<00:01,  4.47it/s]
(42/65): Calibrating:  81%|████████▏ | 26/32 [00:05<00:01,  4.48it/s]
(42/65): Calibrating:  84%|████████▍ | 27/32 [00:05<00:01,  4.48it/s]
(42/65): Calibrating:  88%|████████▊ | 28/32 [00:06<00:00,  4.48it/s]
(42/65): Calibrating:  91%|█████████ | 29/32 [00:06<00:00,  4.48it/s]
(42/65): Calibrating:  94%|█████████▍| 30/32 [00:06<00:00,  4.48it/s]
(42/65): Calibrating:  97%|█████████▋| 31/32 [00:06<00:00,  4.48it/s]
(42/65): Calibrating: 100%|██████████| 32/32 [00:06<00:00,  4.48it/s]
(42/65): Calibrating: 100%|██████████| 32/32 [00:06<00:00,  4.58it/s]
2026-09-11T06:18:40.3379 | compress_module_list | INFO - Quantizing model.language_model.layers.40.mlp.gate_proj using 128 samples
2026-09-11T06:18:41.8340 | GPTQ | METRIC - time 1.50s
2026-09-11T06:18:41.8341 | GPTQ | METRIC - error 44662.02
2026-09-11T06:18:41.8345 | GPTQ | METRIC - Accelerator 0 | usage: 69.80% | total memory: 47.8 Gb
2026-09-11T06:18:41.8346 | GPTQ | METRIC - Accelerator 1 | usage: 61.54% | total memory: 47.8 Gb
2026-09-11T06:18:41.8432 | compress_module_list | INFO - Quantizing model.language_model.layers.40.mlp.up_proj using 128 samples
2026-09-11T06:18:43.4428 | GPTQ | METRIC - time 1.60s
2026-09-11T06:18:43.4430 | GPTQ | METRIC - error 39651.40
2026-09-11T06:18:43.4433 | GPTQ | METRIC - Accelerator 0 | usage: 69.80% | total memory: 47.8 Gb
2026-09-11T06:18:43.4435 | GPTQ | METRIC - Accelerator 1 | usage: 61.54% | total memory: 47.8 Gb
2026-09-11T06:18:43.4521 | compress_module_list | INFO - Quantizing model.language_model.layers.40.mlp.down_proj using 128 samples
2026-09-11T06:18:49.0456 | GPTQ | METRIC - time 5.59s
2026-09-11T06:18:49.0457 | GPTQ | METRIC - error 2074.14
2026-09-11T06:18:49.0460 | GPTQ | METRIC - Accelerator 0 | usage: 69.80% | total memory: 47.8 Gb
2026-09-11T06:18:49.0462 | GPTQ | METRIC - Accelerator 1 | usage: 61.54% | total memory: 47.8 Gb

(42/65): Propagating:   0%|          | 0/32 [00:00<?, ?it/s]
(42/65): Propagating:   3%|▎         | 1/32 [00:00<00:05,  5.49it/s]
(42/65): Propagating:   6%|▋         | 2/32 [00:00<00:05,  5.81it/s]
(42/65): Propagating:   9%|▉         | 3/32 [00:00<00:04,  6.01it/s]
(42/65): Propagating:  12%|█▎        | 4/32 [00:00<00:04,  6.11it/s]
(42/65): Propagating:  16%|█▌        | 5/32 [00:00<00:04,  6.17it/s]
(42/65): Propagating:  19%|█▉        | 6/32 [00:00<00:04,  6.21it/s]
(42/65): Propagating:  22%|██▏       | 7/32 [00:01<00:04,  6.23it/s]
(42/65): Propagating:  25%|██▌       | 8/32 [00:01<00:03,  6.21it/s]
(42/65): Propagating:  28%|██▊       | 9/32 [00:01<00:03,  6.24it/s]
(42/65): Propagating:  31%|███▏      | 10/32 [00:01<00:03,  6.26it/s]
(42/65): Propagating:  34%|███▍      | 11/32 [00:01<00:03,  6.28it/s]
(42/65): Propagating:  38%|███▊      | 12/32 [00:01<00:03,  6.29it/s]
(42/65): Propagating:  41%|████      | 13/32 [00:02<00:03,  6.31it/s]
(42/65): Propagating:  44%|████▍     | 14/32 [00:02<00:02,  6.31it/s]
(42/65): Propagating:  47%|████▋     | 15/32 [00:02<00:02,  6.30it/s]
(42/65): Propagating:  50%|█████     | 16/32 [00:02<00:02,  6.31it/s]
(42/65): Propagating:  53%|█████▎    | 17/32 [00:02<00:02,  6.30it/s]
(42/65): Propagating:  56%|█████▋    | 18/32 [00:02<00:02,  6.30it/s]
(42/65): Propagating:  59%|█████▉    | 19/32 [00:03<00:02,  6.29it/s]
(42/65): Propagating:  62%|██████▎   | 20/32 [00:03<00:01,  6.26it/s]
(42/65): Propagating:  66%|██████▌   | 21/32 [00:03<00:01,  6.18it/s]
(42/65): Propagating:  69%|██████▉   | 22/32 [00:03<00:01,  6.21it/s]
(42/65): Propagating:  72%|███████▏  | 23/32 [00:03<00:01,  6.24it/s]
(42/65): Propagating:  75%|███████▌  | 24/32 [00:03<00:01,  6.27it/s]
(42/65): Propagating:  78%|███████▊  | 25/32 [00:04<00:01,  6.30it/s]
(42/65): Propagating:  81%|████████▏ | 26/32 [00:04<00:00,  6.32it/s]
(42/65): Propagating:  84%|████████▍ | 27/32 [00:04<00:00,  6.33it/s]
(42/65): Propagating:  88%|████████▊ | 28/32 [00:04<00:00,  6.32it/s]
(42/65): Propagating:  91%|█████████ | 29/32 [00:04<00:00,  6.34it/s]
(42/65): Propagating:  94%|█████████▍| 30/32 [00:04<00:00,  6.34it/s]
(42/65): Propagating:  97%|█████████▋| 31/32 [00:04<00:00,  6.34it/s]
(42/65): Propagating: 100%|██████████| 32/32 [00:05<00:00,  6.35it/s]
(42/65): Propagating: 100%|██████████| 32/32 [00:05<00:00,  6.26it/s]

(43/65): Calibrating:   0%|          | 0/32 [00:00<?, ?it/s]
(43/65): Calibrating:   6%|▋         | 2/32 [00:00<00:04,  7.03it/s]
(43/65): Calibrating:   9%|▉         | 3/32 [00:00<00:05,  5.68it/s]
(43/65): Calibrating:  12%|█▎        | 4/32 [00:00<00:05,  5.16it/s]
(43/65): Calibrating:  16%|█▌        | 5/32 [00:00<00:05,  4.91it/s]
(43/65): Calibrating:  19%|█▉        | 6/32 [00:01<00:05,  4.77it/s]
(43/65): Calibrating:  22%|██▏       | 7/32 [00:01<00:05,  4.68it/s]
(43/65): Calibrating:  25%|██▌       | 8/32 [00:01<00:05,  4.62it/s]
(43/65): Calibrating:  28%|██▊       | 9/32 [00:01<00:05,  4.57it/s]
(43/65): Calibrating:  31%|███▏      | 10/32 [00:02<00:04,  4.54it/s]
(43/65): Calibrating:  34%|███▍      | 11/32 [00:02<00:04,  4.52it/s]
(43/65): Calibrating:  38%|███▊      | 12/32 [00:02<00:04,  4.51it/s]
(43/65): Calibrating:  41%|████      | 13/32 [00:02<00:04,  4.51it/s]
(43/65): Calibrating:  44%|████▍     | 14/32 [00:02<00:04,  4.50it/s]
(43/65): Calibrating:  47%|████▋     | 15/32 [00:03<00:03,  4.49it/s]
(43/65): Calibrating:  50%|█████     | 16/32 [00:03<00:03,  4.48it/s]
(43/65): Calibrating:  53%|█████▎    | 17/32 [00:03<00:03,  4.48it/s]
(43/65): Calibrating:  56%|█████▋    | 18/32 [00:03<00:03,  4.48it/s]
(43/65): Calibrating:  59%|█████▉    | 19/32 [00:04<00:02,  4.48it/s]
(43/65): Calibrating:  62%|██████▎   | 20/32 [00:04<00:02,  4.48it/s]
(43/65): Calibrating:  66%|██████▌   | 21/32 [00:04<00:02,  4.48it/s]
(43/65): Calibrating:  69%|██████▉   | 22/32 [00:04<00:02,  4.48it/s]
(43/65): Calibrating:  72%|███████▏  | 23/32 [00:04<00:02,  4.48it/s]
(43/65): Calibrating:  75%|███████▌  | 24/32 [00:05<00:01,  4.48it/s]
(43/65): Calibrating:  78%|███████▊  | 25/32 [00:05<00:01,  4.48it/s]
(43/65): Calibrating:  81%|████████▏ | 26/32 [00:05<00:01,  4.49it/s]
(43/65): Calibrating:  84%|████████▍ | 27/32 [00:05<00:01,  4.49it/s]
(43/65): Calibrating:  88%|████████▊ | 28/32 [00:06<00:00,  4.49it/s]
(43/65): Calibrating:  91%|█████████ | 29/32 [00:06<00:00,  4.48it/s]
(43/65): Calibrating:  94%|█████████▍| 30/32 [00:06<00:00,  4.49it/s]
(43/65): Calibrating:  97%|█████████▋| 31/32 [00:06<00:00,  4.49it/s]
(43/65): Calibrating: 100%|██████████| 32/32 [00:06<00:00,  4.49it/s]
(43/65): Calibrating: 100%|██████████| 32/32 [00:06<00:00,  4.59it/s]
2026-09-11T06:19:01.3332 | compress_module_list | INFO - Quantizing model.language_model.layers.41.mlp.gate_proj using 128 samples
2026-09-11T06:19:02.8346 | GPTQ | METRIC - time 1.50s
2026-09-11T06:19:02.8347 | GPTQ | METRIC - error 38305.62
2026-09-11T06:19:02.8350 | GPTQ | METRIC - Accelerator 0 | usage: 69.80% | total memory: 47.8 Gb
2026-09-11T06:19:02.8352 | GPTQ | METRIC - Accelerator 1 | usage: 61.54% | total memory: 47.8 Gb
2026-09-11T06:19:02.8438 | compress_module_list | INFO - Quantizing model.language_model.layers.41.mlp.up_proj using 128 samples
2026-09-11T06:19:04.3463 | GPTQ | METRIC - time 1.50s
2026-09-11T06:19:04.3465 | GPTQ | METRIC - error 37672.82
2026-09-11T06:19:04.3468 | GPTQ | METRIC - Accelerator 0 | usage: 69.80% | total memory: 47.8 Gb
2026-09-11T06:19:04.3470 | GPTQ | METRIC - Accelerator 1 | usage: 61.54% | total memory: 47.8 Gb
2026-09-11T06:19:04.3556 | compress_module_list | INFO - Quantizing model.language_model.layers.41.mlp.down_proj using 128 samples
2026-09-11T06:19:09.9702 | GPTQ | METRIC - time 5.61s
2026-09-11T06:19:09.9704 | GPTQ | METRIC - error 2095.57
2026-09-11T06:19:09.9707 | GPTQ | METRIC - Accelerator 0 | usage: 69.80% | total memory: 47.8 Gb
2026-09-11T06:19:09.9709 | GPTQ | METRIC - Accelerator 1 | usage: 61.54% | total memory: 47.8 Gb

(43/65): Propagating:   0%|          | 0/32 [00:00<?, ?it/s]
(43/65): Propagating:   3%|▎         | 1/32 [00:00<00:05,  5.94it/s]
(43/65): Propagating:   6%|▋         | 2/32 [00:00<00:04,  6.02it/s]
(43/65): Propagating:   9%|▉         | 3/32 [00:00<00:05,  5.77it/s]
(43/65): Propagating:  12%|█▎        | 4/32 [00:00<00:04,  5.92it/s]
(43/65): Propagating:  16%|█▌        | 5/32 [00:00<00:04,  6.04it/s]
(43/65): Propagating:  19%|█▉        | 6/32 [00:00<00:04,  6.13it/s]
(43/65): Propagating:  22%|██▏       | 7/32 [00:01<00:04,  6.19it/s]
(43/65): Propagating:  25%|██▌       | 8/32 [00:01<00:03,  6.22it/s]
(43/65): Propagating:  28%|██▊       | 9/32 [00:01<00:03,  6.25it/s]
(43/65): Propagating:  31%|███▏      | 10/32 [00:01<00:03,  6.27it/s]
(43/65): Propagating:  34%|███▍      | 11/32 [00:01<00:03,  6.27it/s]
(43/65): Propagating:  38%|███▊      | 12/32 [00:01<00:03,  6.29it/s]
(43/65): Propagating:  41%|████      | 13/32 [00:02<00:03,  6.30it/s]
(43/65): Propagating:  44%|████▍     | 14/32 [00:02<00:02,  6.31it/s]
(43/65): Propagating:  47%|████▋     | 15/32 [00:02<00:02,  6.32it/s]
(43/65): Propagating:  50%|█████     | 16/32 [00:02<00:02,  6.33it/s]
(43/65): Propagating:  53%|█████▎    | 17/32 [00:02<00:02,  6.33it/s]
(43/65): Propagating:  56%|█████▋    | 18/32 [00:02<00:02,  6.33it/s]
(43/65): Propagating:  59%|█████▉    | 19/32 [00:03<00:02,  6.34it/s]
(43/65): Propagating:  62%|██████▎   | 20/32 [00:03<00:01,  6.34it/s]
(43/65): Propagating:  66%|██████▌   | 21/32 [00:03<00:01,  6.35it/s]
(43/65): Propagating:  69%|██████▉   | 22/32 [00:03<00:01,  6.34it/s]
(43/65): Propagating:  72%|███████▏  | 23/32 [00:03<00:01,  6.34it/s]
(43/65): Propagating:  75%|███████▌  | 24/32 [00:03<00:01,  6.33it/s]
(43/65): Propagating:  78%|███████▊  | 25/32 [00:03<00:01,  6.34it/s]
(43/65): Propagating:  81%|████████▏ | 26/32 [00:04<00:00,  6.35it/s]
(43/65): Propagating:  84%|████████▍ | 27/32 [00:04<00:00,  6.35it/s]
(43/65): Propagating:  88%|████████▊ | 28/32 [00:04<00:00,  6.35it/s]
(43/65): Propagating:  91%|█████████ | 29/32 [00:04<00:00,  6.36it/s]
(43/65): Propagating:  94%|█████████▍| 30/32 [00:04<00:00,  6.35it/s]
(43/65): Propagating:  97%|█████████▋| 31/32 [00:04<00:00,  6.35it/s]
(43/65): Propagating: 100%|██████████| 32/32 [00:05<00:00,  6.35it/s]
(43/65): Propagating: 100%|██████████| 32/32 [00:05<00:00,  6.28it/s]

(44/65): Calibrating:   0%|          | 0/32 [00:00<?, ?it/s]
(44/65): Calibrating:   6%|▋         | 2/32 [00:00<00:04,  7.03it/s]
(44/65): Calibrating:   9%|▉         | 3/32 [00:00<00:05,  5.69it/s]
(44/65): Calibrating:  12%|█▎        | 4/32 [00:00<00:05,  5.18it/s]
(44/65): Calibrating:  16%|█▌        | 5/32 [00:00<00:05,  4.92it/s]
(44/65): Calibrating:  19%|█▉        | 6/32 [00:01<00:05,  4.76it/s]
(44/65): Calibrating:  22%|██▏       | 7/32 [00:01<00:05,  4.68it/s]
(44/65): Calibrating:  25%|██▌       | 8/32 [00:01<00:05,  4.61it/s]
(44/65): Calibrating:  28%|██▊       | 9/32 [00:01<00:05,  4.58it/s]
(44/65): Calibrating:  31%|███▏      | 10/32 [00:02<00:04,  4.54it/s]
(44/65): Calibrating:  34%|███▍      | 11/32 [00:02<00:04,  4.52it/s]
(44/65): Calibrating:  38%|███▊      | 12/32 [00:02<00:04,  4.51it/s]
(44/65): Calibrating:  41%|████      | 13/32 [00:02<00:04,  4.51it/s]
(44/65): Calibrating:  44%|████▍     | 14/32 [00:02<00:03,  4.51it/s]
(44/65): Calibrating:  47%|████▋     | 15/32 [00:03<00:03,  4.50it/s]
(44/65): Calibrating:  50%|█████     | 16/32 [00:03<00:03,  4.50it/s]
(44/65): Calibrating:  53%|█████▎    | 17/32 [00:03<00:03,  4.49it/s]
(44/65): Calibrating:  56%|█████▋    | 18/32 [00:03<00:03,  4.49it/s]
(44/65): Calibrating:  59%|█████▉    | 19/32 [00:04<00:02,  4.49it/s]
(44/65): Calibrating:  62%|██████▎   | 20/32 [00:04<00:02,  4.49it/s]
(44/65): Calibrating:  66%|██████▌   | 21/32 [00:04<00:02,  4.49it/s]
(44/65): Calibrating:  69%|██████▉   | 22/32 [00:04<00:02,  4.48it/s]
(44/65): Calibrating:  72%|███████▏  | 23/32 [00:04<00:02,  4.44it/s]
(44/65): Calibrating:  75%|███████▌  | 24/32 [00:05<00:01,  4.44it/s]
(44/65): Calibrating:  78%|███████▊  | 25/32 [00:05<00:01,  4.45it/s]
(44/65): Calibrating:  81%|████████▏ | 26/32 [00:05<00:01,  4.47it/s]
(44/65): Calibrating:  84%|████████▍ | 27/32 [00:05<00:01,  4.47it/s]
(44/65): Calibrating:  88%|████████▊ | 28/32 [00:06<00:00,  4.47it/s]
(44/65): Calibrating:  91%|█████████ | 29/32 [00:06<00:00,  4.48it/s]
(44/65): Calibrating:  94%|█████████▍| 30/32 [00:06<00:00,  4.49it/s]
(44/65): Calibrating:  97%|█████████▋| 31/32 [00:06<00:00,  4.50it/s]
(44/65): Calibrating: 100%|██████████| 32/32 [00:06<00:00,  4.50it/s]
(44/65): Calibrating: 100%|██████████| 32/32 [00:06<00:00,  4.59it/s]
2026-09-11T06:19:22.2455 | compress_module_list | INFO - Quantizing model.language_model.layers.42.mlp.gate_proj using 128 samples
2026-09-11T06:19:23.7348 | GPTQ | METRIC - time 1.49s
2026-09-11T06:19:23.7350 | GPTQ | METRIC - error 33958.88
2026-09-11T06:19:23.7353 | GPTQ | METRIC - Accelerator 0 | usage: 69.80% | total memory: 47.8 Gb
2026-09-11T06:19:23.7355 | GPTQ | METRIC - Accelerator 1 | usage: 61.54% | total memory: 47.8 Gb
2026-09-11T06:19:23.7441 | compress_module_list | INFO - Quantizing model.language_model.layers.42.mlp.up_proj using 128 samples
2026-09-11T06:19:25.2369 | GPTQ | METRIC - time 1.49s
2026-09-11T06:19:25.2371 | GPTQ | METRIC - error 35661.88
2026-09-11T06:19:25.2374 | GPTQ | METRIC - Accelerator 0 | usage: 69.80% | total memory: 47.8 Gb
2026-09-11T06:19:25.2376 | GPTQ | METRIC - Accelerator 1 | usage: 61.54% | total memory: 47.8 Gb
2026-09-11T06:19:25.2462 | compress_module_list | INFO - Quantizing model.language_model.layers.42.mlp.down_proj using 128 samples
2026-09-11T06:19:30.8016 | GPTQ | METRIC - time 5.56s
2026-09-11T06:19:30.8017 | GPTQ | METRIC - error 2253.13
2026-09-11T06:19:30.8021 | GPTQ | METRIC - Accelerator 0 | usage: 69.80% | total memory: 47.8 Gb
2026-09-11T06:19:30.8022 | GPTQ | METRIC - Accelerator 1 | usage: 61.54% | total memory: 47.8 Gb

(44/65): Propagating:   0%|          | 0/32 [00:00<?, ?it/s]
(44/65): Propagating:   3%|▎         | 1/32 [00:00<00:05,  5.94it/s]
(44/65): Propagating:   6%|▋         | 2/32 [00:00<00:05,  5.85it/s]
(44/65): Propagating:   9%|▉         | 3/32 [00:00<00:04,  5.98it/s]
(44/65): Propagating:  12%|█▎        | 4/32 [00:00<00:04,  6.07it/s]
(44/65): Propagating:  16%|█▌        | 5/32 [00:00<00:04,  6.16it/s]
(44/65): Propagating:  19%|█▉        | 6/32 [00:00<00:04,  6.19it/s]
(44/65): Propagating:  22%|██▏       | 7/32 [00:01<00:04,  6.23it/s]
(44/65): Propagating:  25%|██▌       | 8/32 [00:01<00:03,  6.26it/s]
(44/65): Propagating:  28%|██▊       | 9/32 [00:01<00:03,  6.27it/s]
(44/65): Propagating:  31%|███▏      | 10/32 [00:01<00:03,  6.29it/s]
(44/65): Propagating:  34%|███▍      | 11/32 [00:01<00:03,  6.30it/s]
(44/65): Propagating:  38%|███▊      | 12/32 [00:01<00:03,  6.31it/s]
(44/65): Propagating:  41%|████      | 13/32 [00:02<00:03,  6.32it/s]
(44/65): Propagating:  44%|████▍     | 14/32 [00:02<00:02,  6.33it/s]
(44/65): Propagating:  47%|████▋     | 15/32 [00:02<00:02,  6.34it/s]
(44/65): Propagating:  50%|█████     | 16/32 [00:02<00:02,  6.34it/s]
(44/65): Propagating:  53%|█████▎    | 17/32 [00:02<00:02,  6.34it/s]
(44/65): Propagating:  56%|█████▋    | 18/32 [00:02<00:02,  6.35it/s]
(44/65): Propagating:  59%|█████▉    | 19/32 [00:03<00:02,  6.34it/s]
(44/65): Propagating:  62%|██████▎   | 20/32 [00:03<00:01,  6.35it/s]
(44/65): Propagating:  66%|██████▌   | 21/32 [00:03<00:01,  6.36it/s]
(44/65): Propagating:  69%|██████▉   | 22/32 [00:03<00:01,  6.36it/s]
(44/65): Propagating:  72%|███████▏  | 23/32 [00:03<00:01,  6.35it/s]
(44/65): Propagating:  75%|███████▌  | 24/32 [00:03<00:01,  6.35it/s]
(44/65): Propagating:  78%|███████▊  | 25/32 [00:03<00:01,  6.34it/s]
(44/65): Propagating:  81%|████████▏ | 26/32 [00:04<00:00,  6.34it/s]
(44/65): Propagating:  84%|████████▍ | 27/32 [00:04<00:00,  6.34it/s]
(44/65): Propagating:  88%|████████▊ | 28/32 [00:04<00:00,  6.34it/s]
(44/65): Propagating:  91%|█████████ | 29/32 [00:04<00:00,  6.34it/s]
(44/65): Propagating:  94%|█████████▍| 30/32 [00:04<00:00,  6.34it/s]
(44/65): Propagating:  97%|█████████▋| 31/32 [00:04<00:00,  6.34it/s]
(44/65): Propagating: 100%|██████████| 32/32 [00:05<00:00,  6.34it/s]
(44/65): Propagating: 100%|██████████| 32/32 [00:05<00:00,  6.30it/s]

(45/65): Calibrating:   0%|          | 0/32 [00:00<?, ?it/s]
(45/65): Calibrating:   6%|▋         | 2/32 [00:00<00:04,  7.10it/s]
(45/65): Calibrating:   9%|▉         | 3/32 [00:00<00:05,  5.56it/s]
(45/65): Calibrating:  12%|█▎        | 4/32 [00:00<00:05,  4.99it/s]
(45/65): Calibrating:  16%|█▌        | 5/32 [00:00<00:05,  4.71it/s]
(45/65): Calibrating:  19%|█▉        | 6/32 [00:01<00:05,  4.56it/s]
(45/65): Calibrating:  22%|██▏       | 7/32 [00:01<00:05,  4.46it/s]
(45/65): Calibrating:  25%|██▌       | 8/32 [00:01<00:05,  4.39it/s]
(45/65): Calibrating:  28%|██▊       | 9/32 [00:01<00:05,  4.36it/s]
(45/65): Calibrating:  31%|███▏      | 10/32 [00:02<00:05,  4.33it/s]
(45/65): Calibrating:  34%|███▍      | 11/32 [00:02<00:04,  4.30it/s]
(45/65): Calibrating:  38%|███▊      | 12/32 [00:02<00:04,  4.29it/s]
(45/65): Calibrating:  41%|████      | 13/32 [00:02<00:04,  4.29it/s]
(45/65): Calibrating:  44%|████▍     | 14/32 [00:03<00:04,  4.28it/s]
(45/65): Calibrating:  47%|████▋     | 15/32 [00:03<00:03,  4.27it/s]
(45/65): Calibrating:  50%|█████     | 16/32 [00:03<00:03,  4.27it/s]
(45/65): Calibrating:  53%|█████▎    | 17/32 [00:03<00:03,  4.27it/s]
(45/65): Calibrating:  56%|█████▋    | 18/32 [00:04<00:03,  4.27it/s]
(45/65): Calibrating:  59%|█████▉    | 19/32 [00:04<00:03,  4.26it/s]
(45/65): Calibrating:  62%|██████▎   | 20/32 [00:04<00:02,  4.26it/s]
(45/65): Calibrating:  66%|██████▌   | 21/32 [00:04<00:02,  4.26it/s]
(45/65): Calibrating:  69%|██████▉   | 22/32 [00:04<00:02,  4.26it/s]
(45/65): Calibrating:  72%|███████▏  | 23/32 [00:05<00:02,  4.26it/s]
(45/65): Calibrating:  75%|███████▌  | 24/32 [00:05<00:01,  4.26it/s]
(45/65): Calibrating:  78%|███████▊  | 25/32 [00:05<00:01,  4.26it/s]
(45/65): Calibrating:  81%|████████▏ | 26/32 [00:05<00:01,  4.26it/s]
(45/65): Calibrating:  84%|████████▍ | 27/32 [00:06<00:01,  4.26it/s]
(45/65): Calibrating:  88%|████████▊ | 28/32 [00:06<00:00,  4.26it/s]
(45/65): Calibrating:  91%|█████████ | 29/32 [00:06<00:00,  4.26it/s]
(45/65): Calibrating:  94%|█████████▍| 30/32 [00:06<00:00,  4.25it/s]
(45/65): Calibrating:  97%|█████████▋| 31/32 [00:07<00:00,  4.25it/s]
(45/65): Calibrating: 100%|██████████| 32/32 [00:07<00:00,  4.26it/s]
(45/65): Calibrating: 100%|██████████| 32/32 [00:07<00:00,  4.37it/s]
2026-09-11T06:19:43.4348 | compress_module_list | INFO - Quantizing model.language_model.layers.43.self_attn.q_proj using 128 samples
2026-09-11T06:19:44.9741 | GPTQ | METRIC - time 1.54s
2026-09-11T06:19:44.9743 | GPTQ | METRIC - error 42862.14
2026-09-11T06:19:44.9746 | GPTQ | METRIC - Accelerator 0 | usage: 69.80% | total memory: 47.8 Gb
2026-09-11T06:19:44.9748 | GPTQ | METRIC - Accelerator 1 | usage: 61.54% | total memory: 47.8 Gb
2026-09-11T06:19:44.9809 | compress_module_list | INFO - Quantizing model.language_model.layers.43.self_attn.k_proj using 128 samples
2026-09-11T06:19:46.4110 | GPTQ | METRIC - time 1.43s
2026-09-11T06:19:46.4112 | GPTQ | METRIC - error 5105.02
2026-09-11T06:19:46.4115 | GPTQ | METRIC - Accelerator 0 | usage: 69.80% | total memory: 47.8 Gb
2026-09-11T06:19:46.4117 | GPTQ | METRIC - Accelerator 1 | usage: 61.54% | total memory: 47.8 Gb
2026-09-11T06:19:46.4123 | compress_module_list | INFO - Quantizing model.language_model.layers.43.self_attn.v_proj using 128 samples
2026-09-11T06:19:47.8484 | GPTQ | METRIC - time 1.44s
2026-09-11T06:19:47.8486 | GPTQ | METRIC - error 6166.98
2026-09-11T06:19:47.8489 | GPTQ | METRIC - Accelerator 0 | usage: 69.80% | total memory: 47.8 Gb
2026-09-11T06:19:47.8491 | GPTQ | METRIC - Accelerator 1 | usage: 61.54% | total memory: 47.8 Gb
2026-09-11T06:19:47.8497 | compress_module_list | INFO - Quantizing model.language_model.layers.43.self_attn.o_proj using 128 samples
2026-09-11T06:19:49.5961 | GPTQ | METRIC - time 1.75s
2026-09-11T06:19:49.5963 | GPTQ | METRIC - error 1822.15
2026-09-11T06:19:49.5966 | GPTQ | METRIC - Accelerator 0 | usage: 69.80% | total memory: 47.8 Gb
2026-09-11T06:19:49.5968 | GPTQ | METRIC - Accelerator 1 | usage: 61.54% | total memory: 47.8 Gb
2026-09-11T06:19:49.5999 | compress_module_list | INFO - Quantizing model.language_model.layers.43.mlp.gate_proj using 128 samples
2026-09-11T06:19:51.2379 | GPTQ | METRIC - time 1.64s
2026-09-11T06:19:51.2381 | GPTQ | METRIC - error 32528.04
2026-09-11T06:19:51.2384 | GPTQ | METRIC - Accelerator 0 | usage: 69.80% | total memory: 47.8 Gb
2026-09-11T06:19:51.2386 | GPTQ | METRIC - Accelerator 1 | usage: 61.54% | total memory: 47.8 Gb
2026-09-11T06:19:51.2472 | compress_module_list | INFO - Quantizing model.language_model.layers.43.mlp.up_proj using 128 samples
2026-09-11T06:19:52.7394 | GPTQ | METRIC - time 1.49s
2026-09-11T06:19:52.7396 | GPTQ | METRIC - error 35717.06
2026-09-11T06:19:52.7399 | GPTQ | METRIC - Accelerator 0 | usage: 69.80% | total memory: 47.8 Gb
2026-09-11T06:19:52.7401 | GPTQ | METRIC - Accelerator 1 | usage: 61.54% | total memory: 47.8 Gb
2026-09-11T06:19:52.7487 | compress_module_list | INFO - Quantizing model.language_model.layers.43.mlp.down_proj using 128 samples
2026-09-11T06:19:58.2810 | GPTQ | METRIC - time 5.53s
2026-09-11T06:19:58.2811 | GPTQ | METRIC - error 2196.56
2026-09-11T06:19:58.2815 | GPTQ | METRIC - Accelerator 0 | usage: 69.80% | total memory: 47.8 Gb
2026-09-11T06:19:58.2817 | GPTQ | METRIC - Accelerator 1 | usage: 61.54% | total memory: 47.8 Gb

(45/65): Propagating:   0%|          | 0/32 [00:00<?, ?it/s]
(45/65): Propagating:   3%|▎         | 1/32 [00:00<00:04,  7.03it/s]
(45/65): Propagating:   6%|▋         | 2/32 [00:00<00:04,  7.13it/s]
(45/65): Propagating:   9%|▉         | 3/32 [00:00<00:03,  7.33it/s]
(45/65): Propagating:  12%|█▎        | 4/32 [00:00<00:03,  7.40it/s]
(45/65): Propagating:  16%|█▌        | 5/32 [00:00<00:03,  7.42it/s]
(45/65): Propagating:  19%|█▉        | 6/32 [00:00<00:03,  7.49it/s]
(45/65): Propagating:  22%|██▏       | 7/32 [00:00<00:03,  7.51it/s]
(45/65): Propagating:  25%|██▌       | 8/32 [00:01<00:03,  7.54it/s]
(45/65): Propagating:  28%|██▊       | 9/32 [00:01<00:03,  7.56it/s]
(45/65): Propagating:  31%|███▏      | 10/32 [00:01<00:02,  7.56it/s]
(45/65): Propagating:  34%|███▍      | 11/32 [00:01<00:02,  7.44it/s]
(45/65): Propagating:  38%|███▊      | 12/32 [00:01<00:02,  7.44it/s]
(45/65): Propagating:  41%|████      | 13/32 [00:01<00:02,  7.43it/s]
(45/65): Propagating:  44%|████▍     | 14/32 [00:01<00:02,  7.45it/s]
(45/65): Propagating:  47%|████▋     | 15/32 [00:02<00:02,  7.44it/s]
(45/65): Propagating:  50%|█████     | 16/32 [00:02<00:02,  7.48it/s]
(45/65): Propagating:  53%|█████▎    | 17/32 [00:02<00:01,  7.52it/s]
(45/65): Propagating:  56%|█████▋    | 18/32 [00:02<00:01,  7.48it/s]
(45/65): Propagating:  59%|█████▉    | 19/32 [00:02<00:01,  7.48it/s]
(45/65): Propagating:  62%|██████▎   | 20/32 [00:02<00:01,  7.52it/s]
(45/65): Propagating:  66%|██████▌   | 21/32 [00:02<00:01,  7.55it/s]
(45/65): Propagating:  69%|██████▉   | 22/32 [00:02<00:01,  7.54it/s]
(45/65): Propagating:  72%|███████▏  | 23/32 [00:03<00:01,  7.56it/s]
(45/65): Propagating:  75%|███████▌  | 24/32 [00:03<00:01,  7.45it/s]
(45/65): Propagating:  78%|███████▊  | 25/32 [00:03<00:00,  7.36it/s]
(45/65): Propagating:  81%|████████▏ | 26/32 [00:03<00:00,  7.34it/s]
(45/65): Propagating:  84%|████████▍ | 27/32 [00:03<00:00,  7.31it/s]
(45/65): Propagating:  88%|████████▊ | 28/32 [00:03<00:00,  7.28it/s]
(45/65): Propagating:  91%|█████████ | 29/32 [00:03<00:00,  7.32it/s]
(45/65): Propagating:  94%|█████████▍| 30/32 [00:04<00:00,  7.35it/s]
(45/65): Propagating:  97%|█████████▋| 31/32 [00:04<00:00,  7.39it/s]
(45/65): Propagating: 100%|██████████| 32/32 [00:04<00:00,  7.44it/s]
(45/65): Propagating: 100%|██████████| 32/32 [00:04<00:00,  7.44it/s]

(46/65): Calibrating:   0%|          | 0/32 [00:00<?, ?it/s]
(46/65): Calibrating:   6%|▋         | 2/32 [00:00<00:04,  7.04it/s]
(46/65): Calibrating:   9%|▉         | 3/32 [00:00<00:05,  5.70it/s]
(46/65): Calibrating:  12%|█▎        | 4/32 [00:00<00:05,  5.19it/s]
(46/65): Calibrating:  16%|█▌        | 5/32 [00:00<00:05,  4.93it/s]
(46/65): Calibrating:  19%|█▉        | 6/32 [00:01<00:05,  4.78it/s]
(46/65): Calibrating:  22%|██▏       | 7/32 [00:01<00:05,  4.70it/s]
(46/65): Calibrating:  25%|██▌       | 8/32 [00:01<00:05,  4.64it/s]
(46/65): Calibrating:  28%|██▊       | 9/32 [00:01<00:05,  4.59it/s]
(46/65): Calibrating:  31%|███▏      | 10/32 [00:02<00:04,  4.57it/s]
(46/65): Calibrating:  34%|███▍      | 11/32 [00:02<00:04,  4.54it/s]
(46/65): Calibrating:  38%|███▊      | 12/32 [00:02<00:04,  4.53it/s]
(46/65): Calibrating:  41%|████      | 13/32 [00:02<00:04,  4.53it/s]
(46/65): Calibrating:  44%|████▍     | 14/32 [00:02<00:03,  4.52it/s]
(46/65): Calibrating:  47%|████▋     | 15/32 [00:03<00:03,  4.52it/s]
(46/65): Calibrating:  50%|█████     | 16/32 [00:03<00:03,  4.52it/s]
(46/65): Calibrating:  53%|█████▎    | 17/32 [00:03<00:03,  4.52it/s]
(46/65): Calibrating:  56%|█████▋    | 18/32 [00:03<00:03,  4.51it/s]
(46/65): Calibrating:  59%|█████▉    | 19/32 [00:04<00:02,  4.51it/s]
(46/65): Calibrating:  62%|██████▎   | 20/32 [00:04<00:02,  4.51it/s]
(46/65): Calibrating:  66%|██████▌   | 21/32 [00:04<00:02,  4.50it/s]
(46/65): Calibrating:  69%|██████▉   | 22/32 [00:04<00:02,  4.50it/s]
(46/65): Calibrating:  72%|███████▏  | 23/32 [00:04<00:01,  4.50it/s]
(46/65): Calibrating:  75%|███████▌  | 24/32 [00:05<00:01,  4.50it/s]
(46/65): Calibrating:  78%|███████▊  | 25/32 [00:05<00:01,  4.50it/s]
(46/65): Calibrating:  81%|████████▏ | 26/32 [00:05<00:01,  4.51it/s]
(46/65): Calibrating:  84%|████████▍ | 27/32 [00:05<00:01,  4.51it/s]
(46/65): Calibrating:  88%|████████▊ | 28/32 [00:06<00:00,  4.51it/s]
(46/65): Calibrating:  91%|█████████ | 29/32 [00:06<00:00,  4.50it/s]
(46/65): Calibrating:  94%|█████████▍| 30/32 [00:06<00:00,  4.50it/s]
(46/65): Calibrating:  97%|█████████▋| 31/32 [00:06<00:00,  4.50it/s]
(46/65): Calibrating: 100%|██████████| 32/32 [00:06<00:00,  4.50it/s]
(46/65): Calibrating: 100%|██████████| 32/32 [00:06<00:00,  4.61it/s]
2026-09-11T06:20:09.7268 | compress_module_list | INFO - Quantizing model.language_model.layers.44.mlp.gate_proj using 128 samples
2026-09-11T06:20:11.2220 | GPTQ | METRIC - time 1.49s
2026-09-11T06:20:11.2221 | GPTQ | METRIC - error 31882.66
2026-09-11T06:20:11.2225 | GPTQ | METRIC - Accelerator 0 | usage: 69.80% | total memory: 47.8 Gb
2026-09-11T06:20:11.2226 | GPTQ | METRIC - Accelerator 1 | usage: 61.54% | total memory: 47.8 Gb
2026-09-11T06:20:11.2312 | compress_module_list | INFO - Quantizing model.language_model.layers.44.mlp.up_proj using 128 samples
2026-09-11T06:20:12.7325 | GPTQ | METRIC - time 1.50s
2026-09-11T06:20:12.7326 | GPTQ | METRIC - error 35251.68
2026-09-11T06:20:12.7330 | GPTQ | METRIC - Accelerator 0 | usage: 69.80% | total memory: 47.8 Gb
2026-09-11T06:20:12.7331 | GPTQ | METRIC - Accelerator 1 | usage: 61.54% | total memory: 47.8 Gb
2026-09-11T06:20:12.7417 | compress_module_list | INFO - Quantizing model.language_model.layers.44.mlp.down_proj using 128 samples
2026-09-11T06:20:18.3676 | GPTQ | METRIC - time 5.63s
2026-09-11T06:20:18.3679 | GPTQ | METRIC - error 2313.68
2026-09-11T06:20:18.3684 | GPTQ | METRIC - Accelerator 0 | usage: 69.80% | total memory: 47.8 Gb
2026-09-11T06:20:18.3687 | GPTQ | METRIC - Accelerator 1 | usage: 61.54% | total memory: 47.8 Gb

(46/65): Propagating:   0%|          | 0/32 [00:00<?, ?it/s]
(46/65): Propagating:   3%|▎         | 1/32 [00:00<00:05,  5.80it/s]
(46/65): Propagating:   6%|▋         | 2/32 [00:00<00:05,  5.70it/s]
(46/65): Propagating:   9%|▉         | 3/32 [00:00<00:04,  5.82it/s]
(46/65): Propagating:  12%|█▎        | 4/32 [00:00<00:04,  6.01it/s]
(46/65): Propagating:  16%|█▌        | 5/32 [00:00<00:04,  6.12it/s]
(46/65): Propagating:  19%|█▉        | 6/32 [00:00<00:04,  6.19it/s]
(46/65): Propagating:  22%|██▏       | 7/32 [00:01<00:04,  6.23it/s]
(46/65): Propagating:  25%|██▌       | 8/32 [00:01<00:03,  6.25it/s]
(46/65): Propagating:  28%|██▊       | 9/32 [00:01<00:03,  6.27it/s]
(46/65): Propagating:  31%|███▏      | 10/32 [00:01<00:03,  6.28it/s]
(46/65): Propagating:  34%|███▍      | 11/32 [00:01<00:03,  6.29it/s]
(46/65): Propagating:  38%|███▊      | 12/32 [00:01<00:03,  6.30it/s]
(46/65): Propagating:  41%|████      | 13/32 [00:02<00:03,  6.30it/s]
(46/65): Propagating:  44%|████▍     | 14/32 [00:02<00:02,  6.31it/s]
(46/65): Propagating:  47%|████▋     | 15/32 [00:02<00:02,  6.32it/s]
(46/65): Propagating:  50%|█████     | 16/32 [00:02<00:02,  6.33it/s]
(46/65): Propagating:  53%|█████▎    | 17/32 [00:02<00:02,  6.33it/s]
(46/65): Propagating:  56%|█████▋    | 18/32 [00:02<00:02,  6.34it/s]
(46/65): Propagating:  59%|█████▉    | 19/32 [00:03<00:02,  6.33it/s]
(46/65): Propagating:  62%|██████▎   | 20/32 [00:03<00:01,  6.33it/s]
(46/65): Propagating:  66%|██████▌   | 21/32 [00:03<00:01,  6.34it/s]
(46/65): Propagating:  69%|██████▉   | 22/32 [00:03<00:01,  6.35it/s]
(46/65): Propagating:  72%|███████▏  | 23/32 [00:03<00:01,  6.34it/s]
(46/65): Propagating:  75%|███████▌  | 24/32 [00:03<00:01,  6.34it/s]
(46/65): Propagating:  78%|███████▊  | 25/32 [00:03<00:01,  6.34it/s]
(46/65): Propagating:  81%|████████▏ | 26/32 [00:04<00:00,  6.34it/s]
(46/65): Propagating:  84%|████████▍ | 27/32 [00:04<00:00,  6.34it/s]
(46/65): Propagating:  88%|████████▊ | 28/32 [00:04<00:00,  6.34it/s]
(46/65): Propagating:  91%|█████████ | 29/32 [00:04<00:00,  6.34it/s]
(46/65): Propagating:  94%|█████████▍| 30/32 [00:04<00:00,  6.33it/s]
(46/65): Propagating:  97%|█████████▋| 31/32 [00:04<00:00,  6.33it/s]
(46/65): Propagating: 100%|██████████| 32/32 [00:05<00:00,  6.31it/s]
(46/65): Propagating: 100%|██████████| 32/32 [00:05<00:00,  6.27it/s]

(47/65): Calibrating:   0%|          | 0/32 [00:00<?, ?it/s]
(47/65): Calibrating:   6%|▋         | 2/32 [00:00<00:04,  7.03it/s]
(47/65): Calibrating:   9%|▉         | 3/32 [00:00<00:05,  5.68it/s]
(47/65): Calibrating:  12%|█▎        | 4/32 [00:00<00:05,  5.16it/s]
(47/65): Calibrating:  16%|█▌        | 5/32 [00:00<00:05,  4.90it/s]
(47/65): Calibrating:  19%|█▉        | 6/32 [00:01<00:05,  4.75it/s]
(47/65): Calibrating:  22%|██▏       | 7/32 [00:01<00:05,  4.66it/s]
(47/65): Calibrating:  25%|██▌       | 8/32 [00:01<00:05,  4.57it/s]
(47/65): Calibrating:  28%|██▊       | 9/32 [00:01<00:05,  4.55it/s]
(47/65): Calibrating:  31%|███▏      | 10/32 [00:02<00:04,  4.53it/s]
(47/65): Calibrating:  34%|███▍      | 11/32 [00:02<00:04,  4.52it/s]
(47/65): Calibrating:  38%|███▊      | 12/32 [00:02<00:04,  4.51it/s]
(47/65): Calibrating:  41%|████      | 13/32 [00:02<00:04,  4.49it/s]
(47/65): Calibrating:  44%|████▍     | 14/32 [00:02<00:04,  4.47it/s]
(47/65): Calibrating:  47%|████▋     | 15/32 [00:03<00:03,  4.47it/s]
(47/65): Calibrating:  50%|█████     | 16/32 [00:03<00:03,  4.47it/s]
(47/65): Calibrating:  53%|█████▎    | 17/32 [00:03<00:03,  4.47it/s]
(47/65): Calibrating:  56%|█████▋    | 18/32 [00:03<00:03,  4.47it/s]
(47/65): Calibrating:  59%|█████▉    | 19/32 [00:04<00:02,  4.47it/s]
(47/65): Calibrating:  62%|██████▎   | 20/32 [00:04<00:02,  4.47it/s]
(47/65): Calibrating:  66%|██████▌   | 21/32 [00:04<00:02,  4.48it/s]
(47/65): Calibrating:  69%|██████▉   | 22/32 [00:04<00:02,  4.48it/s]
(47/65): Calibrating:  72%|███████▏  | 23/32 [00:04<00:02,  4.48it/s]
(47/65): Calibrating:  75%|███████▌  | 24/32 [00:05<00:01,  4.46it/s]
(47/65): Calibrating:  78%|███████▊  | 25/32 [00:05<00:01,  4.43it/s]
(47/65): Calibrating:  81%|████████▏ | 26/32 [00:05<00:01,  4.43it/s]
(47/65): Calibrating:  84%|████████▍ | 27/32 [00:05<00:01,  4.42it/s]
(47/65): Calibrating:  88%|████████▊ | 28/32 [00:06<00:00,  4.43it/s]
(47/65): Calibrating:  91%|█████████ | 29/32 [00:06<00:00,  4.43it/s]
(47/65): Calibrating:  94%|█████████▍| 30/32 [00:06<00:00,  4.42it/s]
(47/65): Calibrating:  97%|█████████▋| 31/32 [00:06<00:00,  4.42it/s]
(47/65): Calibrating: 100%|██████████| 32/32 [00:07<00:00,  4.44it/s]
(47/65): Calibrating: 100%|██████████| 32/32 [00:07<00:00,  4.56it/s]
2026-09-11T06:20:30.6868 | compress_module_list | INFO - Quantizing model.language_model.layers.45.mlp.gate_proj using 128 samples
2026-09-11T06:20:32.1861 | GPTQ | METRIC - time 1.50s
2026-09-11T06:20:32.1863 | GPTQ | METRIC - error 31529.12
2026-09-11T06:20:32.1866 | GPTQ | METRIC - Accelerator 0 | usage: 69.80% | total memory: 47.8 Gb
2026-09-11T06:20:32.1868 | GPTQ | METRIC - Accelerator 1 | usage: 61.54% | total memory: 47.8 Gb
2026-09-11T06:20:32.1954 | compress_module_list | INFO - Quantizing model.language_model.layers.45.mlp.up_proj using 128 samples
2026-09-11T06:20:33.6968 | GPTQ | METRIC - time 1.50s
2026-09-11T06:20:33.6970 | GPTQ | METRIC - error 35121.15
2026-09-11T06:20:33.6973 | GPTQ | METRIC - Accelerator 0 | usage: 69.80% | total memory: 47.8 Gb
2026-09-11T06:20:33.6975 | GPTQ | METRIC - Accelerator 1 | usage: 61.54% | total memory: 47.8 Gb
2026-09-11T06:20:33.7061 | compress_module_list | INFO - Quantizing model.language_model.layers.45.mlp.down_proj using 128 samples
2026-09-11T06:20:39.3106 | GPTQ | METRIC - time 5.60s
2026-09-11T06:20:39.3107 | GPTQ | METRIC - error 2364.60
2026-09-11T06:20:39.3111 | GPTQ | METRIC - Accelerator 0 | usage: 69.80% | total memory: 47.8 Gb
2026-09-11T06:20:39.3113 | GPTQ | METRIC - Accelerator 1 | usage: 61.54% | total memory: 47.8 Gb

(47/65): Propagating:   0%|          | 0/32 [00:00<?, ?it/s]
(47/65): Propagating:   3%|▎         | 1/32 [00:00<00:05,  5.96it/s]
(47/65): Propagating:   6%|▋         | 2/32 [00:00<00:05,  5.93it/s]
(47/65): Propagating:   9%|▉         | 3/32 [00:00<00:04,  6.08it/s]
(47/65): Propagating:  12%|█▎        | 4/32 [00:00<00:04,  6.15it/s]
(47/65): Propagating:  16%|█▌        | 5/32 [00:00<00:04,  6.21it/s]
(47/65): Propagating:  19%|█▉        | 6/32 [00:00<00:04,  6.22it/s]
(47/65): Propagating:  22%|██▏       | 7/32 [00:01<00:03,  6.25it/s]
(47/65): Propagating:  25%|██▌       | 8/32 [00:01<00:03,  6.28it/s]
(47/65): Propagating:  28%|██▊       | 9/32 [00:01<00:03,  6.29it/s]
(47/65): Propagating:  31%|███▏      | 10/32 [00:01<00:03,  6.30it/s]
(47/65): Propagating:  34%|███▍      | 11/32 [00:01<00:03,  6.30it/s]
(47/65): Propagating:  38%|███▊      | 12/32 [00:01<00:03,  6.30it/s]
(47/65): Propagating:  41%|████      | 13/32 [00:02<00:03,  6.30it/s]
(47/65): Propagating:  44%|████▍     | 14/32 [00:02<00:02,  6.30it/s]
(47/65): Propagating:  47%|████▋     | 15/32 [00:02<00:02,  6.31it/s]
(47/65): Propagating:  50%|█████     | 16/32 [00:02<00:02,  6.32it/s]
(47/65): Propagating:  53%|█████▎    | 17/32 [00:02<00:02,  6.33it/s]
(47/65): Propagating:  56%|█████▋    | 18/32 [00:02<00:02,  6.34it/s]
(47/65): Propagating:  59%|█████▉    | 19/32 [00:03<00:02,  6.34it/s]
(47/65): Propagating:  62%|██████▎   | 20/32 [00:03<00:01,  6.34it/s]
(47/65): Propagating:  66%|██████▌   | 21/32 [00:03<00:01,  6.35it/s]
(47/65): Propagating:  69%|██████▉   | 22/32 [00:03<00:01,  6.34it/s]
(47/65): Propagating:  72%|███████▏  | 23/32 [00:03<00:01,  6.35it/s]
(47/65): Propagating:  75%|███████▌  | 24/32 [00:03<00:01,  6.35it/s]
(47/65): Propagating:  78%|███████▊  | 25/32 [00:03<00:01,  6.35it/s]
(47/65): Propagating:  81%|████████▏ | 26/32 [00:04<00:00,  6.34it/s]
(47/65): Propagating:  84%|████████▍ | 27/32 [00:04<00:00,  6.34it/s]
(47/65): Propagating:  88%|████████▊ | 28/32 [00:04<00:00,  6.33it/s]
(47/65): Propagating:  91%|█████████ | 29/32 [00:04<00:00,  6.33it/s]
(47/65): Propagating:  94%|█████████▍| 30/32 [00:04<00:00,  6.33it/s]
(47/65): Propagating:  97%|█████████▋| 31/32 [00:04<00:00,  6.33it/s]
(47/65): Propagating: 100%|██████████| 32/32 [00:05<00:00,  6.33it/s]
(47/65): Propagating: 100%|██████████| 32/32 [00:05<00:00,  6.30it/s]

(48/65): Calibrating:   0%|          | 0/32 [00:00<?, ?it/s]
(48/65): Calibrating:   6%|▋         | 2/32 [00:00<00:04,  7.03it/s]
(48/65): Calibrating:   9%|▉         | 3/32 [00:00<00:05,  5.70it/s]
(48/65): Calibrating:  12%|█▎        | 4/32 [00:00<00:05,  5.18it/s]
(48/65): Calibrating:  16%|█▌        | 5/32 [00:00<00:05,  4.93it/s]
(48/65): Calibrating:  19%|█▉        | 6/32 [00:01<00:05,  4.78it/s]
(48/65): Calibrating:  22%|██▏       | 7/32 [00:01<00:05,  4.69it/s]
(48/65): Calibrating:  25%|██▌       | 8/32 [00:01<00:05,  4.63it/s]
(48/65): Calibrating:  28%|██▊       | 9/32 [00:01<00:05,  4.58it/s]
(48/65): Calibrating:  31%|███▏      | 10/32 [00:02<00:04,  4.55it/s]
(48/65): Calibrating:  34%|███▍      | 11/32 [00:02<00:04,  4.53it/s]
(48/65): Calibrating:  38%|███▊      | 12/32 [00:02<00:04,  4.52it/s]
(48/65): Calibrating:  41%|████      | 13/32 [00:02<00:04,  4.51it/s]
(48/65): Calibrating:  44%|████▍     | 14/32 [00:02<00:03,  4.51it/s]
(48/65): Calibrating:  47%|████▋     | 15/32 [00:03<00:03,  4.50it/s]
(48/65): Calibrating:  50%|█████     | 16/32 [00:03<00:03,  4.50it/s]
(48/65): Calibrating:  53%|█████▎    | 17/32 [00:03<00:03,  4.49it/s]
(48/65): Calibrating:  56%|█████▋    | 18/32 [00:03<00:03,  4.49it/s]
(48/65): Calibrating:  59%|█████▉    | 19/32 [00:04<00:02,  4.50it/s]
(48/65): Calibrating:  62%|██████▎   | 20/32 [00:04<00:02,  4.49it/s]
(48/65): Calibrating:  66%|██████▌   | 21/32 [00:04<00:02,  4.50it/s]
(48/65): Calibrating:  69%|██████▉   | 22/32 [00:04<00:02,  4.50it/s]
(48/65): Calibrating:  72%|███████▏  | 23/32 [00:04<00:02,  4.49it/s]
(48/65): Calibrating:  75%|███████▌  | 24/32 [00:05<00:01,  4.49it/s]
(48/65): Calibrating:  78%|███████▊  | 25/32 [00:05<00:01,  4.49it/s]
(48/65): Calibrating:  81%|████████▏ | 26/32 [00:05<00:01,  4.49it/s]
(48/65): Calibrating:  84%|████████▍ | 27/32 [00:05<00:01,  4.50it/s]
(48/65): Calibrating:  88%|████████▊ | 28/32 [00:06<00:00,  4.50it/s]
(48/65): Calibrating:  91%|█████████ | 29/32 [00:06<00:00,  4.50it/s]
(48/65): Calibrating:  94%|█████████▍| 30/32 [00:06<00:00,  4.50it/s]
(48/65): Calibrating:  97%|█████████▋| 31/32 [00:06<00:00,  4.49it/s]
(48/65): Calibrating: 100%|██████████| 32/32 [00:06<00:00,  4.48it/s]
(48/65): Calibrating: 100%|██████████| 32/32 [00:06<00:00,  4.60it/s]
2026-09-11T06:20:51.5526 | compress_module_list | INFO - Quantizing model.language_model.layers.46.mlp.gate_proj using 128 samples
2026-09-11T06:20:53.0972 | GPTQ | METRIC - time 1.54s
2026-09-11T06:20:53.0974 | GPTQ | METRIC - error 30603.77
2026-09-11T06:20:53.0977 | GPTQ | METRIC - Accelerator 0 | usage: 69.80% | total memory: 47.8 Gb
2026-09-11T06:20:53.0979 | GPTQ | METRIC - Accelerator 1 | usage: 61.54% | total memory: 47.8 Gb
2026-09-11T06:20:53.1064 | compress_module_list | INFO - Quantizing model.language_model.layers.46.mlp.up_proj using 128 samples
2026-09-11T06:20:54.6013 | GPTQ | METRIC - time 1.49s
2026-09-11T06:20:54.6014 | GPTQ | METRIC - error 34955.68
2026-09-11T06:20:54.6018 | GPTQ | METRIC - Accelerator 0 | usage: 69.80% | total memory: 47.8 Gb
2026-09-11T06:20:54.6020 | GPTQ | METRIC - Accelerator 1 | usage: 61.54% | total memory: 47.8 Gb
2026-09-11T06:20:54.6105 | compress_module_list | INFO - Quantizing model.language_model.layers.46.mlp.down_proj using 128 samples
2026-09-11T06:21:00.2474 | GPTQ | METRIC - time 5.64s
2026-09-11T06:21:00.2475 | GPTQ | METRIC - error 2646.05
2026-09-11T06:21:00.2478 | GPTQ | METRIC - Accelerator 0 | usage: 69.81% | total memory: 47.8 Gb
2026-09-11T06:21:00.2480 | GPTQ | METRIC - Accelerator 1 | usage: 61.54% | total memory: 47.8 Gb

(48/65): Propagating:   0%|          | 0/32 [00:00<?, ?it/s]
(48/65): Propagating:   3%|▎         | 1/32 [00:00<00:05,  5.69it/s]
(48/65): Propagating:   6%|▋         | 2/32 [00:00<00:05,  5.92it/s]
(48/65): Propagating:   9%|▉         | 3/32 [00:00<00:04,  6.03it/s]
(48/65): Propagating:  12%|█▎        | 4/32 [00:00<00:04,  6.13it/s]
(48/65): Propagating:  16%|█▌        | 5/32 [00:00<00:04,  6.18it/s]
(48/65): Propagating:  19%|█▉        | 6/32 [00:00<00:04,  6.23it/s]
(48/65): Propagating:  22%|██▏       | 7/32 [00:01<00:03,  6.26it/s]
(48/65): Propagating:  25%|██▌       | 8/32 [00:01<00:03,  6.28it/s]
(48/65): Propagating:  28%|██▊       | 9/32 [00:01<00:03,  6.30it/s]
(48/65): Propagating:  31%|███▏      | 10/32 [00:01<00:03,  6.29it/s]
(48/65): Propagating:  34%|███▍      | 11/32 [00:01<00:03,  6.30it/s]
(48/65): Propagating:  38%|███▊      | 12/32 [00:01<00:03,  6.31it/s]
(48/65): Propagating:  41%|████      | 13/32 [00:02<00:03,  6.30it/s]
(48/65): Propagating:  44%|████▍     | 14/32 [00:02<00:02,  6.31it/s]
(48/65): Propagating:  47%|████▋     | 15/32 [00:02<00:02,  6.31it/s]
(48/65): Propagating:  50%|█████     | 16/32 [00:02<00:02,  6.31it/s]
(48/65): Propagating:  53%|█████▎    | 17/32 [00:02<00:02,  6.31it/s]
(48/65): Propagating:  56%|█████▋    | 18/32 [00:02<00:02,  6.30it/s]
(48/65): Propagating:  59%|█████▉    | 19/32 [00:03<00:02,  6.31it/s]
(48/65): Propagating:  62%|██████▎   | 20/32 [00:03<00:01,  6.31it/s]
(48/65): Propagating:  66%|██████▌   | 21/32 [00:03<00:01,  6.29it/s]
(48/65): Propagating:  69%|██████▉   | 22/32 [00:03<00:01,  6.30it/s]
(48/65): Propagating:  72%|███████▏  | 23/32 [00:03<00:01,  6.31it/s]
(48/65): Propagating:  75%|███████▌  | 24/32 [00:03<00:01,  6.32it/s]
(48/65): Propagating:  78%|███████▊  | 25/32 [00:03<00:01,  6.32it/s]
(48/65): Propagating:  81%|████████▏ | 26/32 [00:04<00:00,  6.32it/s]
(48/65): Propagating:  84%|████████▍ | 27/32 [00:04<00:00,  6.31it/s]
(48/65): Propagating:  88%|████████▊ | 28/32 [00:04<00:00,  6.31it/s]
(48/65): Propagating:  91%|█████████ | 29/32 [00:04<00:00,  6.30it/s]
(48/65): Propagating:  94%|█████████▍| 30/32 [00:04<00:00,  6.29it/s]
(48/65): Propagating:  97%|█████████▋| 31/32 [00:04<00:00,  6.28it/s]
(48/65): Propagating: 100%|██████████| 32/32 [00:05<00:00,  6.28it/s]
(48/65): Propagating: 100%|██████████| 32/32 [00:05<00:00,  6.27it/s]

(49/65): Calibrating:   0%|          | 0/32 [00:00<?, ?it/s]
(49/65): Calibrating:   6%|▋         | 2/32 [00:00<00:04,  7.06it/s]
(49/65): Calibrating:   9%|▉         | 3/32 [00:00<00:05,  5.55it/s]
(49/65): Calibrating:  12%|█▎        | 4/32 [00:00<00:05,  4.99it/s]
(49/65): Calibrating:  16%|█▌        | 5/32 [00:00<00:05,  4.71it/s]
(49/65): Calibrating:  19%|█▉        | 6/32 [00:01<00:05,  4.54it/s]
(49/65): Calibrating:  22%|██▏       | 7/32 [00:01<00:05,  4.44it/s]
(49/65): Calibrating:  25%|██▌       | 8/32 [00:01<00:05,  4.38it/s]
(49/65): Calibrating:  28%|██▊       | 9/32 [00:01<00:05,  4.34it/s]
(49/65): Calibrating:  31%|███▏      | 10/32 [00:02<00:05,  4.31it/s]
(49/65): Calibrating:  34%|███▍      | 11/32 [00:02<00:04,  4.29it/s]
(49/65): Calibrating:  38%|███▊      | 12/32 [00:02<00:04,  4.28it/s]
(49/65): Calibrating:  41%|████      | 13/32 [00:02<00:04,  4.28it/s]
(49/65): Calibrating:  44%|████▍     | 14/32 [00:03<00:04,  4.27it/s]
(49/65): Calibrating:  47%|████▋     | 15/32 [00:03<00:03,  4.26it/s]
(49/65): Calibrating:  50%|█████     | 16/32 [00:03<00:03,  4.26it/s]
(49/65): Calibrating:  53%|█████▎    | 17/32 [00:03<00:03,  4.26it/s]
(49/65): Calibrating:  56%|█████▋    | 18/32 [00:04<00:03,  4.25it/s]
(49/65): Calibrating:  59%|█████▉    | 19/32 [00:04<00:03,  4.25it/s]
(49/65): Calibrating:  62%|██████▎   | 20/32 [00:04<00:02,  4.24it/s]
(49/65): Calibrating:  66%|██████▌   | 21/32 [00:04<00:02,  4.24it/s]
(49/65): Calibrating:  69%|██████▉   | 22/32 [00:04<00:02,  4.24it/s]
(49/65): Calibrating:  72%|███████▏  | 23/32 [00:05<00:02,  4.24it/s]
(49/65): Calibrating:  75%|███████▌  | 24/32 [00:05<00:01,  4.24it/s]
(49/65): Calibrating:  78%|███████▊  | 25/32 [00:05<00:01,  4.23it/s]
(49/65): Calibrating:  81%|████████▏ | 26/32 [00:05<00:01,  4.24it/s]
(49/65): Calibrating:  84%|████████▍ | 27/32 [00:06<00:01,  4.24it/s]
(49/65): Calibrating:  88%|████████▊ | 28/32 [00:06<00:00,  4.24it/s]
(49/65): Calibrating:  91%|█████████ | 29/32 [00:06<00:00,  4.24it/s]
(49/65): Calibrating:  94%|█████████▍| 30/32 [00:06<00:00,  4.24it/s]
(49/65): Calibrating:  97%|█████████▋| 31/32 [00:07<00:00,  4.24it/s]
(49/65): Calibrating: 100%|██████████| 32/32 [00:07<00:00,  4.24it/s]
(49/65): Calibrating: 100%|██████████| 32/32 [00:07<00:00,  4.35it/s]
2026-09-11T06:21:12.9270 | compress_module_list | INFO - Quantizing model.language_model.layers.47.self_attn.q_proj using 128 samples
2026-09-11T06:21:14.4127 | GPTQ | METRIC - time 1.49s
2026-09-11T06:21:14.4128 | GPTQ | METRIC - error 44252.30
2026-09-11T06:21:14.4132 | GPTQ | METRIC - Accelerator 0 | usage: 69.81% | total memory: 47.8 Gb
2026-09-11T06:21:14.4134 | GPTQ | METRIC - Accelerator 1 | usage: 61.54% | total memory: 47.8 Gb
2026-09-11T06:21:14.4195 | compress_module_list | INFO - Quantizing model.language_model.layers.47.self_attn.k_proj using 128 samples
2026-09-11T06:21:15.8521 | GPTQ | METRIC - time 1.43s
2026-09-11T06:21:15.8522 | GPTQ | METRIC - error 4895.33
2026-09-11T06:21:15.8526 | GPTQ | METRIC - Accelerator 0 | usage: 69.81% | total memory: 47.8 Gb
2026-09-11T06:21:15.8528 | GPTQ | METRIC - Accelerator 1 | usage: 61.54% | total memory: 47.8 Gb
2026-09-11T06:21:15.8534 | compress_module_list | INFO - Quantizing model.language_model.layers.47.self_attn.v_proj using 128 samples
2026-09-11T06:21:17.2836 | GPTQ | METRIC - time 1.43s
2026-09-11T06:21:17.2838 | GPTQ | METRIC - error 7606.48
2026-09-11T06:21:17.2841 | GPTQ | METRIC - Accelerator 0 | usage: 69.81% | total memory: 47.8 Gb
2026-09-11T06:21:17.2843 | GPTQ | METRIC - Accelerator 1 | usage: 61.54% | total memory: 47.8 Gb
2026-09-11T06:21:17.2849 | compress_module_list | INFO - Quantizing model.language_model.layers.47.self_attn.o_proj using 128 samples
2026-09-11T06:21:19.0410 | GPTQ | METRIC - time 1.76s
2026-09-11T06:21:19.0412 | GPTQ | METRIC - error 1852.37
2026-09-11T06:21:19.0415 | GPTQ | METRIC - Accelerator 0 | usage: 69.81% | total memory: 47.8 Gb
2026-09-11T06:21:19.0417 | GPTQ | METRIC - Accelerator 1 | usage: 61.54% | total memory: 47.8 Gb
2026-09-11T06:21:19.0448 | compress_module_list | INFO - Quantizing model.language_model.layers.47.mlp.gate_proj using 128 samples
2026-09-11T06:21:20.5417 | GPTQ | METRIC - time 1.50s
2026-09-11T06:21:20.5418 | GPTQ | METRIC - error 33929.22
2026-09-11T06:21:20.5422 | GPTQ | METRIC - Accelerator 0 | usage: 69.81% | total memory: 47.8 Gb
2026-09-11T06:21:20.5424 | GPTQ | METRIC - Accelerator 1 | usage: 61.54% | total memory: 47.8 Gb
2026-09-11T06:21:20.5509 | compress_module_list | INFO - Quantizing model.language_model.layers.47.mlp.up_proj using 128 samples
2026-09-11T06:21:22.0557 | GPTQ | METRIC - time 1.50s
2026-09-11T06:21:22.0559 | GPTQ | METRIC - error 38568.72
2026-09-11T06:21:22.0562 | GPTQ | METRIC - Accelerator 0 | usage: 69.81% | total memory: 47.8 Gb
2026-09-11T06:21:22.0564 | GPTQ | METRIC - Accelerator 1 | usage: 61.54% | total memory: 47.8 Gb
2026-09-11T06:21:22.0650 | compress_module_list | INFO - Quantizing model.language_model.layers.47.mlp.down_proj using 128 samples
2026-09-11T06:21:27.6782 | GPTQ | METRIC - time 5.61s
2026-09-11T06:21:27.6783 | GPTQ | METRIC - error 3019.52
2026-09-11T06:21:27.6787 | GPTQ | METRIC - Accelerator 0 | usage: 69.81% | total memory: 47.8 Gb
2026-09-11T06:21:27.6788 | GPTQ | METRIC - Accelerator 1 | usage: 61.54% | total memory: 47.8 Gb

(49/65): Propagating:   0%|          | 0/32 [00:00<?, ?it/s]
(49/65): Propagating:   3%|▎         | 1/32 [00:00<00:04,  7.11it/s]
(49/65): Propagating:   6%|▋         | 2/32 [00:00<00:04,  7.35it/s]
(49/65): Propagating:   9%|▉         | 3/32 [00:00<00:03,  7.44it/s]
(49/65): Propagating:  12%|█▎        | 4/32 [00:00<00:03,  7.50it/s]
(49/65): Propagating:  16%|█▌        | 5/32 [00:00<00:03,  7.53it/s]
(49/65): Propagating:  19%|█▉        | 6/32 [00:00<00:03,  7.54it/s]
(49/65): Propagating:  22%|██▏       | 7/32 [00:00<00:03,  7.56it/s]
(49/65): Propagating:  25%|██▌       | 8/32 [00:01<00:03,  7.57it/s]
(49/65): Propagating:  28%|██▊       | 9/32 [00:01<00:03,  7.59it/s]
(49/65): Propagating:  31%|███▏      | 10/32 [00:01<00:02,  7.60it/s]
(49/65): Propagating:  34%|███▍      | 11/32 [00:01<00:02,  7.60it/s]
(49/65): Propagating:  38%|███▊      | 12/32 [00:01<00:02,  7.61it/s]
(49/65): Propagating:  41%|████      | 13/32 [00:01<00:02,  7.61it/s]
(49/65): Propagating:  44%|████▍     | 14/32 [00:01<00:02,  7.61it/s]
(49/65): Propagating:  47%|████▋     | 15/32 [00:01<00:02,  7.61it/s]
(49/65): Propagating:  50%|█████     | 16/32 [00:02<00:02,  7.61it/s]
(49/65): Propagating:  53%|█████▎    | 17/32 [00:02<00:01,  7.61it/s]
(49/65): Propagating:  56%|█████▋    | 18/32 [00:02<00:01,  7.62it/s]
(49/65): Propagating:  59%|█████▉    | 19/32 [00:02<00:01,  7.63it/s]
(49/65): Propagating:  62%|██████▎   | 20/32 [00:02<00:01,  7.64it/s]
(49/65): Propagating:  66%|██████▌   | 21/32 [00:02<00:01,  7.64it/s]
(49/65): Propagating:  69%|██████▉   | 22/32 [00:02<00:01,  7.65it/s]
(49/65): Propagating:  72%|███████▏  | 23/32 [00:03<00:01,  7.64it/s]
(49/65): Propagating:  75%|███████▌  | 24/32 [00:03<00:01,  7.51it/s]
(49/65): Propagating:  78%|███████▊  | 25/32 [00:03<00:00,  7.56it/s]
(49/65): Propagating:  81%|████████▏ | 26/32 [00:03<00:00,  7.59it/s]
(49/65): Propagating:  84%|████████▍ | 27/32 [00:03<00:00,  7.61it/s]
(49/65): Propagating:  88%|████████▊ | 28/32 [00:03<00:00,  7.62it/s]
(49/65): Propagating:  91%|█████████ | 29/32 [00:03<00:00,  7.62it/s]
(49/65): Propagating:  94%|█████████▍| 30/32 [00:03<00:00,  7.63it/s]
(49/65): Propagating:  97%|█████████▋| 31/32 [00:04<00:00,  7.63it/s]
(49/65): Propagating: 100%|██████████| 32/32 [00:04<00:00,  7.63it/s]
(49/65): Propagating: 100%|██████████| 32/32 [00:04<00:00,  7.59it/s]

(50/65): Calibrating:   0%|          | 0/32 [00:00<?, ?it/s]
(50/65): Calibrating:   6%|▋         | 2/32 [00:00<00:04,  7.04it/s]
(50/65): Calibrating:   9%|▉         | 3/32 [00:00<00:05,  5.69it/s]
(50/65): Calibrating:  12%|█▎        | 4/32 [00:00<00:05,  5.18it/s]
(50/65): Calibrating:  16%|█▌        | 5/32 [00:00<00:05,  4.90it/s]
(50/65): Calibrating:  19%|█▉        | 6/32 [00:01<00:05,  4.74it/s]
(50/65): Calibrating:  22%|██▏       | 7/32 [00:01<00:05,  4.66it/s]
(50/65): Calibrating:  25%|██▌       | 8/32 [00:01<00:05,  4.60it/s]
(50/65): Calibrating:  28%|██▊       | 9/32 [00:01<00:05,  4.56it/s]
(50/65): Calibrating:  31%|███▏      | 10/32 [00:02<00:04,  4.54it/s]
(50/65): Calibrating:  34%|███▍      | 11/32 [00:02<00:04,  4.53it/s]
(50/65): Calibrating:  38%|███▊      | 12/32 [00:02<00:04,  4.52it/s]
(50/65): Calibrating:  41%|████      | 13/32 [00:02<00:04,  4.51it/s]
(50/65): Calibrating:  44%|████▍     | 14/32 [00:02<00:04,  4.49it/s]
(50/65): Calibrating:  47%|████▋     | 15/32 [00:03<00:03,  4.49it/s]
(50/65): Calibrating:  50%|█████     | 16/32 [00:03<00:03,  4.47it/s]
(50/65): Calibrating:  53%|█████▎    | 17/32 [00:03<00:03,  4.48it/s]
(50/65): Calibrating:  56%|█████▋    | 18/32 [00:03<00:03,  4.48it/s]
(50/65): Calibrating:  59%|█████▉    | 19/32 [00:04<00:02,  4.47it/s]
(50/65): Calibrating:  62%|██████▎   | 20/32 [00:04<00:02,  4.47it/s]
(50/65): Calibrating:  66%|██████▌   | 21/32 [00:04<00:02,  4.48it/s]
(50/65): Calibrating:  69%|██████▉   | 22/32 [00:04<00:02,  4.48it/s]
(50/65): Calibrating:  72%|███████▏  | 23/32 [00:04<00:02,  4.49it/s]
(50/65): Calibrating:  75%|███████▌  | 24/32 [00:05<00:01,  4.48it/s]
(50/65): Calibrating:  78%|███████▊  | 25/32 [00:05<00:01,  4.48it/s]
(50/65): Calibrating:  81%|████████▏ | 26/32 [00:05<00:01,  4.47it/s]
(50/65): Calibrating:  84%|████████▍ | 27/32 [00:05<00:01,  4.47it/s]
(50/65): Calibrating:  88%|████████▊ | 28/32 [00:06<00:00,  4.48it/s]
(50/65): Calibrating:  91%|█████████ | 29/32 [00:06<00:00,  4.47it/s]
(50/65): Calibrating:  94%|█████████▍| 30/32 [00:06<00:00,  4.47it/s]
(50/65): Calibrating:  97%|█████████▋| 31/32 [00:06<00:00,  4.47it/s]
(50/65): Calibrating: 100%|██████████| 32/32 [00:06<00:00,  4.47it/s]
(50/65): Calibrating: 100%|██████████| 32/32 [00:06<00:00,  4.58it/s]
2026-09-11T06:21:39.0800 | compress_module_list | INFO - Quantizing model.language_model.layers.48.mlp.gate_proj using 128 samples
2026-09-11T06:21:40.5810 | GPTQ | METRIC - time 1.50s
2026-09-11T06:21:40.5812 | GPTQ | METRIC - error 37305.51
2026-09-11T06:21:40.5815 | GPTQ | METRIC - Accelerator 0 | usage: 69.81% | total memory: 47.8 Gb
2026-09-11T06:21:40.5817 | GPTQ | METRIC - Accelerator 1 | usage: 61.54% | total memory: 47.8 Gb
2026-09-11T06:21:40.5903 | compress_module_list | INFO - Quantizing model.language_model.layers.48.mlp.up_proj using 128 samples
2026-09-11T06:21:42.0989 | GPTQ | METRIC - time 1.51s
2026-09-11T06:21:42.0991 | GPTQ | METRIC - error 41997.07
2026-09-11T06:21:42.0994 | GPTQ | METRIC - Accelerator 0 | usage: 69.81% | total memory: 47.8 Gb
2026-09-11T06:21:42.0996 | GPTQ | METRIC - Accelerator 1 | usage: 61.54% | total memory: 47.8 Gb
2026-09-11T06:21:42.1082 | compress_module_list | INFO - Quantizing model.language_model.layers.48.mlp.down_proj using 128 samples
2026-09-11T06:21:47.7142 | GPTQ | METRIC - time 5.61s
2026-09-11T06:21:47.7143 | GPTQ | METRIC - error 3699.00
2026-09-11T06:21:47.7146 | GPTQ | METRIC - Accelerator 0 | usage: 69.81% | total memory: 47.8 Gb
2026-09-11T06:21:47.7148 | GPTQ | METRIC - Accelerator 1 | usage: 61.54% | total memory: 47.8 Gb

(50/65): Propagating:   0%|          | 0/32 [00:00<?, ?it/s]
(50/65): Propagating:   3%|▎         | 1/32 [00:00<00:05,  5.96it/s]
(50/65): Propagating:   6%|▋         | 2/32 [00:00<00:05,  5.88it/s]
(50/65): Propagating:   9%|▉         | 3/32 [00:00<00:04,  6.03it/s]
(50/65): Propagating:  12%|█▎        | 4/32 [00:00<00:04,  6.11it/s]
(50/65): Propagating:  16%|█▌        | 5/32 [00:00<00:04,  6.18it/s]
(50/65): Propagating:  19%|█▉        | 6/32 [00:00<00:04,  6.21it/s]
(50/65): Propagating:  22%|██▏       | 7/32 [00:01<00:04,  6.23it/s]
(50/65): Propagating:  25%|██▌       | 8/32 [00:01<00:03,  6.25it/s]
(50/65): Propagating:  28%|██▊       | 9/32 [00:01<00:03,  6.27it/s]
(50/65): Propagating:  31%|███▏      | 10/32 [00:01<00:03,  6.29it/s]
(50/65): Propagating:  34%|███▍      | 11/32 [00:01<00:03,  6.30it/s]
(50/65): Propagating:  38%|███▊      | 12/32 [00:01<00:03,  6.30it/s]
(50/65): Propagating:  41%|████      | 13/32 [00:02<00:03,  6.31it/s]
(50/65): Propagating:  44%|████▍     | 14/32 [00:02<00:02,  6.31it/s]
(50/65): Propagating:  47%|████▋     | 15/32 [00:02<00:02,  6.31it/s]
(50/65): Propagating:  50%|█████     | 16/32 [00:02<00:02,  6.32it/s]
(50/65): Propagating:  53%|█████▎    | 17/32 [00:02<00:02,  6.31it/s]
(50/65): Propagating:  56%|█████▋    | 18/32 [00:02<00:02,  6.32it/s]
(50/65): Propagating:  59%|█████▉    | 19/32 [00:03<00:02,  6.32it/s]
(50/65): Propagating:  62%|██████▎   | 20/32 [00:03<00:01,  6.33it/s]
(50/65): Propagating:  66%|██████▌   | 21/32 [00:03<00:01,  6.33it/s]
(50/65): Propagating:  69%|██████▉   | 22/32 [00:03<00:01,  6.34it/s]
(50/65): Propagating:  72%|███████▏  | 23/32 [00:03<00:01,  6.33it/s]
(50/65): Propagating:  75%|███████▌  | 24/32 [00:03<00:01,  6.33it/s]
(50/65): Propagating:  78%|███████▊  | 25/32 [00:03<00:01,  6.33it/s]
(50/65): Propagating:  81%|████████▏ | 26/32 [00:04<00:00,  6.33it/s]
(50/65): Propagating:  84%|████████▍ | 27/32 [00:04<00:00,  6.34it/s]
(50/65): Propagating:  88%|████████▊ | 28/32 [00:04<00:00,  6.34it/s]
(50/65): Propagating:  91%|█████████ | 29/32 [00:04<00:00,  6.33it/s]
(50/65): Propagating:  94%|█████████▍| 30/32 [00:04<00:00,  6.33it/s]
(50/65): Propagating:  97%|█████████▋| 31/32 [00:04<00:00,  6.33it/s]
(50/65): Propagating: 100%|██████████| 32/32 [00:05<00:00,  6.33it/s]
(50/65): Propagating: 100%|██████████| 32/32 [00:05<00:00,  6.29it/s]

(51/65): Calibrating:   0%|          | 0/32 [00:00<?, ?it/s]
(51/65): Calibrating:   6%|▋         | 2/32 [00:00<00:04,  7.04it/s]
(51/65): Calibrating:   9%|▉         | 3/32 [00:00<00:05,  5.69it/s]
(51/65): Calibrating:  12%|█▎        | 4/32 [00:00<00:05,  5.17it/s]
(51/65): Calibrating:  16%|█▌        | 5/32 [00:00<00:05,  4.92it/s]
(51/65): Calibrating:  19%|█▉        | 6/32 [00:01<00:05,  4.77it/s]
(51/65): Calibrating:  22%|██▏       | 7/32 [00:01<00:05,  4.68it/s]
(51/65): Calibrating:  25%|██▌       | 8/32 [00:01<00:05,  4.62it/s]
(51/65): Calibrating:  28%|██▊       | 9/32 [00:01<00:05,  4.58it/s]
(51/65): Calibrating:  31%|███▏      | 10/32 [00:02<00:04,  4.54it/s]
(51/65): Calibrating:  34%|███▍      | 11/32 [00:02<00:04,  4.53it/s]
(51/65): Calibrating:  38%|███▊      | 12/32 [00:02<00:04,  4.51it/s]
(51/65): Calibrating:  41%|████      | 13/32 [00:02<00:04,  4.51it/s]
(51/65): Calibrating:  44%|████▍     | 14/32 [00:02<00:03,  4.50it/s]
(51/65): Calibrating:  47%|████▋     | 15/32 [00:03<00:03,  4.50it/s]
(51/65): Calibrating:  50%|█████     | 16/32 [00:03<00:03,  4.49it/s]
(51/65): Calibrating:  53%|█████▎    | 17/32 [00:03<00:03,  4.48it/s]
(51/65): Calibrating:  56%|█████▋    | 18/32 [00:03<00:03,  4.48it/s]
(51/65): Calibrating:  59%|█████▉    | 19/32 [00:04<00:02,  4.49it/s]
(51/65): Calibrating:  62%|██████▎   | 20/32 [00:04<00:02,  4.48it/s]
(51/65): Calibrating:  66%|██████▌   | 21/32 [00:04<00:02,  4.48it/s]
(51/65): Calibrating:  69%|██████▉   | 22/32 [00:04<00:02,  4.48it/s]
(51/65): Calibrating:  72%|███████▏  | 23/32 [00:04<00:02,  4.47it/s]
(51/65): Calibrating:  75%|███████▌  | 24/32 [00:05<00:01,  4.48it/s]
(51/65): Calibrating:  78%|███████▊  | 25/32 [00:05<00:01,  4.48it/s]
(51/65): Calibrating:  81%|████████▏ | 26/32 [00:05<00:01,  4.48it/s]
(51/65): Calibrating:  84%|████████▍ | 27/32 [00:05<00:01,  4.48it/s]
(51/65): Calibrating:  88%|████████▊ | 28/32 [00:06<00:00,  4.48it/s]
(51/65): Calibrating:  91%|█████████ | 29/32 [00:06<00:00,  4.47it/s]
(51/65): Calibrating:  94%|█████████▍| 30/32 [00:06<00:00,  4.48it/s]
(51/65): Calibrating:  97%|█████████▋| 31/32 [00:06<00:00,  4.48it/s]
(51/65): Calibrating: 100%|██████████| 32/32 [00:06<00:00,  4.49it/s]
(51/65): Calibrating: 100%|██████████| 32/32 [00:06<00:00,  4.59it/s]
2026-09-11T06:21:59.9793 | compress_module_list | INFO - Quantizing model.language_model.layers.49.mlp.gate_proj using 128 samples
2026-09-11T06:22:01.5243 | GPTQ | METRIC - time 1.54s
2026-09-11T06:22:01.5245 | GPTQ | METRIC - error 40570.21
2026-09-11T06:22:01.5248 | GPTQ | METRIC - Accelerator 0 | usage: 69.81% | total memory: 47.8 Gb
2026-09-11T06:22:01.5250 | GPTQ | METRIC - Accelerator 1 | usage: 61.54% | total memory: 47.8 Gb
2026-09-11T06:22:01.5336 | compress_module_list | INFO - Quantizing model.language_model.layers.49.mlp.up_proj using 128 samples
2026-09-11T06:22:03.0316 | GPTQ | METRIC - time 1.50s
2026-09-11T06:22:03.0318 | GPTQ | METRIC - error 44851.57
2026-09-11T06:22:03.0321 | GPTQ | METRIC - Accelerator 0 | usage: 69.81% | total memory: 47.8 Gb
2026-09-11T06:22:03.0323 | GPTQ | METRIC - Accelerator 1 | usage: 61.54% | total memory: 47.8 Gb
2026-09-11T06:22:03.0409 | compress_module_list | INFO - Quantizing model.language_model.layers.49.mlp.down_proj using 128 samples
2026-09-11T06:22:08.6953 | GPTQ | METRIC - time 5.65s
2026-09-11T06:22:08.6955 | GPTQ | METRIC - error 4900.64
2026-09-11T06:22:08.6958 | GPTQ | METRIC - Accelerator 0 | usage: 69.81% | total memory: 47.8 Gb
2026-09-11T06:22:08.6960 | GPTQ | METRIC - Accelerator 1 | usage: 61.54% | total memory: 47.8 Gb

(51/65): Propagating:   0%|          | 0/32 [00:00<?, ?it/s]
(51/65): Propagating:   3%|▎         | 1/32 [00:00<00:05,  5.56it/s]
(51/65): Propagating:   6%|▋         | 2/32 [00:00<00:05,  5.98it/s]
(51/65): Propagating:   9%|▉         | 3/32 [00:00<00:04,  6.07it/s]
(51/65): Propagating:  12%|█▎        | 4/32 [00:00<00:04,  6.16it/s]
(51/65): Propagating:  16%|█▌        | 5/32 [00:00<00:04,  6.20it/s]
(51/65): Propagating:  19%|█▉        | 6/32 [00:00<00:04,  6.24it/s]
(51/65): Propagating:  22%|██▏       | 7/32 [00:01<00:03,  6.25it/s]
(51/65): Propagating:  25%|██▌       | 8/32 [00:01<00:03,  6.27it/s]
(51/65): Propagating:  28%|██▊       | 9/32 [00:01<00:03,  6.29it/s]
(51/65): Propagating:  31%|███▏      | 10/32 [00:01<00:03,  6.30it/s]
(51/65): Propagating:  34%|███▍      | 11/32 [00:01<00:03,  6.31it/s]
(51/65): Propagating:  38%|███▊      | 12/32 [00:01<00:03,  6.32it/s]
(51/65): Propagating:  41%|████      | 13/32 [00:02<00:03,  6.31it/s]
(51/65): Propagating:  44%|████▍     | 14/32 [00:02<00:02,  6.31it/s]
(51/65): Propagating:  47%|████▋     | 15/32 [00:02<00:02,  6.31it/s]
(51/65): Propagating:  50%|█████     | 16/32 [00:02<00:02,  6.31it/s]
(51/65): Propagating:  53%|█████▎    | 17/32 [00:02<00:02,  6.29it/s]
(51/65): Propagating:  56%|█████▋    | 18/32 [00:02<00:02,  6.30it/s]
(51/65): Propagating:  59%|█████▉    | 19/32 [00:03<00:02,  6.31it/s]
(51/65): Propagating:  62%|██████▎   | 20/32 [00:03<00:01,  6.31it/s]
(51/65): Propagating:  66%|██████▌   | 21/32 [00:03<00:01,  6.32it/s]
(51/65): Propagating:  69%|██████▉   | 22/32 [00:03<00:01,  6.33it/s]
(51/65): Propagating:  72%|███████▏  | 23/32 [00:03<00:01,  6.34it/s]
(51/65): Propagating:  75%|███████▌  | 24/32 [00:03<00:01,  6.34it/s]
(51/65): Propagating:  78%|███████▊  | 25/32 [00:03<00:01,  6.33it/s]
(51/65): Propagating:  81%|████████▏ | 26/32 [00:04<00:00,  6.34it/s]
(51/65): Propagating:  84%|████████▍ | 27/32 [00:04<00:00,  6.34it/s]
(51/65): Propagating:  88%|████████▊ | 28/32 [00:04<00:00,  6.33it/s]
(51/65): Propagating:  91%|█████████ | 29/32 [00:04<00:00,  6.33it/s]
(51/65): Propagating:  94%|█████████▍| 30/32 [00:04<00:00,  6.32it/s]
(51/65): Propagating:  97%|█████████▋| 31/32 [00:04<00:00,  6.29it/s]
(51/65): Propagating: 100%|██████████| 32/32 [00:05<00:00,  6.30it/s]
(51/65): Propagating: 100%|██████████| 32/32 [00:05<00:00,  6.28it/s]

(52/65): Calibrating:   0%|          | 0/32 [00:00<?, ?it/s]
(52/65): Calibrating:   6%|▋         | 2/32 [00:00<00:04,  7.04it/s]
(52/65): Calibrating:   9%|▉         | 3/32 [00:00<00:05,  5.71it/s]
(52/65): Calibrating:  12%|█▎        | 4/32 [00:00<00:05,  5.19it/s]
(52/65): Calibrating:  16%|█▌        | 5/32 [00:00<00:05,  4.93it/s]
(52/65): Calibrating:  19%|█▉        | 6/32 [00:01<00:05,  4.78it/s]
(52/65): Calibrating:  22%|██▏       | 7/32 [00:01<00:05,  4.68it/s]
(52/65): Calibrating:  25%|██▌       | 8/32 [00:01<00:05,  4.62it/s]
(52/65): Calibrating:  28%|██▊       | 9/32 [00:01<00:05,  4.58it/s]
(52/65): Calibrating:  31%|███▏      | 10/32 [00:02<00:04,  4.55it/s]
(52/65): Calibrating:  34%|███▍      | 11/32 [00:02<00:04,  4.54it/s]
(52/65): Calibrating:  38%|███▊      | 12/32 [00:02<00:04,  4.53it/s]
(52/65): Calibrating:  41%|████      | 13/32 [00:02<00:04,  4.52it/s]
(52/65): Calibrating:  44%|████▍     | 14/32 [00:02<00:03,  4.52it/s]
(52/65): Calibrating:  47%|████▋     | 15/32 [00:03<00:03,  4.51it/s]
(52/65): Calibrating:  50%|█████     | 16/32 [00:03<00:03,  4.51it/s]
(52/65): Calibrating:  53%|█████▎    | 17/32 [00:03<00:03,  4.50it/s]
(52/65): Calibrating:  56%|█████▋    | 18/32 [00:03<00:03,  4.50it/s]
(52/65): Calibrating:  59%|█████▉    | 19/32 [00:04<00:02,  4.51it/s]
(52/65): Calibrating:  62%|██████▎   | 20/32 [00:04<00:02,  4.51it/s]
(52/65): Calibrating:  66%|██████▌   | 21/32 [00:04<00:02,  4.51it/s]
(52/65): Calibrating:  69%|██████▉   | 22/32 [00:04<00:02,  4.50it/s]
(52/65): Calibrating:  72%|███████▏  | 23/32 [00:04<00:01,  4.50it/s]
(52/65): Calibrating:  75%|███████▌  | 24/32 [00:05<00:01,  4.49it/s]
(52/65): Calibrating:  78%|███████▊  | 25/32 [00:05<00:01,  4.49it/s]
(52/65): Calibrating:  81%|████████▏ | 26/32 [00:05<00:01,  4.49it/s]
(52/65): Calibrating:  84%|████████▍ | 27/32 [00:05<00:01,  4.50it/s]
(52/65): Calibrating:  88%|████████▊ | 28/32 [00:06<00:00,  4.50it/s]
(52/65): Calibrating:  91%|█████████ | 29/32 [00:06<00:00,  4.50it/s]
(52/65): Calibrating:  94%|█████████▍| 30/32 [00:06<00:00,  4.50it/s]
(52/65): Calibrating:  97%|█████████▋| 31/32 [00:06<00:00,  4.50it/s]
(52/65): Calibrating: 100%|██████████| 32/32 [00:06<00:00,  4.50it/s]
(52/65): Calibrating: 100%|██████████| 32/32 [00:06<00:00,  4.60it/s]
2026-09-11T06:22:20.9380 | compress_module_list | INFO - Quantizing model.language_model.layers.50.mlp.gate_proj using 128 samples
2026-09-11T06:22:22.4360 | GPTQ | METRIC - time 1.50s
2026-09-11T06:22:22.4361 | GPTQ | METRIC - error 47912.38
2026-09-11T06:22:22.4365 | GPTQ | METRIC - Accelerator 0 | usage: 69.81% | total memory: 47.8 Gb
2026-09-11T06:22:22.4366 | GPTQ | METRIC - Accelerator 1 | usage: 61.54% | total memory: 47.8 Gb
2026-09-11T06:22:22.4452 | compress_module_list | INFO - Quantizing model.language_model.layers.50.mlp.up_proj using 128 samples
2026-09-11T06:22:23.9466 | GPTQ | METRIC - time 1.50s
2026-09-11T06:22:23.9468 | GPTQ | METRIC - error 50296.55
2026-09-11T06:22:23.9471 | GPTQ | METRIC - Accelerator 0 | usage: 69.81% | total memory: 47.8 Gb
2026-09-11T06:22:23.9473 | GPTQ | METRIC - Accelerator 1 | usage: 61.54% | total memory: 47.8 Gb
2026-09-11T06:22:23.9559 | compress_module_list | INFO - Quantizing model.language_model.layers.50.mlp.down_proj using 128 samples
2026-09-11T06:22:29.5427 | GPTQ | METRIC - time 5.59s
2026-09-11T06:22:29.5429 | GPTQ | METRIC - error 8443.27
2026-09-11T06:22:29.5432 | GPTQ | METRIC - Accelerator 0 | usage: 69.81% | total memory: 47.8 Gb
2026-09-11T06:22:29.5434 | GPTQ | METRIC - Accelerator 1 | usage: 61.54% | total memory: 47.8 Gb

(52/65): Propagating:   0%|          | 0/32 [00:00<?, ?it/s]
(52/65): Propagating:   3%|▎         | 1/32 [00:00<00:05,  5.98it/s]
(52/65): Propagating:   6%|▋         | 2/32 [00:00<00:04,  6.15it/s]
(52/65): Propagating:   9%|▉         | 3/32 [00:00<00:04,  6.21it/s]
(52/65): Propagating:  12%|█▎        | 4/32 [00:00<00:04,  6.24it/s]
(52/65): Propagating:  16%|█▌        | 5/32 [00:00<00:04,  6.27it/s]
(52/65): Propagating:  19%|█▉        | 6/32 [00:00<00:04,  6.29it/s]
(52/65): Propagating:  22%|██▏       | 7/32 [00:01<00:03,  6.30it/s]
(52/65): Propagating:  25%|██▌       | 8/32 [00:01<00:03,  6.30it/s]
(52/65): Propagating:  28%|██▊       | 9/32 [00:01<00:03,  6.29it/s]
(52/65): Propagating:  31%|███▏      | 10/32 [00:01<00:03,  6.31it/s]
(52/65): Propagating:  34%|███▍      | 11/32 [00:01<00:03,  6.32it/s]
(52/65): Propagating:  38%|███▊      | 12/32 [00:01<00:03,  6.32it/s]
(52/65): Propagating:  41%|████      | 13/32 [00:02<00:03,  6.33it/s]
(52/65): Propagating:  44%|████▍     | 14/32 [00:02<00:02,  6.32it/s]
(52/65): Propagating:  47%|████▋     | 15/32 [00:02<00:02,  6.32it/s]
(52/65): Propagating:  50%|█████     | 16/32 [00:02<00:02,  6.33it/s]
(52/65): Propagating:  53%|█████▎    | 17/32 [00:02<00:02,  6.31it/s]
(52/65): Propagating:  56%|█████▋    | 18/32 [00:02<00:02,  6.31it/s]
(52/65): Propagating:  59%|█████▉    | 19/32 [00:03<00:02,  6.31it/s]
(52/65): Propagating:  62%|██████▎   | 20/32 [00:03<00:01,  6.30it/s]
(52/65): Propagating:  66%|██████▌   | 21/32 [00:03<00:01,  6.30it/s]
(52/65): Propagating:  69%|██████▉   | 22/32 [00:03<00:01,  6.31it/s]
(52/65): Propagating:  72%|███████▏  | 23/32 [00:03<00:01,  6.32it/s]
(52/65): Propagating:  75%|███████▌  | 24/32 [00:03<00:01,  6.33it/s]
(52/65): Propagating:  78%|███████▊  | 25/32 [00:03<00:01,  6.33it/s]
(52/65): Propagating:  81%|████████▏ | 26/32 [00:04<00:00,  6.33it/s]
(52/65): Propagating:  84%|████████▍ | 27/32 [00:04<00:00,  6.33it/s]
(52/65): Propagating:  88%|████████▊ | 28/32 [00:04<00:00,  6.33it/s]
(52/65): Propagating:  91%|█████████ | 29/32 [00:04<00:00,  6.34it/s]
(52/65): Propagating:  94%|█████████▍| 30/32 [00:04<00:00,  6.31it/s]
(52/65): Propagating:  97%|█████████▋| 31/32 [00:04<00:00,  6.31it/s]
(52/65): Propagating: 100%|██████████| 32/32 [00:05<00:00,  6.29it/s]
(52/65): Propagating: 100%|██████████| 32/32 [00:05<00:00,  6.30it/s]

(53/65): Calibrating:   0%|          | 0/32 [00:00<?, ?it/s]
(53/65): Calibrating:   6%|▋         | 2/32 [00:00<00:04,  6.88it/s]
(53/65): Calibrating:   9%|▉         | 3/32 [00:00<00:05,  5.48it/s]
(53/65): Calibrating:  12%|█▎        | 4/32 [00:00<00:05,  4.95it/s]
(53/65): Calibrating:  16%|█▌        | 5/32 [00:00<00:05,  4.69it/s]
(53/65): Calibrating:  19%|█▉        | 6/32 [00:01<00:05,  4.54it/s]
(53/65): Calibrating:  22%|██▏       | 7/32 [00:01<00:05,  4.45it/s]
(53/65): Calibrating:  25%|██▌       | 8/32 [00:01<00:05,  4.39it/s]
(53/65): Calibrating:  28%|██▊       | 9/32 [00:01<00:05,  4.35it/s]
(53/65): Calibrating:  31%|███▏      | 10/32 [00:02<00:05,  4.33it/s]
(53/65): Calibrating:  34%|███▍      | 11/32 [00:02<00:04,  4.30it/s]
(53/65): Calibrating:  38%|███▊      | 12/32 [00:02<00:04,  4.30it/s]
(53/65): Calibrating:  41%|████      | 13/32 [00:02<00:04,  4.29it/s]
(53/65): Calibrating:  44%|████▍     | 14/32 [00:03<00:04,  4.28it/s]
(53/65): Calibrating:  47%|████▋     | 15/32 [00:03<00:03,  4.27it/s]
(53/65): Calibrating:  50%|█████     | 16/32 [00:03<00:03,  4.27it/s]
(53/65): Calibrating:  53%|█████▎    | 17/32 [00:03<00:03,  4.27it/s]
(53/65): Calibrating:  56%|█████▋    | 18/32 [00:04<00:03,  4.27it/s]
(53/65): Calibrating:  59%|█████▉    | 19/32 [00:04<00:03,  4.26it/s]
(53/65): Calibrating:  62%|██████▎   | 20/32 [00:04<00:02,  4.27it/s]
(53/65): Calibrating:  66%|██████▌   | 21/32 [00:04<00:02,  4.27it/s]
(53/65): Calibrating:  69%|██████▉   | 22/32 [00:04<00:02,  4.26it/s]
(53/65): Calibrating:  72%|███████▏  | 23/32 [00:05<00:02,  4.26it/s]
(53/65): Calibrating:  75%|███████▌  | 24/32 [00:05<00:01,  4.26it/s]
(53/65): Calibrating:  78%|███████▊  | 25/32 [00:05<00:01,  4.26it/s]
(53/65): Calibrating:  81%|████████▏ | 26/32 [00:05<00:01,  4.25it/s]
(53/65): Calibrating:  84%|████████▍ | 27/32 [00:06<00:01,  4.24it/s]
(53/65): Calibrating:  88%|████████▊ | 28/32 [00:06<00:00,  4.25it/s]
(53/65): Calibrating:  91%|█████████ | 29/32 [00:06<00:00,  4.26it/s]
(53/65): Calibrating:  94%|█████████▍| 30/32 [00:06<00:00,  4.26it/s]
(53/65): Calibrating:  97%|█████████▋| 31/32 [00:07<00:00,  4.26it/s]
(53/65): Calibrating: 100%|██████████| 32/32 [00:07<00:00,  4.26it/s]
(53/65): Calibrating: 100%|██████████| 32/32 [00:07<00:00,  4.37it/s]
2026-09-11T06:22:42.1786 | compress_module_list | INFO - Quantizing model.language_model.layers.51.self_attn.q_proj using 128 samples
2026-09-11T06:22:43.6640 | GPTQ | METRIC - time 1.49s
2026-09-11T06:22:43.6641 | GPTQ | METRIC - error 60538.02
2026-09-11T06:22:43.6644 | GPTQ | METRIC - Accelerator 0 | usage: 69.81% | total memory: 47.8 Gb
2026-09-11T06:22:43.6647 | GPTQ | METRIC - Accelerator 1 | usage: 61.54% | total memory: 47.8 Gb
2026-09-11T06:22:43.6707 | compress_module_list | INFO - Quantizing model.language_model.layers.51.self_attn.k_proj using 128 samples
2026-09-11T06:22:45.1012 | GPTQ | METRIC - time 1.43s
2026-09-11T06:22:45.1014 | GPTQ | METRIC - error 6780.57
2026-09-11T06:22:45.1017 | GPTQ | METRIC - Accelerator 0 | usage: 69.81% | total memory: 47.8 Gb
2026-09-11T06:22:45.1019 | GPTQ | METRIC - Accelerator 1 | usage: 61.54% | total memory: 47.8 Gb
2026-09-11T06:22:45.1026 | compress_module_list | INFO - Quantizing model.language_model.layers.51.self_attn.v_proj using 128 samples
2026-09-11T06:22:46.5364 | GPTQ | METRIC - time 1.43s
2026-09-11T06:22:46.5366 | GPTQ | METRIC - error 16211.09
2026-09-11T06:22:46.5369 | GPTQ | METRIC - Accelerator 0 | usage: 69.81% | total memory: 47.8 Gb
2026-09-11T06:22:46.5371 | GPTQ | METRIC - Accelerator 1 | usage: 61.54% | total memory: 47.8 Gb
2026-09-11T06:22:46.5377 | compress_module_list | INFO - Quantizing model.language_model.layers.51.self_attn.o_proj using 128 samples
2026-09-11T06:22:48.2938 | GPTQ | METRIC - time 1.76s
2026-09-11T06:22:48.2940 | GPTQ | METRIC - error 5243.22
2026-09-11T06:22:48.2943 | GPTQ | METRIC - Accelerator 0 | usage: 69.81% | total memory: 47.8 Gb
2026-09-11T06:22:48.2945 | GPTQ | METRIC - Accelerator 1 | usage: 61.54% | total memory: 47.8 Gb
2026-09-11T06:22:48.2976 | compress_module_list | INFO - Quantizing model.language_model.layers.51.mlp.gate_proj using 128 samples
2026-09-11T06:22:49.7845 | GPTQ | METRIC - time 1.49s
2026-09-11T06:22:49.7847 | GPTQ | METRIC - error 54643.78
2026-09-11T06:22:49.7857 | GPTQ | METRIC - Accelerator 0 | usage: 69.81% | total memory: 47.8 Gb
2026-09-11T06:22:49.7859 | GPTQ | METRIC - Accelerator 1 | usage: 61.54% | total memory: 47.8 Gb
2026-09-11T06:22:49.7945 | compress_module_list | INFO - Quantizing model.language_model.layers.51.mlp.up_proj using 128 samples
2026-09-11T06:22:51.2763 | GPTQ | METRIC - time 1.48s
2026-09-11T06:22:51.2765 | GPTQ | METRIC - error 59628.85
2026-09-11T06:22:51.2768 | GPTQ | METRIC - Accelerator 0 | usage: 69.81% | total memory: 47.8 Gb
2026-09-11T06:22:51.2770 | GPTQ | METRIC - Accelerator 1 | usage: 61.54% | total memory: 47.8 Gb
2026-09-11T06:22:51.2855 | compress_module_list | INFO - Quantizing model.language_model.layers.51.mlp.down_proj using 128 samples
2026-09-11T06:22:56.8116 | GPTQ | METRIC - time 5.53s
2026-09-11T06:22:56.8118 | GPTQ | METRIC - error 10839.29
2026-09-11T06:22:56.8121 | GPTQ | METRIC - Accelerator 0 | usage: 69.81% | total memory: 47.8 Gb
2026-09-11T06:22:56.8123 | GPTQ | METRIC - Accelerator 1 | usage: 61.54% | total memory: 47.8 Gb

(53/65): Propagating:   0%|          | 0/32 [00:00<?, ?it/s]
(53/65): Propagating:   3%|▎         | 1/32 [00:00<00:04,  7.08it/s]
(53/65): Propagating:   6%|▋         | 2/32 [00:00<00:04,  6.98it/s]
(53/65): Propagating:   9%|▉         | 3/32 [00:00<00:04,  7.21it/s]
(53/65): Propagating:  12%|█▎        | 4/32 [00:00<00:03,  7.36it/s]
(53/65): Propagating:  16%|█▌        | 5/32 [00:00<00:03,  7.43it/s]
(53/65): Propagating:  19%|█▉        | 6/32 [00:00<00:03,  7.50it/s]
(53/65): Propagating:  22%|██▏       | 7/32 [00:00<00:03,  7.54it/s]
(53/65): Propagating:  25%|██▌       | 8/32 [00:01<00:03,  7.57it/s]
(53/65): Propagating:  28%|██▊       | 9/32 [00:01<00:03,  7.58it/s]
(53/65): Propagating:  31%|███▏      | 10/32 [00:01<00:02,  7.58it/s]
(53/65): Propagating:  34%|███▍      | 11/32 [00:01<00:02,  7.60it/s]
(53/65): Propagating:  38%|███▊      | 12/32 [00:01<00:02,  7.61it/s]
(53/65): Propagating:  41%|████      | 13/32 [00:01<00:02,  7.62it/s]
(53/65): Propagating:  44%|████▍     | 14/32 [00:01<00:02,  7.63it/s]
(53/65): Propagating:  47%|████▋     | 15/32 [00:01<00:02,  7.62it/s]
(53/65): Propagating:  50%|█████     | 16/32 [00:02<00:02,  7.62it/s]
(53/65): Propagating:  53%|█████▎    | 17/32 [00:02<00:01,  7.62it/s]
(53/65): Propagating:  56%|█████▋    | 18/32 [00:02<00:01,  7.61it/s]
(53/65): Propagating:  59%|█████▉    | 19/32 [00:02<00:01,  7.61it/s]
(53/65): Propagating:  62%|██████▎   | 20/32 [00:02<00:01,  7.55it/s]
(53/65): Propagating:  66%|██████▌   | 21/32 [00:02<00:01,  7.57it/s]
(53/65): Propagating:  69%|██████▉   | 22/32 [00:02<00:01,  7.59it/s]
(53/65): Propagating:  72%|███████▏  | 23/32 [00:03<00:01,  7.61it/s]
(53/65): Propagating:  75%|███████▌  | 24/32 [00:03<00:01,  7.62it/s]
(53/65): Propagating:  78%|███████▊  | 25/32 [00:03<00:00,  7.64it/s]
(53/65): Propagating:  81%|████████▏ | 26/32 [00:03<00:00,  7.62it/s]
(53/65): Propagating:  84%|████████▍ | 27/32 [00:03<00:00,  7.63it/s]
(53/65): Propagating:  88%|████████▊ | 28/32 [00:03<00:00,  7.63it/s]
(53/65): Propagating:  91%|█████████ | 29/32 [00:03<00:00,  7.64it/s]
(53/65): Propagating:  94%|█████████▍| 30/32 [00:03<00:00,  7.65it/s]
(53/65): Propagating:  97%|█████████▋| 31/32 [00:04<00:00,  7.65it/s]
(53/65): Propagating: 100%|██████████| 32/32 [00:04<00:00,  7.66it/s]
(53/65): Propagating: 100%|██████████| 32/32 [00:04<00:00,  7.57it/s]

(54/65): Calibrating:   0%|          | 0/32 [00:00<?, ?it/s]
(54/65): Calibrating:   6%|▋         | 2/32 [00:00<00:04,  7.04it/s]
(54/65): Calibrating:   9%|▉         | 3/32 [00:00<00:05,  5.71it/s]
(54/65): Calibrating:  12%|█▎        | 4/32 [00:00<00:05,  5.20it/s]
(54/65): Calibrating:  16%|█▌        | 5/32 [00:00<00:05,  4.93it/s]
(54/65): Calibrating:  19%|█▉        | 6/32 [00:01<00:05,  4.78it/s]
(54/65): Calibrating:  22%|██▏       | 7/32 [00:01<00:05,  4.68it/s]
(54/65): Calibrating:  25%|██▌       | 8/32 [00:01<00:05,  4.63it/s]
(54/65): Calibrating:  28%|██▊       | 9/32 [00:01<00:05,  4.59it/s]
(54/65): Calibrating:  31%|███▏      | 10/32 [00:02<00:04,  4.57it/s]
(54/65): Calibrating:  34%|███▍      | 11/32 [00:02<00:04,  4.55it/s]
(54/65): Calibrating:  38%|███▊      | 12/32 [00:02<00:04,  4.54it/s]
(54/65): Calibrating:  41%|████      | 13/32 [00:02<00:04,  4.53it/s]
(54/65): Calibrating:  44%|████▍     | 14/32 [00:02<00:03,  4.53it/s]
(54/65): Calibrating:  47%|████▋     | 15/32 [00:03<00:03,  4.52it/s]
(54/65): Calibrating:  50%|█████     | 16/32 [00:03<00:03,  4.51it/s]
(54/65): Calibrating:  53%|█████▎    | 17/32 [00:03<00:03,  4.51it/s]
(54/65): Calibrating:  56%|█████▋    | 18/32 [00:03<00:03,  4.50it/s]
(54/65): Calibrating:  59%|█████▉    | 19/32 [00:04<00:02,  4.50it/s]
(54/65): Calibrating:  62%|██████▎   | 20/32 [00:04<00:02,  4.51it/s]
(54/65): Calibrating:  66%|██████▌   | 21/32 [00:04<00:02,  4.50it/s]
(54/65): Calibrating:  69%|██████▉   | 22/32 [00:04<00:02,  4.51it/s]
(54/65): Calibrating:  72%|███████▏  | 23/32 [00:04<00:01,  4.51it/s]
(54/65): Calibrating:  75%|███████▌  | 24/32 [00:05<00:01,  4.50it/s]
(54/65): Calibrating:  78%|███████▊  | 25/32 [00:05<00:01,  4.50it/s]
(54/65): Calibrating:  81%|████████▏ | 26/32 [00:05<00:01,  4.50it/s]
(54/65): Calibrating:  84%|████████▍ | 27/32 [00:05<00:01,  4.51it/s]
(54/65): Calibrating:  88%|████████▊ | 28/32 [00:06<00:00,  4.50it/s]
(54/65): Calibrating:  91%|█████████ | 29/32 [00:06<00:00,  4.50it/s]
(54/65): Calibrating:  94%|█████████▍| 30/32 [00:06<00:00,  4.51it/s]
(54/65): Calibrating:  97%|█████████▋| 31/32 [00:06<00:00,  4.51it/s]
(54/65): Calibrating: 100%|██████████| 32/32 [00:06<00:00,  4.51it/s]
(54/65): Calibrating: 100%|██████████| 32/32 [00:06<00:00,  4.61it/s]
2026-09-11T06:23:08.1774 | compress_module_list | INFO - Quantizing model.language_model.layers.52.mlp.gate_proj using 128 samples
2026-09-11T06:23:09.7163 | GPTQ | METRIC - time 1.54s
2026-09-11T06:23:09.7165 | GPTQ | METRIC - error 68210.88
2026-09-11T06:23:09.7168 | GPTQ | METRIC - Accelerator 0 | usage: 69.81% | total memory: 47.8 Gb
2026-09-11T06:23:09.7170 | GPTQ | METRIC - Accelerator 1 | usage: 61.54% | total memory: 47.8 Gb
2026-09-11T06:23:09.7256 | compress_module_list | INFO - Quantizing model.language_model.layers.52.mlp.up_proj using 128 samples
2026-09-11T06:23:11.2247 | GPTQ | METRIC - time 1.50s
2026-09-11T06:23:11.2249 | GPTQ | METRIC - error 65316.73
2026-09-11T06:23:11.2252 | GPTQ | METRIC - Accelerator 0 | usage: 69.81% | total memory: 47.8 Gb
2026-09-11T06:23:11.2254 | GPTQ | METRIC - Accelerator 1 | usage: 61.54% | total memory: 47.8 Gb
2026-09-11T06:23:11.2340 | compress_module_list | INFO - Quantizing model.language_model.layers.52.mlp.down_proj using 128 samples
2026-09-11T06:23:16.8631 | GPTQ | METRIC - time 5.63s
2026-09-11T06:23:16.8632 | GPTQ | METRIC - error 10699.06
2026-09-11T06:23:16.8636 | GPTQ | METRIC - Accelerator 0 | usage: 69.81% | total memory: 47.8 Gb
2026-09-11T06:23:16.8637 | GPTQ | METRIC - Accelerator 1 | usage: 61.54% | total memory: 47.8 Gb

(54/65): Propagating:   0%|          | 0/32 [00:00<?, ?it/s]
(54/65): Propagating:   3%|▎         | 1/32 [00:00<00:05,  5.57it/s]
(54/65): Propagating:   6%|▋         | 2/32 [00:00<00:05,  5.99it/s]
(54/65): Propagating:   9%|▉         | 3/32 [00:00<00:04,  6.07it/s]
(54/65): Propagating:  12%|█▎        | 4/32 [00:00<00:04,  6.16it/s]
(54/65): Propagating:  16%|█▌        | 5/32 [00:00<00:04,  6.22it/s]
(54/65): Propagating:  19%|█▉        | 6/32 [00:00<00:04,  6.25it/s]
(54/65): Propagating:  22%|██▏       | 7/32 [00:01<00:03,  6.28it/s]
(54/65): Propagating:  25%|██▌       | 8/32 [00:01<00:03,  6.28it/s]
(54/65): Propagating:  28%|██▊       | 9/32 [00:01<00:03,  6.29it/s]
(54/65): Propagating:  31%|███▏      | 10/32 [00:01<00:03,  6.29it/s]
(54/65): Propagating:  34%|███▍      | 11/32 [00:01<00:03,  6.28it/s]
(54/65): Propagating:  38%|███▊      | 12/32 [00:01<00:03,  6.30it/s]
(54/65): Propagating:  41%|████      | 13/32 [00:02<00:03,  6.30it/s]
(54/65): Propagating:  44%|████▍     | 14/32 [00:02<00:02,  6.31it/s]
(54/65): Propagating:  47%|████▋     | 15/32 [00:02<00:02,  6.32it/s]
(54/65): Propagating:  50%|█████     | 16/32 [00:02<00:02,  6.31it/s]
(54/65): Propagating:  53%|█████▎    | 17/32 [00:02<00:02,  6.31it/s]
(54/65): Propagating:  56%|█████▋    | 18/32 [00:02<00:02,  6.31it/s]
(54/65): Propagating:  59%|█████▉    | 19/32 [00:03<00:02,  6.30it/s]
(54/65): Propagating:  62%|██████▎   | 20/32 [00:03<00:01,  6.32it/s]
(54/65): Propagating:  66%|██████▌   | 21/32 [00:03<00:01,  6.31it/s]
(54/65): Propagating:  69%|██████▉   | 22/32 [00:03<00:01,  6.31it/s]
(54/65): Propagating:  72%|███████▏  | 23/32 [00:03<00:01,  6.31it/s]
(54/65): Propagating:  75%|███████▌  | 24/32 [00:03<00:01,  6.32it/s]
(54/65): Propagating:  78%|███████▊  | 25/32 [00:03<00:01,  6.32it/s]
(54/65): Propagating:  81%|████████▏ | 26/32 [00:04<00:00,  6.33it/s]
(54/65): Propagating:  84%|████████▍ | 27/32 [00:04<00:00,  6.33it/s]
(54/65): Propagating:  88%|████████▊ | 28/32 [00:04<00:00,  6.33it/s]
(54/65): Propagating:  91%|█████████ | 29/32 [00:04<00:00,  6.33it/s]
(54/65): Propagating:  94%|█████████▍| 30/32 [00:04<00:00,  6.34it/s]
(54/65): Propagating:  97%|█████████▋| 31/32 [00:04<00:00,  6.35it/s]
(54/65): Propagating: 100%|██████████| 32/32 [00:05<00:00,  6.35it/s]
(54/65): Propagating: 100%|██████████| 32/32 [00:05<00:00,  6.29it/s]

(55/65): Calibrating:   0%|          | 0/32 [00:00<?, ?it/s]
(55/65): Calibrating:   6%|▋         | 2/32 [00:00<00:04,  7.04it/s]
(55/65): Calibrating:   9%|▉         | 3/32 [00:00<00:05,  5.70it/s]
(55/65): Calibrating:  12%|█▎        | 4/32 [00:00<00:05,  5.19it/s]
(55/65): Calibrating:  16%|█▌        | 5/32 [00:00<00:05,  4.93it/s]
(55/65): Calibrating:  19%|█▉        | 6/32 [00:01<00:05,  4.78it/s]
(55/65): Calibrating:  22%|██▏       | 7/32 [00:01<00:05,  4.68it/s]
(55/65): Calibrating:  25%|██▌       | 8/32 [00:01<00:05,  4.63it/s]
(55/65): Calibrating:  28%|██▊       | 9/32 [00:01<00:05,  4.59it/s]
(55/65): Calibrating:  31%|███▏      | 10/32 [00:02<00:04,  4.56it/s]
(55/65): Calibrating:  34%|███▍      | 11/32 [00:02<00:04,  4.54it/s]
(55/65): Calibrating:  38%|███▊      | 12/32 [00:02<00:04,  4.53it/s]
(55/65): Calibrating:  41%|████      | 13/32 [00:02<00:04,  4.52it/s]
(55/65): Calibrating:  44%|████▍     | 14/32 [00:02<00:03,  4.51it/s]
(55/65): Calibrating:  47%|████▋     | 15/32 [00:03<00:03,  4.50it/s]
(55/65): Calibrating:  50%|█████     | 16/32 [00:03<00:03,  4.50it/s]
(55/65): Calibrating:  53%|█████▎    | 17/32 [00:03<00:03,  4.50it/s]
(55/65): Calibrating:  56%|█████▋    | 18/32 [00:03<00:03,  4.50it/s]
(55/65): Calibrating:  59%|█████▉    | 19/32 [00:04<00:02,  4.50it/s]
(55/65): Calibrating:  62%|██████▎   | 20/32 [00:04<00:02,  4.50it/s]
(55/65): Calibrating:  66%|██████▌   | 21/32 [00:04<00:02,  4.50it/s]
(55/65): Calibrating:  69%|██████▉   | 22/32 [00:04<00:02,  4.49it/s]
(55/65): Calibrating:  72%|███████▏  | 23/32 [00:04<00:02,  4.49it/s]
(55/65): Calibrating:  75%|███████▌  | 24/32 [00:05<00:01,  4.49it/s]
(55/65): Calibrating:  78%|███████▊  | 25/32 [00:05<00:01,  4.50it/s]
(55/65): Calibrating:  81%|████████▏ | 26/32 [00:05<00:01,  4.50it/s]
(55/65): Calibrating:  84%|████████▍ | 27/32 [00:05<00:01,  4.49it/s]
(55/65): Calibrating:  88%|████████▊ | 28/32 [00:06<00:00,  4.49it/s]
(55/65): Calibrating:  91%|█████████ | 29/32 [00:06<00:00,  4.48it/s]
(55/65): Calibrating:  94%|█████████▍| 30/32 [00:06<00:00,  4.48it/s]
(55/65): Calibrating:  97%|█████████▋| 31/32 [00:06<00:00,  4.49it/s]
(55/65): Calibrating: 100%|██████████| 32/32 [00:06<00:00,  4.49it/s]
(55/65): Calibrating: 100%|██████████| 32/32 [00:06<00:00,  4.60it/s]
2026-09-11T06:23:29.1071 | compress_module_list | INFO - Quantizing model.language_model.layers.53.mlp.gate_proj using 128 samples
2026-09-11T06:23:30.6123 | GPTQ | METRIC - time 1.51s
2026-09-11T06:23:30.6125 | GPTQ | METRIC - error 77388.42
2026-09-11T06:23:30.6128 | GPTQ | METRIC - Accelerator 0 | usage: 69.81% | total memory: 47.8 Gb
2026-09-11T06:23:30.6130 | GPTQ | METRIC - Accelerator 1 | usage: 61.54% | total memory: 47.8 Gb
2026-09-11T06:23:30.6216 | compress_module_list | INFO - Quantizing model.language_model.layers.53.mlp.up_proj using 128 samples
2026-09-11T06:23:32.1428 | GPTQ | METRIC - time 1.52s
2026-09-11T06:23:32.1430 | GPTQ | METRIC - error 70772.91
2026-09-11T06:23:32.1433 | GPTQ | METRIC - Accelerator 0 | usage: 69.81% | total memory: 47.8 Gb
2026-09-11T06:23:32.1435 | GPTQ | METRIC - Accelerator 1 | usage: 61.54% | total memory: 47.8 Gb
2026-09-11T06:23:32.1521 | compress_module_list | INFO - Quantizing model.language_model.layers.53.mlp.down_proj using 128 samples
2026-09-11T06:23:37.7622 | GPTQ | METRIC - time 5.61s
2026-09-11T06:23:37.7623 | GPTQ | METRIC - error 11714.50
2026-09-11T06:23:37.7627 | GPTQ | METRIC - Accelerator 0 | usage: 69.81% | total memory: 47.8 Gb
2026-09-11T06:23:37.7628 | GPTQ | METRIC - Accelerator 1 | usage: 61.54% | total memory: 47.8 Gb

(55/65): Propagating:   0%|          | 0/32 [00:00<?, ?it/s]
(55/65): Propagating:   3%|▎         | 1/32 [00:00<00:05,  5.98it/s]
(55/65): Propagating:   6%|▋         | 2/32 [00:00<00:04,  6.16it/s]
(55/65): Propagating:   9%|▉         | 3/32 [00:00<00:04,  6.22it/s]
(55/65): Propagating:  12%|█▎        | 4/32 [00:00<00:04,  6.25it/s]
(55/65): Propagating:  16%|█▌        | 5/32 [00:00<00:04,  6.27it/s]
(55/65): Propagating:  19%|█▉        | 6/32 [00:00<00:04,  6.29it/s]
(55/65): Propagating:  22%|██▏       | 7/32 [00:01<00:03,  6.30it/s]
(55/65): Propagating:  25%|██▌       | 8/32 [00:01<00:03,  6.30it/s]
(55/65): Propagating:  28%|██▊       | 9/32 [00:01<00:03,  6.31it/s]
(55/65): Propagating:  31%|███▏      | 10/32 [00:01<00:03,  6.32it/s]
(55/65): Propagating:  34%|███▍      | 11/32 [00:01<00:03,  6.31it/s]
(55/65): Propagating:  38%|███▊      | 12/32 [00:01<00:03,  6.31it/s]
(55/65): Propagating:  41%|████      | 13/32 [00:02<00:03,  6.32it/s]
(55/65): Propagating:  44%|████▍     | 14/32 [00:02<00:02,  6.32it/s]
(55/65): Propagating:  47%|████▋     | 15/32 [00:02<00:02,  6.33it/s]
(55/65): Propagating:  50%|█████     | 16/32 [00:02<00:02,  6.33it/s]
(55/65): Propagating:  53%|█████▎    | 17/32 [00:02<00:02,  6.32it/s]
(55/65): Propagating:  56%|█████▋    | 18/32 [00:02<00:02,  6.32it/s]
(55/65): Propagating:  59%|█████▉    | 19/32 [00:03<00:02,  6.32it/s]
(55/65): Propagating:  62%|██████▎   | 20/32 [00:03<00:01,  6.32it/s]
(55/65): Propagating:  66%|██████▌   | 21/32 [00:03<00:01,  6.33it/s]
(55/65): Propagating:  69%|██████▉   | 22/32 [00:03<00:01,  6.33it/s]
(55/65): Propagating:  72%|███████▏  | 23/32 [00:03<00:01,  6.32it/s]
(55/65): Propagating:  75%|███████▌  | 24/32 [00:03<00:01,  6.32it/s]
(55/65): Propagating:  78%|███████▊  | 25/32 [00:03<00:01,  6.33it/s]
(55/65): Propagating:  81%|████████▏ | 26/32 [00:04<00:00,  6.34it/s]
(55/65): Propagating:  84%|████████▍ | 27/32 [00:04<00:00,  6.35it/s]
(55/65): Propagating:  88%|████████▊ | 28/32 [00:04<00:00,  6.35it/s]
(55/65): Propagating:  91%|█████████ | 29/32 [00:04<00:00,  6.31it/s]
(55/65): Propagating:  94%|█████████▍| 30/32 [00:04<00:00,  6.31it/s]
(55/65): Propagating:  97%|█████████▋| 31/32 [00:04<00:00,  6.30it/s]
(55/65): Propagating: 100%|██████████| 32/32 [00:05<00:00,  6.24it/s]
(55/65): Propagating: 100%|██████████| 32/32 [00:05<00:00,  6.30it/s]

(56/65): Calibrating:   0%|          | 0/32 [00:00<?, ?it/s]
(56/65): Calibrating:   6%|▋         | 2/32 [00:00<00:04,  7.04it/s]
(56/65): Calibrating:   9%|▉         | 3/32 [00:00<00:05,  5.71it/s]
(56/65): Calibrating:  12%|█▎        | 4/32 [00:00<00:05,  5.19it/s]
(56/65): Calibrating:  16%|█▌        | 5/32 [00:00<00:05,  4.93it/s]
(56/65): Calibrating:  19%|█▉        | 6/32 [00:01<00:05,  4.78it/s]
(56/65): Calibrating:  22%|██▏       | 7/32 [00:01<00:05,  4.68it/s]
(56/65): Calibrating:  25%|██▌       | 8/32 [00:01<00:05,  4.62it/s]
(56/65): Calibrating:  28%|██▊       | 9/32 [00:01<00:05,  4.58it/s]
(56/65): Calibrating:  31%|███▏      | 10/32 [00:02<00:04,  4.56it/s]
(56/65): Calibrating:  34%|███▍      | 11/32 [00:02<00:04,  4.54it/s]
(56/65): Calibrating:  38%|███▊      | 12/32 [00:02<00:04,  4.53it/s]
(56/65): Calibrating:  41%|████      | 13/32 [00:02<00:04,  4.52it/s]
(56/65): Calibrating:  44%|████▍     | 14/32 [00:02<00:03,  4.50it/s]
(56/65): Calibrating:  47%|████▋     | 15/32 [00:03<00:03,  4.50it/s]
(56/65): Calibrating:  50%|█████     | 16/32 [00:03<00:03,  4.50it/s]
(56/65): Calibrating:  53%|█████▎    | 17/32 [00:03<00:03,  4.50it/s]
(56/65): Calibrating:  56%|█████▋    | 18/32 [00:03<00:03,  4.49it/s]
(56/65): Calibrating:  59%|█████▉    | 19/32 [00:04<00:02,  4.49it/s]
(56/65): Calibrating:  62%|██████▎   | 20/32 [00:04<00:02,  4.49it/s]
(56/65): Calibrating:  66%|██████▌   | 21/32 [00:04<00:02,  4.48it/s]
(56/65): Calibrating:  69%|██████▉   | 22/32 [00:04<00:02,  4.48it/s]
(56/65): Calibrating:  72%|███████▏  | 23/32 [00:04<00:02,  4.48it/s]
(56/65): Calibrating:  75%|███████▌  | 24/32 [00:05<00:01,  4.48it/s]
(56/65): Calibrating:  78%|███████▊  | 25/32 [00:05<00:01,  4.48it/s]
(56/65): Calibrating:  81%|████████▏ | 26/32 [00:05<00:01,  4.47it/s]
(56/65): Calibrating:  84%|████████▍ | 27/32 [00:05<00:01,  4.46it/s]
(56/65): Calibrating:  88%|████████▊ | 28/32 [00:06<00:00,  4.47it/s]
(56/65): Calibrating:  91%|█████████ | 29/32 [00:06<00:00,  4.48it/s]
(56/65): Calibrating:  94%|█████████▍| 30/32 [00:06<00:00,  4.48it/s]
(56/65): Calibrating:  97%|█████████▋| 31/32 [00:06<00:00,  4.48it/s]
(56/65): Calibrating: 100%|██████████| 32/32 [00:06<00:00,  4.48it/s]
(56/65): Calibrating: 100%|██████████| 32/32 [00:06<00:00,  4.59it/s]
2026-09-11T06:23:50.0121 | compress_module_list | INFO - Quantizing model.language_model.layers.54.mlp.gate_proj using 128 samples
2026-09-11T06:23:51.5030 | GPTQ | METRIC - time 1.49s
2026-09-11T06:23:51.5032 | GPTQ | METRIC - error 98828.72
2026-09-11T06:23:51.5035 | GPTQ | METRIC - Accelerator 0 | usage: 69.81% | total memory: 47.8 Gb
2026-09-11T06:23:51.5037 | GPTQ | METRIC - Accelerator 1 | usage: 61.54% | total memory: 47.8 Gb
2026-09-11T06:23:51.5123 | compress_module_list | INFO - Quantizing model.language_model.layers.54.mlp.up_proj using 128 samples
2026-09-11T06:23:53.0125 | GPTQ | METRIC - time 1.50s
2026-09-11T06:23:53.0127 | GPTQ | METRIC - error 85531.98
2026-09-11T06:23:53.0130 | GPTQ | METRIC - Accelerator 0 | usage: 69.81% | total memory: 47.8 Gb
2026-09-11T06:23:53.0132 | GPTQ | METRIC - Accelerator 1 | usage: 61.54% | total memory: 47.8 Gb
2026-09-11T06:23:53.0218 | compress_module_list | INFO - Quantizing model.language_model.layers.54.mlp.down_proj using 128 samples
2026-09-11T06:23:58.6197 | GPTQ | METRIC - time 5.60s
2026-09-11T06:23:58.6199 | GPTQ | METRIC - error 17132.90
2026-09-11T06:23:58.6202 | GPTQ | METRIC - Accelerator 0 | usage: 69.81% | total memory: 47.8 Gb
2026-09-11T06:23:58.6204 | GPTQ | METRIC - Accelerator 1 | usage: 61.54% | total memory: 47.8 Gb

(56/65): Propagating:   0%|          | 0/32 [00:00<?, ?it/s]
(56/65): Propagating:   3%|▎         | 1/32 [00:00<00:05,  5.93it/s]
(56/65): Propagating:   6%|▋         | 2/32 [00:00<00:05,  5.87it/s]
(56/65): Propagating:   9%|▉         | 3/32 [00:00<00:04,  5.98it/s]
(56/65): Propagating:  12%|█▎        | 4/32 [00:00<00:04,  6.11it/s]
(56/65): Propagating:  16%|█▌        | 5/32 [00:00<00:04,  6.17it/s]
(56/65): Propagating:  19%|█▉        | 6/32 [00:00<00:04,  6.22it/s]
(56/65): Propagating:  22%|██▏       | 7/32 [00:01<00:04,  6.25it/s]
(56/65): Propagating:  25%|██▌       | 8/32 [00:01<00:03,  6.27it/s]
(56/65): Propagating:  28%|██▊       | 9/32 [00:01<00:03,  6.28it/s]
(56/65): Propagating:  31%|███▏      | 10/32 [00:01<00:03,  6.30it/s]
(56/65): Propagating:  34%|███▍      | 11/32 [00:01<00:03,  6.30it/s]
(56/65): Propagating:  38%|███▊      | 12/32 [00:01<00:03,  6.31it/s]
(56/65): Propagating:  41%|████      | 13/32 [00:02<00:03,  6.30it/s]
(56/65): Propagating:  44%|████▍     | 14/32 [00:02<00:02,  6.31it/s]
(56/65): Propagating:  47%|████▋     | 15/32 [00:02<00:02,  6.32it/s]
(56/65): Propagating:  50%|█████     | 16/32 [00:02<00:02,  6.33it/s]
(56/65): Propagating:  53%|█████▎    | 17/32 [00:02<00:02,  6.33it/s]
(56/65): Propagating:  56%|█████▋    | 18/32 [00:02<00:02,  6.32it/s]
(56/65): Propagating:  59%|█████▉    | 19/32 [00:03<00:02,  6.32it/s]
(56/65): Propagating:  62%|██████▎   | 20/32 [00:03<00:01,  6.32it/s]
(56/65): Propagating:  66%|██████▌   | 21/32 [00:03<00:01,  6.31it/s]
(56/65): Propagating:  69%|██████▉   | 22/32 [00:03<00:01,  6.31it/s]
(56/65): Propagating:  72%|███████▏  | 23/32 [00:03<00:01,  6.31it/s]
(56/65): Propagating:  75%|███████▌  | 24/32 [00:03<00:01,  6.31it/s]
(56/65): Propagating:  78%|███████▊  | 25/32 [00:03<00:01,  6.31it/s]
(56/65): Propagating:  81%|████████▏ | 26/32 [00:04<00:00,  6.32it/s]
(56/65): Propagating:  84%|████████▍ | 27/32 [00:04<00:00,  6.33it/s]
(56/65): Propagating:  88%|████████▊ | 28/32 [00:04<00:00,  6.34it/s]
(56/65): Propagating:  91%|█████████ | 29/32 [00:04<00:00,  6.35it/s]
(56/65): Propagating:  94%|█████████▍| 30/32 [00:04<00:00,  6.34it/s]
(56/65): Propagating:  97%|█████████▋| 31/32 [00:04<00:00,  6.34it/s]
(56/65): Propagating: 100%|██████████| 32/32 [00:05<00:00,  6.34it/s]
(56/65): Propagating: 100%|██████████| 32/32 [00:05<00:00,  6.29it/s]

(57/65): Calibrating:   0%|          | 0/32 [00:00<?, ?it/s]
(57/65): Calibrating:   6%|▋         | 2/32 [00:00<00:04,  7.09it/s]
(57/65): Calibrating:   9%|▉         | 3/32 [00:00<00:05,  5.55it/s]
(57/65): Calibrating:  12%|█▎        | 4/32 [00:00<00:05,  4.98it/s]
(57/65): Calibrating:  16%|█▌        | 5/32 [00:00<00:05,  4.70it/s]
(57/65): Calibrating:  19%|█▉        | 6/32 [00:01<00:05,  4.53it/s]
(57/65): Calibrating:  22%|██▏       | 7/32 [00:01<00:05,  4.44it/s]
(57/65): Calibrating:  25%|██▌       | 8/32 [00:01<00:05,  4.38it/s]
(57/65): Calibrating:  28%|██▊       | 9/32 [00:01<00:05,  4.33it/s]
(57/65): Calibrating:  31%|███▏      | 10/32 [00:02<00:05,  4.30it/s]
(57/65): Calibrating:  34%|███▍      | 11/32 [00:02<00:04,  4.28it/s]
(57/65): Calibrating:  38%|███▊      | 12/32 [00:02<00:04,  4.27it/s]
(57/65): Calibrating:  41%|████      | 13/32 [00:02<00:04,  4.26it/s]
(57/65): Calibrating:  44%|████▍     | 14/32 [00:03<00:04,  4.26it/s]
(57/65): Calibrating:  47%|████▋     | 15/32 [00:03<00:03,  4.25it/s]
(57/65): Calibrating:  50%|█████     | 16/32 [00:03<00:03,  4.25it/s]
(57/65): Calibrating:  53%|█████▎    | 17/32 [00:03<00:03,  4.25it/s]
(57/65): Calibrating:  56%|█████▋    | 18/32 [00:04<00:03,  4.25it/s]
(57/65): Calibrating:  59%|█████▉    | 19/32 [00:04<00:03,  4.25it/s]
(57/65): Calibrating:  62%|██████▎   | 20/32 [00:04<00:02,  4.24it/s]
(57/65): Calibrating:  66%|██████▌   | 21/32 [00:04<00:02,  4.24it/s]
(57/65): Calibrating:  69%|██████▉   | 22/32 [00:04<00:02,  4.24it/s]
(57/65): Calibrating:  72%|███████▏  | 23/32 [00:05<00:02,  4.25it/s]
(57/65): Calibrating:  75%|███████▌  | 24/32 [00:05<00:01,  4.24it/s]
(57/65): Calibrating:  78%|███████▊  | 25/32 [00:05<00:01,  4.24it/s]
(57/65): Calibrating:  81%|████████▏ | 26/32 [00:05<00:01,  4.24it/s]
(57/65): Calibrating:  84%|████████▍ | 27/32 [00:06<00:01,  4.24it/s]
(57/65): Calibrating:  88%|████████▊ | 28/32 [00:06<00:00,  4.24it/s]
(57/65): Calibrating:  91%|█████████ | 29/32 [00:06<00:00,  4.24it/s]
(57/65): Calibrating:  94%|█████████▍| 30/32 [00:06<00:00,  4.23it/s]
(57/65): Calibrating:  97%|█████████▋| 31/32 [00:07<00:00,  4.24it/s]
(57/65): Calibrating: 100%|██████████| 32/32 [00:07<00:00,  4.24it/s]
(57/65): Calibrating: 100%|██████████| 32/32 [00:07<00:00,  4.35it/s]
2026-09-11T06:24:11.2923 | compress_module_list | INFO - Quantizing model.language_model.layers.55.self_attn.q_proj using 128 samples
2026-09-11T06:24:12.7785 | GPTQ | METRIC - time 1.49s
2026-09-11T06:24:12.7786 | GPTQ | METRIC - error 87942.09
2026-09-11T06:24:12.7790 | GPTQ | METRIC - Accelerator 0 | usage: 69.81% | total memory: 47.8 Gb
2026-09-11T06:24:12.7791 | GPTQ | METRIC - Accelerator 1 | usage: 61.54% | total memory: 47.8 Gb
2026-09-11T06:24:12.7852 | compress_module_list | INFO - Quantizing model.language_model.layers.55.self_attn.k_proj using 128 samples
2026-09-11T06:24:14.2154 | GPTQ | METRIC - time 1.43s
2026-09-11T06:24:14.2156 | GPTQ | METRIC - error 10779.66
2026-09-11T06:24:14.2159 | GPTQ | METRIC - Accelerator 0 | usage: 69.81% | total memory: 47.8 Gb
2026-09-11T06:24:14.2161 | GPTQ | METRIC - Accelerator 1 | usage: 61.54% | total memory: 47.8 Gb
2026-09-11T06:24:14.2167 | compress_module_list | INFO - Quantizing model.language_model.layers.55.self_attn.v_proj using 128 samples
2026-09-11T06:24:15.6506 | GPTQ | METRIC - time 1.43s
2026-09-11T06:24:15.6508 | GPTQ | METRIC - error 22686.02
2026-09-11T06:24:15.6511 | GPTQ | METRIC - Accelerator 0 | usage: 69.81% | total memory: 47.8 Gb
2026-09-11T06:24:15.6513 | GPTQ | METRIC - Accelerator 1 | usage: 61.54% | total memory: 47.8 Gb
2026-09-11T06:24:15.6519 | compress_module_list | INFO - Quantizing model.language_model.layers.55.self_attn.o_proj using 128 samples
2026-09-11T06:24:17.4551 | GPTQ | METRIC - time 1.80s
2026-09-11T06:24:17.4552 | GPTQ | METRIC - error 5712.13
2026-09-11T06:24:17.4555 | GPTQ | METRIC - Accelerator 0 | usage: 69.81% | total memory: 47.8 Gb
2026-09-11T06:24:17.4557 | GPTQ | METRIC - Accelerator 1 | usage: 61.54% | total memory: 47.8 Gb
2026-09-11T06:24:17.4588 | compress_module_list | INFO - Quantizing model.language_model.layers.55.mlp.gate_proj using 128 samples
2026-09-11T06:24:18.9516 | GPTQ | METRIC - time 1.49s
2026-09-11T06:24:18.9518 | GPTQ | METRIC - error 96482.81
2026-09-11T06:24:18.9521 | GPTQ | METRIC - Accelerator 0 | usage: 69.81% | total memory: 47.8 Gb
2026-09-11T06:24:18.9523 | GPTQ | METRIC - Accelerator 1 | usage: 61.54% | total memory: 47.8 Gb
2026-09-11T06:24:18.9608 | compress_module_list | INFO - Quantizing model.language_model.layers.55.mlp.up_proj using 128 samples
2026-09-11T06:24:20.4603 | GPTQ | METRIC - time 1.50s
2026-09-11T06:24:20.4605 | GPTQ | METRIC - error 87613.12
2026-09-11T06:24:20.4608 | GPTQ | METRIC - Accelerator 0 | usage: 69.81% | total memory: 47.8 Gb
2026-09-11T06:24:20.4610 | GPTQ | METRIC - Accelerator 1 | usage: 61.54% | total memory: 47.8 Gb
2026-09-11T06:24:20.4696 | compress_module_list | INFO - Quantizing model.language_model.layers.55.mlp.down_proj using 128 samples
2026-09-11T06:24:26.0734 | GPTQ | METRIC - time 5.60s
2026-09-11T06:24:26.0736 | GPTQ | METRIC - error 13837.04
2026-09-11T06:24:26.0739 | GPTQ | METRIC - Accelerator 0 | usage: 69.81% | total memory: 47.8 Gb
2026-09-11T06:24:26.0741 | GPTQ | METRIC - Accelerator 1 | usage: 61.54% | total memory: 47.8 Gb

(57/65): Propagating:   0%|          | 0/32 [00:00<?, ?it/s]
(57/65): Propagating:   3%|▎         | 1/32 [00:00<00:04,  6.61it/s]
(57/65): Propagating:   6%|▋         | 2/32 [00:00<00:04,  7.13it/s]
(57/65): Propagating:   9%|▉         | 3/32 [00:00<00:04,  7.17it/s]
(57/65): Propagating:  12%|█▎        | 4/32 [00:00<00:03,  7.33it/s]
(57/65): Propagating:  16%|█▌        | 5/32 [00:00<00:03,  7.43it/s]
(57/65): Propagating:  19%|█▉        | 6/32 [00:00<00:03,  7.49it/s]
(57/65): Propagating:  22%|██▏       | 7/32 [00:00<00:03,  7.52it/s]
(57/65): Propagating:  25%|██▌       | 8/32 [00:01<00:03,  7.55it/s]
(57/65): Propagating:  28%|██▊       | 9/32 [00:01<00:03,  7.57it/s]
(57/65): Propagating:  31%|███▏      | 10/32 [00:01<00:02,  7.59it/s]
(57/65): Propagating:  34%|███▍      | 11/32 [00:01<00:02,  7.60it/s]
(57/65): Propagating:  38%|███▊      | 12/32 [00:01<00:02,  7.61it/s]
(57/65): Propagating:  41%|████      | 13/32 [00:01<00:02,  7.61it/s]
(57/65): Propagating:  44%|████▍     | 14/32 [00:01<00:02,  7.60it/s]
(57/65): Propagating:  47%|████▋     | 15/32 [00:01<00:02,  7.61it/s]
(57/65): Propagating:  50%|█████     | 16/32 [00:02<00:02,  7.62it/s]
(57/65): Propagating:  53%|█████▎    | 17/32 [00:02<00:01,  7.62it/s]
(57/65): Propagating:  56%|█████▋    | 18/32 [00:02<00:01,  7.62it/s]
(57/65): Propagating:  59%|█████▉    | 19/32 [00:02<00:01,  7.60it/s]
(57/65): Propagating:  62%|██████▎   | 20/32 [00:02<00:01,  7.61it/s]
(57/65): Propagating:  66%|██████▌   | 21/32 [00:02<00:01,  7.62it/s]
(57/65): Propagating:  69%|██████▉   | 22/32 [00:02<00:01,  7.61it/s]
(57/65): Propagating:  72%|███████▏  | 23/32 [00:03<00:01,  7.62it/s]
(57/65): Propagating:  75%|███████▌  | 24/32 [00:03<00:01,  7.63it/s]
(57/65): Propagating:  78%|███████▊  | 25/32 [00:03<00:00,  7.58it/s]
(57/65): Propagating:  81%|████████▏ | 26/32 [00:03<00:00,  7.60it/s]
(57/65): Propagating:  84%|████████▍ | 27/32 [00:03<00:00,  7.62it/s]
(57/65): Propagating:  88%|████████▊ | 28/32 [00:03<00:00,  7.62it/s]
(57/65): Propagating:  91%|█████████ | 29/32 [00:03<00:00,  7.64it/s]
(57/65): Propagating:  94%|█████████▍| 30/32 [00:03<00:00,  7.65it/s]
(57/65): Propagating:  97%|█████████▋| 31/32 [00:04<00:00,  7.65it/s]
(57/65): Propagating: 100%|██████████| 32/32 [00:04<00:00,  7.65it/s]
(57/65): Propagating: 100%|██████████| 32/32 [00:04<00:00,  7.57it/s]

(58/65): Calibrating:   0%|          | 0/32 [00:00<?, ?it/s]
(58/65): Calibrating:   6%|▋         | 2/32 [00:00<00:04,  7.03it/s]
(58/65): Calibrating:   9%|▉         | 3/32 [00:00<00:05,  5.71it/s]
(58/65): Calibrating:  12%|█▎        | 4/32 [00:00<00:05,  5.19it/s]
(58/65): Calibrating:  16%|█▌        | 5/32 [00:00<00:05,  4.93it/s]
(58/65): Calibrating:  19%|█▉        | 6/32 [00:01<00:05,  4.77it/s]
(58/65): Calibrating:  22%|██▏       | 7/32 [00:01<00:05,  4.67it/s]
(58/65): Calibrating:  25%|██▌       | 8/32 [00:01<00:05,  4.60it/s]
(58/65): Calibrating:  28%|██▊       | 9/32 [00:01<00:05,  4.56it/s]
(58/65): Calibrating:  31%|███▏      | 10/32 [00:02<00:04,  4.54it/s]
(58/65): Calibrating:  34%|███▍      | 11/32 [00:02<00:04,  4.53it/s]
(58/65): Calibrating:  38%|███▊      | 12/32 [00:02<00:04,  4.52it/s]
(58/65): Calibrating:  41%|████      | 13/32 [00:02<00:04,  4.51it/s]
(58/65): Calibrating:  44%|████▍     | 14/32 [00:02<00:04,  4.49it/s]
(58/65): Calibrating:  47%|████▋     | 15/32 [00:03<00:03,  4.49it/s]
(58/65): Calibrating:  50%|█████     | 16/32 [00:03<00:03,  4.49it/s]
(58/65): Calibrating:  53%|█████▎    | 17/32 [00:03<00:03,  4.49it/s]
(58/65): Calibrating:  56%|█████▋    | 18/32 [00:03<00:03,  4.49it/s]
(58/65): Calibrating:  59%|█████▉    | 19/32 [00:04<00:02,  4.49it/s]
(58/65): Calibrating:  62%|██████▎   | 20/32 [00:04<00:02,  4.48it/s]
(58/65): Calibrating:  66%|██████▌   | 21/32 [00:04<00:02,  4.48it/s]
(58/65): Calibrating:  69%|██████▉   | 22/32 [00:04<00:02,  4.48it/s]
(58/65): Calibrating:  72%|███████▏  | 23/32 [00:04<00:02,  4.48it/s]
(58/65): Calibrating:  75%|███████▌  | 24/32 [00:05<00:01,  4.48it/s]
(58/65): Calibrating:  78%|███████▊  | 25/32 [00:05<00:01,  4.49it/s]
(58/65): Calibrating:  81%|████████▏ | 26/32 [00:05<00:01,  4.48it/s]
(58/65): Calibrating:  84%|████████▍ | 27/32 [00:05<00:01,  4.49it/s]
(58/65): Calibrating:  88%|████████▊ | 28/32 [00:06<00:00,  4.48it/s]
(58/65): Calibrating:  91%|█████████ | 29/32 [00:06<00:00,  4.48it/s]
(58/65): Calibrating:  94%|█████████▍| 30/32 [00:06<00:00,  4.49it/s]
(58/65): Calibrating:  97%|█████████▋| 31/32 [00:06<00:00,  4.49it/s]
(58/65): Calibrating: 100%|██████████| 32/32 [00:06<00:00,  4.49it/s]
(58/65): Calibrating: 100%|██████████| 32/32 [00:06<00:00,  4.59it/s]
2026-09-11T06:24:37.4743 | compress_module_list | INFO - Quantizing model.language_model.layers.56.mlp.gate_proj using 128 samples
2026-09-11T06:24:38.9675 | GPTQ | METRIC - time 1.49s
2026-09-11T06:24:38.9676 | GPTQ | METRIC - error 108468.55
2026-09-11T06:24:38.9679 | GPTQ | METRIC - Accelerator 0 | usage: 69.81% | total memory: 47.8 Gb
2026-09-11T06:24:38.9681 | GPTQ | METRIC - Accelerator 1 | usage: 61.54% | total memory: 47.8 Gb
2026-09-11T06:24:38.9767 | compress_module_list | INFO - Quantizing model.language_model.layers.56.mlp.up_proj using 128 samples
2026-09-11T06:24:40.4768 | GPTQ | METRIC - time 1.50s
2026-09-11T06:24:40.4770 | GPTQ | METRIC - error 95977.66
2026-09-11T06:24:40.4773 | GPTQ | METRIC - Accelerator 0 | usage: 69.81% | total memory: 47.8 Gb
2026-09-11T06:24:40.4775 | GPTQ | METRIC - Accelerator 1 | usage: 61.54% | total memory: 47.8 Gb
2026-09-11T06:24:40.4861 | compress_module_list | INFO - Quantizing model.language_model.layers.56.mlp.down_proj using 128 samples
2026-09-11T06:24:46.0771 | GPTQ | METRIC - time 5.59s
2026-09-11T06:24:46.0773 | GPTQ | METRIC - error 13787.09
2026-09-11T06:24:46.0776 | GPTQ | METRIC - Accelerator 0 | usage: 69.81% | total memory: 47.8 Gb
2026-09-11T06:24:46.0778 | GPTQ | METRIC - Accelerator 1 | usage: 61.54% | total memory: 47.8 Gb

(58/65): Propagating:   0%|          | 0/32 [00:00<?, ?it/s]
(58/65): Propagating:   3%|▎         | 1/32 [00:00<00:05,  5.94it/s]
(58/65): Propagating:   6%|▋         | 2/32 [00:00<00:04,  6.11it/s]
(58/65): Propagating:   9%|▉         | 3/32 [00:00<00:04,  6.19it/s]
(58/65): Propagating:  12%|█▎        | 4/32 [00:00<00:04,  6.24it/s]
(58/65): Propagating:  16%|█▌        | 5/32 [00:00<00:04,  6.28it/s]
(58/65): Propagating:  19%|█▉        | 6/32 [00:00<00:04,  6.29it/s]
(58/65): Propagating:  22%|██▏       | 7/32 [00:01<00:03,  6.30it/s]
(58/65): Propagating:  25%|██▌       | 8/32 [00:01<00:03,  6.31it/s]
(58/65): Propagating:  28%|██▊       | 9/32 [00:01<00:03,  6.31it/s]
(58/65): Propagating:  31%|███▏      | 10/32 [00:01<00:03,  6.31it/s]
(58/65): Propagating:  34%|███▍      | 11/32 [00:01<00:03,  6.32it/s]
(58/65): Propagating:  38%|███▊      | 12/32 [00:01<00:03,  6.32it/s]
(58/65): Propagating:  41%|████      | 13/32 [00:02<00:03,  6.32it/s]
(58/65): Propagating:  44%|████▍     | 14/32 [00:02<00:02,  6.32it/s]
(58/65): Propagating:  47%|████▋     | 15/32 [00:02<00:02,  6.31it/s]
(58/65): Propagating:  50%|█████     | 16/32 [00:02<00:02,  6.32it/s]
(58/65): Propagating:  53%|█████▎    | 17/32 [00:02<00:02,  6.32it/s]
(58/65): Propagating:  56%|█████▋    | 18/32 [00:02<00:02,  6.32it/s]
(58/65): Propagating:  59%|█████▉    | 19/32 [00:03<00:02,  6.32it/s]
(58/65): Propagating:  62%|██████▎   | 20/32 [00:03<00:01,  6.32it/s]
(58/65): Propagating:  66%|██████▌   | 21/32 [00:03<00:01,  6.32it/s]
(58/65): Propagating:  69%|██████▉   | 22/32 [00:03<00:01,  6.32it/s]
(58/65): Propagating:  72%|███████▏  | 23/32 [00:03<00:01,  6.31it/s]
(58/65): Propagating:  75%|███████▌  | 24/32 [00:03<00:01,  6.32it/s]
(58/65): Propagating:  78%|███████▊  | 25/32 [00:03<00:01,  6.33it/s]
(58/65): Propagating:  81%|████████▏ | 26/32 [00:04<00:00,  6.32it/s]
(58/65): Propagating:  84%|████████▍ | 27/32 [00:04<00:00,  6.32it/s]
(58/65): Propagating:  88%|████████▊ | 28/32 [00:04<00:00,  6.32it/s]
(58/65): Propagating:  91%|█████████ | 29/32 [00:04<00:00,  6.32it/s]
(58/65): Propagating:  94%|█████████▍| 30/32 [00:04<00:00,  6.26it/s]
(58/65): Propagating:  97%|█████████▋| 31/32 [00:04<00:00,  6.25it/s]
(58/65): Propagating: 100%|██████████| 32/32 [00:05<00:00,  6.27it/s]
(58/65): Propagating: 100%|██████████| 32/32 [00:05<00:00,  6.29it/s]

(59/65): Calibrating:   0%|          | 0/32 [00:00<?, ?it/s]
(59/65): Calibrating:   6%|▋         | 2/32 [00:00<00:04,  7.03it/s]
(59/65): Calibrating:   9%|▉         | 3/32 [00:00<00:05,  5.69it/s]
(59/65): Calibrating:  12%|█▎        | 4/32 [00:00<00:05,  5.17it/s]
(59/65): Calibrating:  16%|█▌        | 5/32 [00:00<00:05,  4.91it/s]
(59/65): Calibrating:  19%|█▉        | 6/32 [00:01<00:05,  4.76it/s]
(59/65): Calibrating:  22%|██▏       | 7/32 [00:01<00:05,  4.66it/s]
(59/65): Calibrating:  25%|██▌       | 8/32 [00:01<00:05,  4.61it/s]
(59/65): Calibrating:  28%|██▊       | 9/32 [00:01<00:05,  4.57it/s]
(59/65): Calibrating:  31%|███▏      | 10/32 [00:02<00:04,  4.55it/s]
(59/65): Calibrating:  34%|███▍      | 11/32 [00:02<00:04,  4.52it/s]
(59/65): Calibrating:  38%|███▊      | 12/32 [00:02<00:04,  4.50it/s]
(59/65): Calibrating:  41%|████      | 13/32 [00:02<00:04,  4.50it/s]
(59/65): Calibrating:  44%|████▍     | 14/32 [00:02<00:04,  4.50it/s]
(59/65): Calibrating:  47%|████▋     | 15/32 [00:03<00:03,  4.50it/s]
(59/65): Calibrating:  50%|█████     | 16/32 [00:03<00:03,  4.50it/s]
(59/65): Calibrating:  53%|█████▎    | 17/32 [00:03<00:03,  4.49it/s]
(59/65): Calibrating:  56%|█████▋    | 18/32 [00:03<00:03,  4.47it/s]
(59/65): Calibrating:  59%|█████▉    | 19/32 [00:04<00:02,  4.48it/s]
(59/65): Calibrating:  62%|██████▎   | 20/32 [00:04<00:02,  4.48it/s]
(59/65): Calibrating:  66%|██████▌   | 21/32 [00:04<00:02,  4.48it/s]
(59/65): Calibrating:  69%|██████▉   | 22/32 [00:04<00:02,  4.48it/s]
(59/65): Calibrating:  72%|███████▏  | 23/32 [00:04<00:02,  4.47it/s]
(59/65): Calibrating:  75%|███████▌  | 24/32 [00:05<00:01,  4.47it/s]
(59/65): Calibrating:  78%|███████▊  | 25/32 [00:05<00:01,  4.43it/s]
(59/65): Calibrating:  81%|████████▏ | 26/32 [00:05<00:01,  4.45it/s]
(59/65): Calibrating:  84%|████████▍ | 27/32 [00:05<00:01,  4.45it/s]
(59/65): Calibrating:  88%|████████▊ | 28/32 [00:06<00:00,  4.45it/s]
(59/65): Calibrating:  91%|█████████ | 29/32 [00:06<00:00,  4.46it/s]
(59/65): Calibrating:  94%|█████████▍| 30/32 [00:06<00:00,  4.47it/s]
(59/65): Calibrating:  97%|█████████▋| 31/32 [00:06<00:00,  4.47it/s]
(59/65): Calibrating: 100%|██████████| 32/32 [00:06<00:00,  4.47it/s]
(59/65): Calibrating: 100%|██████████| 32/32 [00:06<00:00,  4.58it/s]
2026-09-11T06:24:58.3523 | compress_module_list | INFO - Quantizing model.language_model.layers.57.mlp.gate_proj using 128 samples
2026-09-11T06:24:59.8478 | GPTQ | METRIC - time 1.50s
2026-09-11T06:24:59.8480 | GPTQ | METRIC - error 128658.82
2026-09-11T06:24:59.8483 | GPTQ | METRIC - Accelerator 0 | usage: 69.81% | total memory: 47.8 Gb
2026-09-11T06:24:59.8485 | GPTQ | METRIC - Accelerator 1 | usage: 61.54% | total memory: 47.8 Gb
2026-09-11T06:24:59.8570 | compress_module_list | INFO - Quantizing model.language_model.layers.57.mlp.up_proj using 128 samples
2026-09-11T06:25:01.3575 | GPTQ | METRIC - time 1.50s
2026-09-11T06:25:01.3577 | GPTQ | METRIC - error 111945.22
2026-09-11T06:25:01.3581 | GPTQ | METRIC - Accelerator 0 | usage: 69.81% | total memory: 47.8 Gb
2026-09-11T06:25:01.3582 | GPTQ | METRIC - Accelerator 1 | usage: 61.54% | total memory: 47.8 Gb
2026-09-11T06:25:01.3668 | compress_module_list | INFO - Quantizing model.language_model.layers.57.mlp.down_proj using 128 samples
2026-09-11T06:25:06.9632 | GPTQ | METRIC - time 5.60s
2026-09-11T06:25:06.9633 | GPTQ | METRIC - error 13817.38
2026-09-11T06:25:06.9636 | GPTQ | METRIC - Accelerator 0 | usage: 69.81% | total memory: 47.8 Gb
2026-09-11T06:25:06.9638 | GPTQ | METRIC - Accelerator 1 | usage: 61.54% | total memory: 47.8 Gb

(59/65): Propagating:   0%|          | 0/32 [00:00<?, ?it/s]
(59/65): Propagating:   3%|▎         | 1/32 [00:00<00:05,  5.90it/s]
(59/65): Propagating:   6%|▋         | 2/32 [00:00<00:05,  5.95it/s]
(59/65): Propagating:   9%|▉         | 3/32 [00:00<00:04,  6.04it/s]
(59/65): Propagating:  12%|█▎        | 4/32 [00:00<00:04,  6.10it/s]
(59/65): Propagating:  16%|█▌        | 5/32 [00:00<00:04,  6.12it/s]
(59/65): Propagating:  19%|█▉        | 6/32 [00:00<00:04,  6.16it/s]
(59/65): Propagating:  22%|██▏       | 7/32 [00:01<00:04,  6.18it/s]
(59/65): Propagating:  25%|██▌       | 8/32 [00:01<00:03,  6.21it/s]
(59/65): Propagating:  28%|██▊       | 9/32 [00:01<00:03,  6.24it/s]
(59/65): Propagating:  31%|███▏      | 10/32 [00:01<00:03,  6.26it/s]
(59/65): Propagating:  34%|███▍      | 11/32 [00:01<00:03,  6.27it/s]
(59/65): Propagating:  38%|███▊      | 12/32 [00:01<00:03,  6.28it/s]
(59/65): Propagating:  41%|████      | 13/32 [00:02<00:03,  6.29it/s]
(59/65): Propagating:  44%|████▍     | 14/32 [00:02<00:02,  6.30it/s]
(59/65): Propagating:  47%|████▋     | 15/32 [00:02<00:02,  6.30it/s]
(59/65): Propagating:  50%|█████     | 16/32 [00:02<00:02,  6.29it/s]
(59/65): Propagating:  53%|█████▎    | 17/32 [00:02<00:02,  6.29it/s]
(59/65): Propagating:  56%|█████▋    | 18/32 [00:02<00:02,  6.27it/s]
(59/65): Propagating:  59%|█████▉    | 19/32 [00:03<00:02,  6.28it/s]
(59/65): Propagating:  62%|██████▎   | 20/32 [00:03<00:01,  6.28it/s]
(59/65): Propagating:  66%|██████▌   | 21/32 [00:03<00:01,  6.27it/s]
(59/65): Propagating:  69%|██████▉   | 22/32 [00:03<00:01,  6.28it/s]
(59/65): Propagating:  72%|███████▏  | 23/32 [00:03<00:01,  6.27it/s]
(59/65): Propagating:  75%|███████▌  | 24/32 [00:03<00:01,  6.25it/s]
(59/65): Propagating:  78%|███████▊  | 25/32 [00:04<00:01,  6.27it/s]
(59/65): Propagating:  81%|████████▏ | 26/32 [00:04<00:00,  6.29it/s]
(59/65): Propagating:  84%|████████▍ | 27/32 [00:04<00:00,  6.30it/s]
(59/65): Propagating:  88%|████████▊ | 28/32 [00:04<00:00,  6.30it/s]
(59/65): Propagating:  91%|█████████ | 29/32 [00:04<00:00,  6.32it/s]
(59/65): Propagating:  94%|█████████▍| 30/32 [00:04<00:00,  6.32it/s]
(59/65): Propagating:  97%|█████████▋| 31/32 [00:04<00:00,  6.33it/s]
(59/65): Propagating: 100%|██████████| 32/32 [00:05<00:00,  6.34it/s]
(59/65): Propagating: 100%|██████████| 32/32 [00:05<00:00,  6.26it/s]

(60/65): Calibrating:   0%|          | 0/32 [00:00<?, ?it/s]
(60/65): Calibrating:   6%|▋         | 2/32 [00:00<00:04,  7.04it/s]
(60/65): Calibrating:   9%|▉         | 3/32 [00:00<00:05,  5.70it/s]
(60/65): Calibrating:  12%|█▎        | 4/32 [00:00<00:05,  5.18it/s]
(60/65): Calibrating:  16%|█▌        | 5/32 [00:00<00:05,  4.92it/s]
(60/65): Calibrating:  19%|█▉        | 6/32 [00:01<00:05,  4.77it/s]
(60/65): Calibrating:  22%|██▏       | 7/32 [00:01<00:05,  4.68it/s]
(60/65): Calibrating:  25%|██▌       | 8/32 [00:01<00:05,  4.63it/s]
(60/65): Calibrating:  28%|██▊       | 9/32 [00:01<00:05,  4.59it/s]
(60/65): Calibrating:  31%|███▏      | 10/32 [00:02<00:04,  4.57it/s]
(60/65): Calibrating:  34%|███▍      | 11/32 [00:02<00:04,  4.55it/s]
(60/65): Calibrating:  38%|███▊      | 12/32 [00:02<00:04,  4.53it/s]
(60/65): Calibrating:  41%|████      | 13/32 [00:02<00:04,  4.52it/s]
(60/65): Calibrating:  44%|████▍     | 14/32 [00:02<00:03,  4.50it/s]
(60/65): Calibrating:  47%|████▋     | 15/32 [00:03<00:03,  4.50it/s]
(60/65): Calibrating:  50%|█████     | 16/32 [00:03<00:03,  4.50it/s]
(60/65): Calibrating:  53%|█████▎    | 17/32 [00:03<00:03,  4.50it/s]
(60/65): Calibrating:  56%|█████▋    | 18/32 [00:03<00:03,  4.50it/s]
(60/65): Calibrating:  59%|█████▉    | 19/32 [00:04<00:02,  4.50it/s]
(60/65): Calibrating:  62%|██████▎   | 20/32 [00:04<00:02,  4.50it/s]
(60/65): Calibrating:  66%|██████▌   | 21/32 [00:04<00:02,  4.50it/s]
(60/65): Calibrating:  69%|██████▉   | 22/32 [00:04<00:02,  4.50it/s]
(60/65): Calibrating:  72%|███████▏  | 23/32 [00:04<00:02,  4.49it/s]
(60/65): Calibrating:  75%|███████▌  | 24/32 [00:05<00:01,  4.50it/s]
(60/65): Calibrating:  78%|███████▊  | 25/32 [00:05<00:01,  4.50it/s]
(60/65): Calibrating:  81%|████████▏ | 26/32 [00:05<00:01,  4.50it/s]
(60/65): Calibrating:  84%|████████▍ | 27/32 [00:05<00:01,  4.51it/s]
(60/65): Calibrating:  88%|████████▊ | 28/32 [00:06<00:00,  4.51it/s]
(60/65): Calibrating:  91%|█████████ | 29/32 [00:06<00:00,  4.50it/s]
(60/65): Calibrating:  94%|█████████▍| 30/32 [00:06<00:00,  4.49it/s]
(60/65): Calibrating:  97%|█████████▋| 31/32 [00:06<00:00,  4.49it/s]
(60/65): Calibrating: 100%|██████████| 32/32 [00:06<00:00,  4.49it/s]
(60/65): Calibrating: 100%|██████████| 32/32 [00:06<00:00,  4.60it/s]
2026-09-11T06:25:19.2298 | compress_module_list | INFO - Quantizing model.language_model.layers.58.mlp.gate_proj using 128 samples
2026-09-11T06:25:20.7272 | GPTQ | METRIC - time 1.50s
2026-09-11T06:25:20.7274 | GPTQ | METRIC - error 151659.19
2026-09-11T06:25:20.7277 | GPTQ | METRIC - Accelerator 0 | usage: 69.81% | total memory: 47.8 Gb
2026-09-11T06:25:20.7279 | GPTQ | METRIC - Accelerator 1 | usage: 61.54% | total memory: 47.8 Gb
2026-09-11T06:25:20.7364 | compress_module_list | INFO - Quantizing model.language_model.layers.58.mlp.up_proj using 128 samples
2026-09-11T06:25:22.2337 | GPTQ | METRIC - time 1.50s
2026-09-11T06:25:22.2338 | GPTQ | METRIC - error 131690.27
2026-09-11T06:25:22.2341 | GPTQ | METRIC - Accelerator 0 | usage: 69.81% | total memory: 47.8 Gb
2026-09-11T06:25:22.2343 | GPTQ | METRIC - Accelerator 1 | usage: 61.54% | total memory: 47.8 Gb
2026-09-11T06:25:22.2429 | compress_module_list | INFO - Quantizing model.language_model.layers.58.mlp.down_proj using 128 samples
2026-09-11T06:25:27.8958 | GPTQ | METRIC - time 5.65s
2026-09-11T06:25:27.8960 | GPTQ | METRIC - error 17344.39
2026-09-11T06:25:27.8963 | GPTQ | METRIC - Accelerator 0 | usage: 69.81% | total memory: 47.8 Gb
2026-09-11T06:25:27.8965 | GPTQ | METRIC - Accelerator 1 | usage: 61.54% | total memory: 47.8 Gb

(60/65): Propagating:   0%|          | 0/32 [00:00<?, ?it/s]
(60/65): Propagating:   3%|▎         | 1/32 [00:00<00:05,  5.98it/s]
(60/65): Propagating:   6%|▋         | 2/32 [00:00<00:04,  6.13it/s]
(60/65): Propagating:   9%|▉         | 3/32 [00:00<00:04,  6.20it/s]
(60/65): Propagating:  12%|█▎        | 4/32 [00:00<00:04,  6.24it/s]
(60/65): Propagating:  16%|█▌        | 5/32 [00:00<00:04,  6.27it/s]
(60/65): Propagating:  19%|█▉        | 6/32 [00:00<00:04,  6.29it/s]
(60/65): Propagating:  22%|██▏       | 7/32 [00:01<00:03,  6.30it/s]
(60/65): Propagating:  25%|██▌       | 8/32 [00:01<00:03,  6.31it/s]
(60/65): Propagating:  28%|██▊       | 9/32 [00:01<00:03,  6.32it/s]
(60/65): Propagating:  31%|███▏      | 10/32 [00:01<00:03,  6.32it/s]
(60/65): Propagating:  34%|███▍      | 11/32 [00:01<00:03,  6.32it/s]
(60/65): Propagating:  38%|███▊      | 12/32 [00:01<00:03,  6.32it/s]
(60/65): Propagating:  41%|████      | 13/32 [00:02<00:03,  6.30it/s]
(60/65): Propagating:  44%|████▍     | 14/32 [00:02<00:02,  6.28it/s]
(60/65): Propagating:  47%|████▋     | 15/32 [00:02<00:02,  6.23it/s]
(60/65): Propagating:  50%|█████     | 16/32 [00:02<00:02,  6.14it/s]
(60/65): Propagating:  53%|█████▎    | 17/32 [00:02<00:02,  6.18it/s]
(60/65): Propagating:  56%|█████▋    | 18/32 [00:02<00:02,  6.23it/s]
(60/65): Propagating:  59%|█████▉    | 19/32 [00:03<00:02,  6.26it/s]
(60/65): Propagating:  62%|██████▎   | 20/32 [00:03<00:01,  6.28it/s]
(60/65): Propagating:  66%|██████▌   | 21/32 [00:03<00:01,  6.30it/s]
(60/65): Propagating:  69%|██████▉   | 22/32 [00:03<00:01,  6.30it/s]
(60/65): Propagating:  72%|███████▏  | 23/32 [00:03<00:01,  6.31it/s]
(60/65): Propagating:  75%|███████▌  | 24/32 [00:03<00:01,  6.31it/s]
(60/65): Propagating:  78%|███████▊  | 25/32 [00:03<00:01,  6.31it/s]
(60/65): Propagating:  81%|████████▏ | 26/32 [00:04<00:00,  6.32it/s]
(60/65): Propagating:  84%|████████▍ | 27/32 [00:04<00:00,  6.33it/s]
(60/65): Propagating:  88%|████████▊ | 28/32 [00:04<00:00,  6.33it/s]
(60/65): Propagating:  91%|█████████ | 29/32 [00:04<00:00,  6.33it/s]
(60/65): Propagating:  94%|█████████▍| 30/32 [00:04<00:00,  6.33it/s]
(60/65): Propagating:  97%|█████████▋| 31/32 [00:04<00:00,  6.33it/s]
(60/65): Propagating: 100%|██████████| 32/32 [00:05<00:00,  6.32it/s]
(60/65): Propagating: 100%|██████████| 32/32 [00:05<00:00,  6.28it/s]

(61/65): Calibrating:   0%|          | 0/32 [00:00<?, ?it/s]
(61/65): Calibrating:   6%|▋         | 2/32 [00:00<00:04,  6.87it/s]
(61/65): Calibrating:   9%|▉         | 3/32 [00:00<00:05,  5.49it/s]
(61/65): Calibrating:  12%|█▎        | 4/32 [00:00<00:05,  4.95it/s]
(61/65): Calibrating:  16%|█▌        | 5/32 [00:00<00:05,  4.68it/s]
(61/65): Calibrating:  19%|█▉        | 6/32 [00:01<00:05,  4.54it/s]
(61/65): Calibrating:  22%|██▏       | 7/32 [00:01<00:05,  4.44it/s]
(61/65): Calibrating:  25%|██▌       | 8/32 [00:01<00:05,  4.38it/s]
(61/65): Calibrating:  28%|██▊       | 9/32 [00:01<00:05,  4.34it/s]
(61/65): Calibrating:  31%|███▏      | 10/32 [00:02<00:05,  4.32it/s]
(61/65): Calibrating:  34%|███▍      | 11/32 [00:02<00:04,  4.30it/s]
(61/65): Calibrating:  38%|███▊      | 12/32 [00:02<00:04,  4.29it/s]
(61/65): Calibrating:  41%|████      | 13/32 [00:02<00:04,  4.28it/s]
(61/65): Calibrating:  44%|████▍     | 14/32 [00:03<00:04,  4.28it/s]
(61/65): Calibrating:  47%|████▋     | 15/32 [00:03<00:03,  4.27it/s]
(61/65): Calibrating:  50%|█████     | 16/32 [00:03<00:03,  4.26it/s]
(61/65): Calibrating:  53%|█████▎    | 17/32 [00:03<00:03,  4.26it/s]
(61/65): Calibrating:  56%|█████▋    | 18/32 [00:04<00:03,  4.27it/s]
(61/65): Calibrating:  59%|█████▉    | 19/32 [00:04<00:03,  4.26it/s]
(61/65): Calibrating:  62%|██████▎   | 20/32 [00:04<00:02,  4.26it/s]
(61/65): Calibrating:  66%|██████▌   | 21/32 [00:04<00:02,  4.26it/s]
(61/65): Calibrating:  69%|██████▉   | 22/32 [00:04<00:02,  4.26it/s]
(61/65): Calibrating:  72%|███████▏  | 23/32 [00:05<00:02,  4.26it/s]
(61/65): Calibrating:  75%|███████▌  | 24/32 [00:05<00:01,  4.26it/s]
(61/65): Calibrating:  78%|███████▊  | 25/32 [00:05<00:01,  4.26it/s]
(61/65): Calibrating:  81%|████████▏ | 26/32 [00:05<00:01,  4.26it/s]
(61/65): Calibrating:  84%|████████▍ | 27/32 [00:06<00:01,  4.26it/s]
(61/65): Calibrating:  88%|████████▊ | 28/32 [00:06<00:00,  4.26it/s]
(61/65): Calibrating:  91%|█████████ | 29/32 [00:06<00:00,  4.26it/s]
(61/65): Calibrating:  94%|█████████▍| 30/32 [00:06<00:00,  4.26it/s]
(61/65): Calibrating:  97%|█████████▋| 31/32 [00:07<00:00,  4.26it/s]
(61/65): Calibrating: 100%|██████████| 32/32 [00:07<00:00,  4.25it/s]
(61/65): Calibrating: 100%|██████████| 32/32 [00:07<00:00,  4.36it/s]
2026-09-11T06:25:40.5494 | compress_module_list | INFO - Quantizing model.language_model.layers.59.self_attn.q_proj using 128 samples
2026-09-11T06:25:42.0334 | GPTQ | METRIC - time 1.48s
2026-09-11T06:25:42.0335 | GPTQ | METRIC - error 114098.16
2026-09-11T06:25:42.0338 | GPTQ | METRIC - Accelerator 0 | usage: 69.81% | total memory: 47.8 Gb
2026-09-11T06:25:42.0340 | GPTQ | METRIC - Accelerator 1 | usage: 61.54% | total memory: 47.8 Gb
2026-09-11T06:25:42.0401 | compress_module_list | INFO - Quantizing model.language_model.layers.59.self_attn.k_proj using 128 samples
2026-09-11T06:25:43.4665 | GPTQ | METRIC - time 1.43s
2026-09-11T06:25:43.4667 | GPTQ | METRIC - error 14917.62
2026-09-11T06:25:43.4670 | GPTQ | METRIC - Accelerator 0 | usage: 69.81% | total memory: 47.8 Gb
2026-09-11T06:25:43.4672 | GPTQ | METRIC - Accelerator 1 | usage: 61.54% | total memory: 47.8 Gb
2026-09-11T06:25:43.4678 | compress_module_list | INFO - Quantizing model.language_model.layers.59.self_attn.v_proj using 128 samples
2026-09-11T06:25:44.9004 | GPTQ | METRIC - time 1.43s
2026-09-11T06:25:44.9006 | GPTQ | METRIC - error 52688.80
2026-09-11T06:25:44.9009 | GPTQ | METRIC - Accelerator 0 | usage: 69.81% | total memory: 47.8 Gb
2026-09-11T06:25:44.9011 | GPTQ | METRIC - Accelerator 1 | usage: 61.54% | total memory: 47.8 Gb
2026-09-11T06:25:44.9017 | compress_module_list | INFO - Quantizing model.language_model.layers.59.self_attn.o_proj using 128 samples
2026-09-11T06:25:46.6567 | GPTQ | METRIC - time 1.75s
2026-09-11T06:25:46.6568 | GPTQ | METRIC - error 15546.64
2026-09-11T06:25:46.6572 | GPTQ | METRIC - Accelerator 0 | usage: 69.81% | total memory: 47.8 Gb
2026-09-11T06:25:46.6574 | GPTQ | METRIC - Accelerator 1 | usage: 61.54% | total memory: 47.8 Gb
2026-09-11T06:25:46.6604 | compress_module_list | INFO - Quantizing model.language_model.layers.59.mlp.gate_proj using 128 samples
2026-09-11T06:25:48.1518 | GPTQ | METRIC - time 1.49s
2026-09-11T06:25:48.1520 | GPTQ | METRIC - error 152608.83
2026-09-11T06:25:48.1523 | GPTQ | METRIC - Accelerator 0 | usage: 69.81% | total memory: 47.8 Gb
2026-09-11T06:25:48.1525 | GPTQ | METRIC - Accelerator 1 | usage: 61.54% | total memory: 47.8 Gb
2026-09-11T06:25:48.1611 | compress_module_list | INFO - Quantizing model.language_model.layers.59.mlp.up_proj using 128 samples
2026-09-11T06:25:49.6591 | GPTQ | METRIC - time 1.50s
2026-09-11T06:25:49.6593 | GPTQ | METRIC - error 135627.88
2026-09-11T06:25:49.6596 | GPTQ | METRIC - Accelerator 0 | usage: 69.81% | total memory: 47.8 Gb
2026-09-11T06:25:49.6598 | GPTQ | METRIC - Accelerator 1 | usage: 61.54% | total memory: 47.8 Gb
2026-09-11T06:25:49.6684 | compress_module_list | INFO - Quantizing model.language_model.layers.59.mlp.down_proj using 128 samples
2026-09-11T06:25:55.2064 | GPTQ | METRIC - time 5.54s
2026-09-11T06:25:55.2066 | GPTQ | METRIC - error 20865.05
2026-09-11T06:25:55.2069 | GPTQ | METRIC - Accelerator 0 | usage: 69.81% | total memory: 47.8 Gb
2026-09-11T06:25:55.2071 | GPTQ | METRIC - Accelerator 1 | usage: 61.54% | total memory: 47.8 Gb

(61/65): Propagating:   0%|          | 0/32 [00:00<?, ?it/s]
(61/65): Propagating:   3%|▎         | 1/32 [00:00<00:04,  7.17it/s]
(61/65): Propagating:   6%|▋         | 2/32 [00:00<00:04,  7.40it/s]
(61/65): Propagating:   9%|▉         | 3/32 [00:00<00:03,  7.49it/s]
(61/65): Propagating:  12%|█▎        | 4/32 [00:00<00:03,  7.52it/s]
(61/65): Propagating:  16%|█▌        | 5/32 [00:00<00:03,  7.52it/s]
(61/65): Propagating:  19%|█▉        | 6/32 [00:00<00:03,  7.55it/s]
(61/65): Propagating:  22%|██▏       | 7/32 [00:00<00:03,  7.58it/s]
(61/65): Propagating:  25%|██▌       | 8/32 [00:01<00:03,  7.60it/s]
(61/65): Propagating:  28%|██▊       | 9/32 [00:01<00:03,  7.61it/s]
(61/65): Propagating:  31%|███▏      | 10/32 [00:01<00:02,  7.61it/s]
(61/65): Propagating:  34%|███▍      | 11/32 [00:01<00:02,  7.62it/s]
(61/65): Propagating:  38%|███▊      | 12/32 [00:01<00:02,  7.62it/s]
(61/65): Propagating:  41%|████      | 13/32 [00:01<00:02,  7.62it/s]
(61/65): Propagating:  44%|████▍     | 14/32 [00:01<00:02,  7.61it/s]
(61/65): Propagating:  47%|████▋     | 15/32 [00:01<00:02,  7.60it/s]
(61/65): Propagating:  50%|█████     | 16/32 [00:02<00:02,  7.59it/s]
(61/65): Propagating:  53%|█████▎    | 17/32 [00:02<00:01,  7.59it/s]
(61/65): Propagating:  56%|█████▋    | 18/32 [00:02<00:01,  7.58it/s]
(61/65): Propagating:  59%|█████▉    | 19/32 [00:02<00:01,  7.60it/s]
(61/65): Propagating:  62%|██████▎   | 20/32 [00:02<00:01,  7.61it/s]
(61/65): Propagating:  66%|██████▌   | 21/32 [00:02<00:01,  7.61it/s]
(61/65): Propagating:  69%|██████▉   | 22/32 [00:02<00:01,  7.62it/s]
(61/65): Propagating:  72%|███████▏  | 23/32 [00:03<00:01,  7.61it/s]
(61/65): Propagating:  75%|███████▌  | 24/32 [00:03<00:01,  7.62it/s]
(61/65): Propagating:  78%|███████▊  | 25/32 [00:03<00:00,  7.63it/s]
(61/65): Propagating:  81%|████████▏ | 26/32 [00:03<00:00,  7.62it/s]
(61/65): Propagating:  84%|████████▍ | 27/32 [00:03<00:00,  7.60it/s]
(61/65): Propagating:  88%|████████▊ | 28/32 [00:03<00:00,  7.60it/s]
(61/65): Propagating:  91%|█████████ | 29/32 [00:03<00:00,  7.57it/s]
(61/65): Propagating:  94%|█████████▍| 30/32 [00:03<00:00,  7.47it/s]
(61/65): Propagating:  97%|█████████▋| 31/32 [00:04<00:00,  7.52it/s]
(61/65): Propagating: 100%|██████████| 32/32 [00:04<00:00,  7.55it/s]
(61/65): Propagating: 100%|██████████| 32/32 [00:04<00:00,  7.58it/s]

(62/65): Calibrating:   0%|          | 0/32 [00:00<?, ?it/s]
(62/65): Calibrating:   6%|▋         | 2/32 [00:00<00:04,  7.04it/s]
(62/65): Calibrating:   9%|▉         | 3/32 [00:00<00:05,  5.71it/s]
(62/65): Calibrating:  12%|█▎        | 4/32 [00:00<00:05,  5.19it/s]
(62/65): Calibrating:  16%|█▌        | 5/32 [00:00<00:05,  4.94it/s]
(62/65): Calibrating:  19%|█▉        | 6/32 [00:01<00:05,  4.79it/s]
(62/65): Calibrating:  22%|██▏       | 7/32 [00:01<00:05,  4.70it/s]
(62/65): Calibrating:  25%|██▌       | 8/32 [00:01<00:05,  4.63it/s]
(62/65): Calibrating:  28%|██▊       | 9/32 [00:01<00:05,  4.60it/s]
(62/65): Calibrating:  31%|███▏      | 10/32 [00:02<00:04,  4.57it/s]
(62/65): Calibrating:  34%|███▍      | 11/32 [00:02<00:04,  4.54it/s]
(62/65): Calibrating:  38%|███▊      | 12/32 [00:02<00:04,  4.53it/s]
(62/65): Calibrating:  41%|████      | 13/32 [00:02<00:04,  4.52it/s]
(62/65): Calibrating:  44%|████▍     | 14/32 [00:02<00:03,  4.52it/s]
(62/65): Calibrating:  47%|████▋     | 15/32 [00:03<00:03,  4.51it/s]
(62/65): Calibrating:  50%|█████     | 16/32 [00:03<00:03,  4.51it/s]
(62/65): Calibrating:  53%|█████▎    | 17/32 [00:03<00:03,  4.51it/s]
(62/65): Calibrating:  56%|█████▋    | 18/32 [00:03<00:03,  4.51it/s]
(62/65): Calibrating:  59%|█████▉    | 19/32 [00:04<00:02,  4.51it/s]
(62/65): Calibrating:  62%|██████▎   | 20/32 [00:04<00:02,  4.51it/s]
(62/65): Calibrating:  66%|██████▌   | 21/32 [00:04<00:02,  4.51it/s]
(62/65): Calibrating:  69%|██████▉   | 22/32 [00:04<00:02,  4.49it/s]
(62/65): Calibrating:  72%|███████▏  | 23/32 [00:04<00:02,  4.49it/s]
(62/65): Calibrating:  75%|███████▌  | 24/32 [00:05<00:01,  4.49it/s]
(62/65): Calibrating:  78%|███████▊  | 25/32 [00:05<00:01,  4.50it/s]
(62/65): Calibrating:  81%|████████▏ | 26/32 [00:05<00:01,  4.50it/s]
(62/65): Calibrating:  84%|████████▍ | 27/32 [00:05<00:01,  4.50it/s]
(62/65): Calibrating:  88%|████████▊ | 28/32 [00:06<00:00,  4.50it/s]
(62/65): Calibrating:  91%|█████████ | 29/32 [00:06<00:00,  4.50it/s]
(62/65): Calibrating:  94%|█████████▍| 30/32 [00:06<00:00,  4.50it/s]
(62/65): Calibrating:  97%|█████████▋| 31/32 [00:06<00:00,  4.49it/s]
(62/65): Calibrating: 100%|██████████| 32/32 [00:06<00:00,  4.49it/s]
(62/65): Calibrating: 100%|██████████| 32/32 [00:06<00:00,  4.61it/s]
2026-09-11T06:26:06.5753 | compress_module_list | INFO - Quantizing model.language_model.layers.60.mlp.gate_proj using 128 samples
2026-09-11T06:26:08.0770 | GPTQ | METRIC - time 1.50s
2026-09-11T06:26:08.0771 | GPTQ | METRIC - error 153581.34
2026-09-11T06:26:08.0774 | GPTQ | METRIC - Accelerator 0 | usage: 69.81% | total memory: 47.8 Gb
2026-09-11T06:26:08.0776 | GPTQ | METRIC - Accelerator 1 | usage: 61.54% | total memory: 47.8 Gb
2026-09-11T06:26:08.0862 | compress_module_list | INFO - Quantizing model.language_model.layers.60.mlp.up_proj using 128 samples
2026-09-11T06:26:09.5944 | GPTQ | METRIC - time 1.51s
2026-09-11T06:26:09.5946 | GPTQ | METRIC - error 137678.16
2026-09-11T06:26:09.5949 | GPTQ | METRIC - Accelerator 0 | usage: 69.81% | total memory: 47.8 Gb
2026-09-11T06:26:09.5951 | GPTQ | METRIC - Accelerator 1 | usage: 61.54% | total memory: 47.8 Gb
2026-09-11T06:26:09.6036 | compress_module_list | INFO - Quantizing model.language_model.layers.60.mlp.down_proj using 128 samples
2026-09-11T06:26:15.1968 | GPTQ | METRIC - time 5.59s
2026-09-11T06:26:15.1970 | GPTQ | METRIC - error 24676.69
2026-09-11T06:26:15.1973 | GPTQ | METRIC - Accelerator 0 | usage: 69.81% | total memory: 47.8 Gb
2026-09-11T06:26:15.1975 | GPTQ | METRIC - Accelerator 1 | usage: 61.54% | total memory: 47.8 Gb

(62/65): Propagating:   0%|          | 0/32 [00:00<?, ?it/s]
(62/65): Propagating:   3%|▎         | 1/32 [00:00<00:05,  5.97it/s]
(62/65): Propagating:   6%|▋         | 2/32 [00:00<00:04,  6.16it/s]
(62/65): Propagating:   9%|▉         | 3/32 [00:00<00:04,  6.19it/s]
(62/65): Propagating:  12%|█▎        | 4/32 [00:00<00:04,  6.23it/s]
(62/65): Propagating:  16%|█▌        | 5/32 [00:00<00:04,  6.24it/s]
(62/65): Propagating:  19%|█▉        | 6/32 [00:00<00:04,  6.26it/s]
(62/65): Propagating:  22%|██▏       | 7/32 [00:01<00:03,  6.28it/s]
(62/65): Propagating:  25%|██▌       | 8/32 [00:01<00:03,  6.30it/s]
(62/65): Propagating:  28%|██▊       | 9/32 [00:01<00:03,  6.31it/s]
(62/65): Propagating:  31%|███▏      | 10/32 [00:01<00:03,  6.32it/s]
(62/65): Propagating:  34%|███▍      | 11/32 [00:01<00:03,  6.32it/s]
(62/65): Propagating:  38%|███▊      | 12/32 [00:01<00:03,  6.33it/s]
(62/65): Propagating:  41%|████      | 13/32 [00:02<00:03,  6.33it/s]
(62/65): Propagating:  44%|████▍     | 14/32 [00:02<00:02,  6.33it/s]
(62/65): Propagating:  47%|████▋     | 15/32 [00:02<00:02,  6.30it/s]
(62/65): Propagating:  50%|█████     | 16/32 [00:02<00:02,  6.26it/s]
(62/65): Propagating:  53%|█████▎    | 17/32 [00:02<00:02,  6.23it/s]
(62/65): Propagating:  56%|█████▋    | 18/32 [00:02<00:02,  6.24it/s]
(62/65): Propagating:  59%|█████▉    | 19/32 [00:03<00:02,  6.26it/s]
(62/65): Propagating:  62%|██████▎   | 20/32 [00:03<00:01,  6.28it/s]
(62/65): Propagating:  66%|██████▌   | 21/32 [00:03<00:01,  6.30it/s]
(62/65): Propagating:  69%|██████▉   | 22/32 [00:03<00:01,  6.31it/s]
(62/65): Propagating:  72%|███████▏  | 23/32 [00:03<00:01,  6.31it/s]
(62/65): Propagating:  75%|███████▌  | 24/32 [00:03<00:01,  6.31it/s]
(62/65): Propagating:  78%|███████▊  | 25/32 [00:03<00:01,  6.32it/s]
(62/65): Propagating:  81%|████████▏ | 26/32 [00:04<00:00,  6.33it/s]
(62/65): Propagating:  84%|████████▍ | 27/32 [00:04<00:00,  6.33it/s]
(62/65): Propagating:  88%|████████▊ | 28/32 [00:04<00:00,  6.33it/s]
(62/65): Propagating:  91%|█████████ | 29/32 [00:04<00:00,  6.34it/s]
(62/65): Propagating:  94%|█████████▍| 30/32 [00:04<00:00,  6.33it/s]
(62/65): Propagating:  97%|█████████▋| 31/32 [00:04<00:00,  6.33it/s]
(62/65): Propagating: 100%|██████████| 32/32 [00:05<00:00,  6.33it/s]
(62/65): Propagating: 100%|██████████| 32/32 [00:05<00:00,  6.29it/s]

(63/65): Calibrating:   0%|          | 0/32 [00:00<?, ?it/s]
(63/65): Calibrating:   6%|▋         | 2/32 [00:00<00:04,  7.05it/s]
(63/65): Calibrating:   9%|▉         | 3/32 [00:00<00:05,  5.70it/s]
(63/65): Calibrating:  12%|█▎        | 4/32 [00:00<00:05,  5.18it/s]
(63/65): Calibrating:  16%|█▌        | 5/32 [00:00<00:05,  4.93it/s]
(63/65): Calibrating:  19%|█▉        | 6/32 [00:01<00:05,  4.78it/s]
(63/65): Calibrating:  22%|██▏       | 7/32 [00:01<00:05,  4.69it/s]
(63/65): Calibrating:  25%|██▌       | 8/32 [00:01<00:05,  4.63it/s]
(63/65): Calibrating:  28%|██▊       | 9/32 [00:01<00:05,  4.59it/s]
(63/65): Calibrating:  31%|███▏      | 10/32 [00:02<00:04,  4.56it/s]
(63/65): Calibrating:  34%|███▍      | 11/32 [00:02<00:04,  4.53it/s]
(63/65): Calibrating:  38%|███▊      | 12/32 [00:02<00:04,  4.52it/s]
(63/65): Calibrating:  41%|████      | 13/32 [00:02<00:04,  4.51it/s]
(63/65): Calibrating:  44%|████▍     | 14/32 [00:02<00:03,  4.51it/s]
(63/65): Calibrating:  47%|████▋     | 15/32 [00:03<00:03,  4.51it/s]
(63/65): Calibrating:  50%|█████     | 16/32 [00:03<00:03,  4.51it/s]
(63/65): Calibrating:  53%|█████▎    | 17/32 [00:03<00:03,  4.51it/s]
(63/65): Calibrating:  56%|█████▋    | 18/32 [00:03<00:03,  4.51it/s]
(63/65): Calibrating:  59%|█████▉    | 19/32 [00:04<00:02,  4.50it/s]
(63/65): Calibrating:  62%|██████▎   | 20/32 [00:04<00:02,  4.49it/s]
(63/65): Calibrating:  66%|██████▌   | 21/32 [00:04<00:02,  4.49it/s]
(63/65): Calibrating:  69%|██████▉   | 22/32 [00:04<00:02,  4.50it/s]
(63/65): Calibrating:  72%|███████▏  | 23/32 [00:04<00:02,  4.50it/s]
(63/65): Calibrating:  75%|███████▌  | 24/32 [00:05<00:01,  4.50it/s]
(63/65): Calibrating:  78%|███████▊  | 25/32 [00:05<00:01,  4.50it/s]
(63/65): Calibrating:  81%|████████▏ | 26/32 [00:05<00:01,  4.50it/s]
(63/65): Calibrating:  84%|████████▍ | 27/32 [00:05<00:01,  4.49it/s]
(63/65): Calibrating:  88%|████████▊ | 28/32 [00:06<00:00,  4.48it/s]
(63/65): Calibrating:  91%|█████████ | 29/32 [00:06<00:00,  4.49it/s]
(63/65): Calibrating:  94%|█████████▍| 30/32 [00:06<00:00,  4.49it/s]
(63/65): Calibrating:  97%|█████████▋| 31/32 [00:06<00:00,  4.49it/s]
(63/65): Calibrating: 100%|██████████| 32/32 [00:06<00:00,  4.49it/s]
(63/65): Calibrating: 100%|██████████| 32/32 [00:06<00:00,  4.60it/s]
2026-09-11T06:26:27.4374 | compress_module_list | INFO - Quantizing model.language_model.layers.61.mlp.gate_proj using 128 samples
2026-09-11T06:26:28.9318 | GPTQ | METRIC - time 1.49s
2026-09-11T06:26:28.9320 | GPTQ | METRIC - error 162233.64
2026-09-11T06:26:28.9323 | GPTQ | METRIC - Accelerator 0 | usage: 69.81% | total memory: 47.8 Gb
2026-09-11T06:26:28.9325 | GPTQ | METRIC - Accelerator 1 | usage: 61.54% | total memory: 47.8 Gb
2026-09-11T06:26:28.9411 | compress_module_list | INFO - Quantizing model.language_model.layers.61.mlp.up_proj using 128 samples
2026-09-11T06:26:30.4444 | GPTQ | METRIC - time 1.50s
2026-09-11T06:26:30.4446 | GPTQ | METRIC - error 145317.62
2026-09-11T06:26:30.4587 | GPTQ | METRIC - Accelerator 0 | usage: 69.81% | total memory: 47.8 Gb
2026-09-11T06:26:30.4589 | GPTQ | METRIC - Accelerator 1 | usage: 61.54% | total memory: 47.8 Gb
2026-09-11T06:26:30.4675 | compress_module_list | INFO - Quantizing model.language_model.layers.61.mlp.down_proj using 128 samples
2026-09-11T06:26:36.0977 | GPTQ | METRIC - time 5.63s
2026-09-11T06:26:36.0978 | GPTQ | METRIC - error 28408.87
2026-09-11T06:26:36.0981 | GPTQ | METRIC - Accelerator 0 | usage: 69.81% | total memory: 47.8 Gb
2026-09-11T06:26:36.0983 | GPTQ | METRIC - Accelerator 1 | usage: 61.54% | total memory: 47.8 Gb

(63/65): Propagating:   0%|          | 0/32 [00:00<?, ?it/s]
(63/65): Propagating:   3%|▎         | 1/32 [00:00<00:05,  5.98it/s]
(63/65): Propagating:   6%|▋         | 2/32 [00:00<00:04,  6.16it/s]
(63/65): Propagating:   9%|▉         | 3/32 [00:00<00:04,  6.23it/s]
(63/65): Propagating:  12%|█▎        | 4/32 [00:00<00:04,  6.26it/s]
(63/65): Propagating:  16%|█▌        | 5/32 [00:00<00:04,  6.28it/s]
(63/65): Propagating:  19%|█▉        | 6/32 [00:00<00:04,  6.28it/s]
(63/65): Propagating:  22%|██▏       | 7/32 [00:01<00:03,  6.29it/s]
(63/65): Propagating:  25%|██▌       | 8/32 [00:01<00:03,  6.29it/s]
(63/65): Propagating:  28%|██▊       | 9/32 [00:01<00:03,  6.31it/s]
(63/65): Propagating:  31%|███▏      | 10/32 [00:01<00:03,  6.29it/s]
(63/65): Propagating:  34%|███▍      | 11/32 [00:01<00:03,  6.24it/s]
(63/65): Propagating:  38%|███▊      | 12/32 [00:01<00:03,  6.19it/s]
(63/65): Propagating:  41%|████      | 13/32 [00:02<00:03,  6.17it/s]
(63/65): Propagating:  44%|████▍     | 14/32 [00:02<00:02,  6.19it/s]
(63/65): Propagating:  47%|████▋     | 15/32 [00:02<00:02,  6.23it/s]
(63/65): Propagating:  50%|█████     | 16/32 [00:02<00:02,  6.24it/s]
(63/65): Propagating:  53%|█████▎    | 17/32 [00:02<00:02,  6.25it/s]
(63/65): Propagating:  56%|█████▋    | 18/32 [00:02<00:02,  6.27it/s]
(63/65): Propagating:  59%|█████▉    | 19/32 [00:03<00:02,  6.27it/s]
(63/65): Propagating:  62%|██████▎   | 20/32 [00:03<00:01,  6.28it/s]
(63/65): Propagating:  66%|██████▌   | 21/32 [00:03<00:01,  6.30it/s]
(63/65): Propagating:  69%|██████▉   | 22/32 [00:03<00:01,  6.30it/s]
(63/65): Propagating:  72%|███████▏  | 23/32 [00:03<00:01,  6.31it/s]
(63/65): Propagating:  75%|███████▌  | 24/32 [00:03<00:01,  6.31it/s]
(63/65): Propagating:  78%|███████▊  | 25/32 [00:03<00:01,  6.30it/s]
(63/65): Propagating:  81%|████████▏ | 26/32 [00:04<00:00,  6.31it/s]
(63/65): Propagating:  84%|████████▍ | 27/32 [00:04<00:00,  6.31it/s]
(63/65): Propagating:  88%|████████▊ | 28/32 [00:04<00:00,  6.30it/s]
(63/65): Propagating:  91%|█████████ | 29/32 [00:04<00:00,  6.32it/s]
(63/65): Propagating:  94%|█████████▍| 30/32 [00:04<00:00,  6.32it/s]
(63/65): Propagating:  97%|█████████▋| 31/32 [00:04<00:00,  6.32it/s]
(63/65): Propagating: 100%|██████████| 32/32 [00:05<00:00,  6.32it/s]
(63/65): Propagating: 100%|██████████| 32/32 [00:05<00:00,  6.27it/s]

(64/65): Calibrating:   0%|          | 0/32 [00:00<?, ?it/s]
(64/65): Calibrating:   6%|▋         | 2/32 [00:00<00:04,  6.80it/s]
(64/65): Calibrating:   9%|▉         | 3/32 [00:00<00:05,  5.60it/s]
(64/65): Calibrating:  12%|█▎        | 4/32 [00:00<00:05,  5.11it/s]
(64/65): Calibrating:  16%|█▌        | 5/32 [00:00<00:05,  4.87it/s]
(64/65): Calibrating:  19%|█▉        | 6/32 [00:01<00:05,  4.74it/s]
(64/65): Calibrating:  22%|██▏       | 7/32 [00:01<00:05,  4.66it/s]
(64/65): Calibrating:  25%|██▌       | 8/32 [00:01<00:05,  4.60it/s]
(64/65): Calibrating:  28%|██▊       | 9/32 [00:01<00:05,  4.57it/s]
(64/65): Calibrating:  31%|███▏      | 10/32 [00:02<00:04,  4.54it/s]
(64/65): Calibrating:  34%|███▍      | 11/32 [00:02<00:04,  4.53it/s]
(64/65): Calibrating:  38%|███▊      | 12/32 [00:02<00:04,  4.51it/s]
(64/65): Calibrating:  41%|████      | 13/32 [00:02<00:04,  4.51it/s]
(64/65): Calibrating:  44%|████▍     | 14/32 [00:02<00:03,  4.50it/s]
(64/65): Calibrating:  47%|████▋     | 15/32 [00:03<00:03,  4.50it/s]
(64/65): Calibrating:  50%|█████     | 16/32 [00:03<00:03,  4.50it/s]
(64/65): Calibrating:  53%|█████▎    | 17/32 [00:03<00:03,  4.49it/s]
(64/65): Calibrating:  56%|█████▋    | 18/32 [00:03<00:03,  4.50it/s]
(64/65): Calibrating:  59%|█████▉    | 19/32 [00:04<00:02,  4.49it/s]
(64/65): Calibrating:  62%|██████▎   | 20/32 [00:04<00:02,  4.49it/s]
(64/65): Calibrating:  66%|██████▌   | 21/32 [00:04<00:02,  4.49it/s]
(64/65): Calibrating:  69%|██████▉   | 22/32 [00:04<00:02,  4.49it/s]
(64/65): Calibrating:  72%|███████▏  | 23/32 [00:04<00:02,  4.49it/s]
(64/65): Calibrating:  75%|███████▌  | 24/32 [00:05<00:01,  4.49it/s]
(64/65): Calibrating:  78%|███████▊  | 25/32 [00:05<00:01,  4.48it/s]
(64/65): Calibrating:  81%|████████▏ | 26/32 [00:05<00:01,  4.48it/s]
(64/65): Calibrating:  84%|████████▍ | 27/32 [00:05<00:01,  4.48it/s]
(64/65): Calibrating:  88%|████████▊ | 28/32 [00:06<00:00,  4.48it/s]
(64/65): Calibrating:  91%|█████████ | 29/32 [00:06<00:00,  4.48it/s]
(64/65): Calibrating:  94%|█████████▍| 30/32 [00:06<00:00,  4.48it/s]
(64/65): Calibrating:  97%|█████████▋| 31/32 [00:06<00:00,  4.48it/s]
(64/65): Calibrating: 100%|██████████| 32/32 [00:06<00:00,  4.48it/s]
(64/65): Calibrating: 100%|██████████| 32/32 [00:06<00:00,  4.58it/s]
2026-09-11T06:26:48.3808 | compress_module_list | INFO - Quantizing model.language_model.layers.62.mlp.gate_proj using 128 samples
2026-09-11T06:26:49.8795 | GPTQ | METRIC - time 1.50s
2026-09-11T06:26:49.8796 | GPTQ | METRIC - error 144835.25
2026-09-11T06:26:49.8799 | GPTQ | METRIC - Accelerator 0 | usage: 69.81% | total memory: 47.8 Gb
2026-09-11T06:26:49.8801 | GPTQ | METRIC - Accelerator 1 | usage: 61.54% | total memory: 47.8 Gb
2026-09-11T06:26:49.8887 | compress_module_list | INFO - Quantizing model.language_model.layers.62.mlp.up_proj using 128 samples
2026-09-11T06:26:51.3822 | GPTQ | METRIC - time 1.49s
2026-09-11T06:26:51.3823 | GPTQ | METRIC - error 130485.58
2026-09-11T06:26:51.3827 | GPTQ | METRIC - Accelerator 0 | usage: 69.81% | total memory: 47.8 Gb
2026-09-11T06:26:51.3829 | GPTQ | METRIC - Accelerator 1 | usage: 61.54% | total memory: 47.8 Gb
2026-09-11T06:26:51.3914 | compress_module_list | INFO - Quantizing model.language_model.layers.62.mlp.down_proj using 128 samples
2026-09-11T06:26:56.9627 | GPTQ | METRIC - time 5.57s
2026-09-11T06:26:56.9629 | GPTQ | METRIC - error 43082.89
2026-09-11T06:26:56.9632 | GPTQ | METRIC - Accelerator 0 | usage: 69.81% | total memory: 47.8 Gb
2026-09-11T06:26:56.9634 | GPTQ | METRIC - Accelerator 1 | usage: 61.54% | total memory: 47.8 Gb

(64/65): Propagating:   0%|          | 0/32 [00:00<?, ?it/s]
(64/65): Propagating:   3%|▎         | 1/32 [00:00<00:05,  6.00it/s]
(64/65): Propagating:   6%|▋         | 2/32 [00:00<00:04,  6.18it/s]
(64/65): Propagating:   9%|▉         | 3/32 [00:00<00:04,  6.23it/s]
(64/65): Propagating:  12%|█▎        | 4/32 [00:00<00:04,  6.27it/s]
(64/65): Propagating:  16%|█▌        | 5/32 [00:00<00:04,  6.29it/s]
(64/65): Propagating:  19%|█▉        | 6/32 [00:00<00:04,  6.29it/s]
(64/65): Propagating:  22%|██▏       | 7/32 [00:01<00:03,  6.29it/s]
(64/65): Propagating:  25%|██▌       | 8/32 [00:01<00:03,  6.29it/s]
(64/65): Propagating:  28%|██▊       | 9/32 [00:01<00:03,  6.29it/s]
(64/65): Propagating:  31%|███▏      | 10/32 [00:01<00:03,  6.30it/s]
(64/65): Propagating:  34%|███▍      | 11/32 [00:01<00:03,  6.31it/s]
(64/65): Propagating:  38%|███▊      | 12/32 [00:01<00:03,  6.31it/s]
(64/65): Propagating:  41%|████      | 13/32 [00:02<00:03,  6.30it/s]
(64/65): Propagating:  44%|████▍     | 14/32 [00:02<00:02,  6.30it/s]
(64/65): Propagating:  47%|████▋     | 15/32 [00:02<00:02,  6.31it/s]
(64/65): Propagating:  50%|█████     | 16/32 [00:02<00:02,  6.31it/s]
(64/65): Propagating:  53%|█████▎    | 17/32 [00:02<00:02,  6.32it/s]
(64/65): Propagating:  56%|█████▋    | 18/32 [00:02<00:02,  6.32it/s]
(64/65): Propagating:  59%|█████▉    | 19/32 [00:03<00:02,  6.32it/s]
(64/65): Propagating:  62%|██████▎   | 20/32 [00:03<00:01,  6.31it/s]
(64/65): Propagating:  66%|██████▌   | 21/32 [00:03<00:01,  6.30it/s]
(64/65): Propagating:  69%|██████▉   | 22/32 [00:03<00:01,  6.30it/s]
(64/65): Propagating:  72%|███████▏  | 23/32 [00:03<00:01,  6.31it/s]
(64/65): Propagating:  75%|███████▌  | 24/32 [00:03<00:01,  6.31it/s]
(64/65): Propagating:  78%|███████▊  | 25/32 [00:03<00:01,  6.32it/s]
(64/65): Propagating:  81%|████████▏ | 26/32 [00:04<00:00,  6.31it/s]
(64/65): Propagating:  84%|████████▍ | 27/32 [00:04<00:00,  6.32it/s]
(64/65): Propagating:  88%|████████▊ | 28/32 [00:04<00:00,  6.32it/s]
(64/65): Propagating:  91%|█████████ | 29/32 [00:04<00:00,  6.31it/s]
(64/65): Propagating:  94%|█████████▍| 30/32 [00:04<00:00,  6.32it/s]
(64/65): Propagating:  97%|█████████▋| 31/32 [00:04<00:00,  6.32it/s]
(64/65): Propagating: 100%|██████████| 32/32 [00:05<00:00,  6.32it/s]
(64/65): Propagating: 100%|██████████| 32/32 [00:05<00:00,  6.30it/s]

(65/65): Calibrating:   0%|          | 0/32 [00:00<?, ?it/s]
(65/65): Calibrating:   6%|▋         | 2/32 [00:00<00:04,  7.00it/s]
(65/65): Calibrating:   9%|▉         | 3/32 [00:00<00:05,  5.47it/s]
(65/65): Calibrating:  12%|█▎        | 4/32 [00:00<00:05,  4.91it/s]
(65/65): Calibrating:  16%|█▌        | 5/32 [00:01<00:05,  4.63it/s]
(65/65): Calibrating:  19%|█▉        | 6/32 [00:01<00:05,  4.47it/s]
(65/65): Calibrating:  22%|██▏       | 7/32 [00:01<00:05,  4.38it/s]
(65/65): Calibrating:  25%|██▌       | 8/32 [00:01<00:05,  4.31it/s]
(65/65): Calibrating:  28%|██▊       | 9/32 [00:01<00:05,  4.27it/s]
(65/65): Calibrating:  31%|███▏      | 10/32 [00:02<00:05,  4.24it/s]
(65/65): Calibrating:  34%|███▍      | 11/32 [00:02<00:04,  4.22it/s]
(65/65): Calibrating:  38%|███▊      | 12/32 [00:02<00:04,  4.21it/s]
(65/65): Calibrating:  41%|████      | 13/32 [00:02<00:04,  4.21it/s]
(65/65): Calibrating:  44%|████▍     | 14/32 [00:03<00:04,  4.20it/s]
(65/65): Calibrating:  47%|████▋     | 15/32 [00:03<00:04,  4.20it/s]
(65/65): Calibrating:  50%|█████     | 16/32 [00:03<00:03,  4.20it/s]
(65/65): Calibrating:  53%|█████▎    | 17/32 [00:03<00:03,  4.20it/s]
(65/65): Calibrating:  56%|█████▋    | 18/32 [00:04<00:03,  4.19it/s]
(65/65): Calibrating:  59%|█████▉    | 19/32 [00:04<00:03,  4.19it/s]
(65/65): Calibrating:  62%|██████▎   | 20/32 [00:04<00:02,  4.19it/s]
(65/65): Calibrating:  66%|██████▌   | 21/32 [00:04<00:02,  4.18it/s]
(65/65): Calibrating:  69%|██████▉   | 22/32 [00:05<00:02,  4.17it/s]
(65/65): Calibrating:  72%|███████▏  | 23/32 [00:05<00:02,  4.17it/s]
(65/65): Calibrating:  75%|███████▌  | 24/32 [00:05<00:01,  4.18it/s]
(65/65): Calibrating:  78%|███████▊  | 25/32 [00:05<00:01,  4.18it/s]
(65/65): Calibrating:  81%|████████▏ | 26/32 [00:06<00:01,  4.18it/s]
(65/65): Calibrating:  84%|████████▍ | 27/32 [00:06<00:01,  4.18it/s]
(65/65): Calibrating:  88%|████████▊ | 28/32 [00:06<00:00,  4.18it/s]
(65/65): Calibrating:  91%|█████████ | 29/32 [00:06<00:00,  4.17it/s]
(65/65): Calibrating:  94%|█████████▍| 30/32 [00:06<00:00,  4.17it/s]
(65/65): Calibrating:  97%|█████████▋| 31/32 [00:07<00:00,  4.17it/s]
(65/65): Calibrating: 100%|██████████| 32/32 [00:07<00:00,  4.17it/s]
(65/65): Calibrating: 100%|██████████| 32/32 [00:07<00:00,  4.29it/s]
2026-09-11T06:27:09.7342 | compress_module_list | INFO - Quantizing model.language_model.layers.63.self_attn.q_proj using 128 samples
2026-09-11T06:27:11.2172 | GPTQ | METRIC - time 1.48s
2026-09-11T06:27:11.2174 | GPTQ | METRIC - error 107499.77
2026-09-11T06:27:11.2177 | GPTQ | METRIC - Accelerator 0 | usage: 69.81% | total memory: 47.8 Gb
2026-09-11T06:27:11.2179 | GPTQ | METRIC - Accelerator 1 | usage: 61.54% | total memory: 47.8 Gb
2026-09-11T06:27:11.2240 | compress_module_list | INFO - Quantizing model.language_model.layers.63.self_attn.k_proj using 128 samples
2026-09-11T06:27:12.7095 | GPTQ | METRIC - time 1.49s
2026-09-11T06:27:12.7097 | GPTQ | METRIC - error 15108.44
2026-09-11T06:27:12.7100 | GPTQ | METRIC - Accelerator 0 | usage: 69.81% | total memory: 47.8 Gb
2026-09-11T06:27:12.7102 | GPTQ | METRIC - Accelerator 1 | usage: 61.54% | total memory: 47.8 Gb
2026-09-11T06:27:12.7108 | compress_module_list | INFO - Quantizing model.language_model.layers.63.self_attn.v_proj using 128 samples
2026-09-11T06:27:14.1415 | GPTQ | METRIC - time 1.43s
2026-09-11T06:27:14.1417 | GPTQ | METRIC - error 44841.06
2026-09-11T06:27:14.1420 | GPTQ | METRIC - Accelerator 0 | usage: 69.81% | total memory: 47.8 Gb
2026-09-11T06:27:14.1422 | GPTQ | METRIC - Accelerator 1 | usage: 61.54% | total memory: 47.8 Gb
2026-09-11T06:27:14.1428 | compress_module_list | INFO - Quantizing model.language_model.layers.63.self_attn.o_proj using 128 samples
2026-09-11T06:27:15.8975 | GPTQ | METRIC - time 1.75s
2026-09-11T06:27:15.8977 | GPTQ | METRIC - error 33669.84
2026-09-11T06:27:15.8980 | GPTQ | METRIC - Accelerator 0 | usage: 69.81% | total memory: 47.8 Gb
2026-09-11T06:27:15.8982 | GPTQ | METRIC - Accelerator 1 | usage: 61.54% | total memory: 47.8 Gb
2026-09-11T06:27:15.9012 | compress_module_list | INFO - Quantizing model.language_model.layers.63.mlp.gate_proj using 128 samples
2026-09-11T06:27:17.3947 | GPTQ | METRIC - time 1.49s
2026-09-11T06:27:17.3948 | GPTQ | METRIC - error 123684.09
2026-09-11T06:27:17.3959 | GPTQ | METRIC - Accelerator 0 | usage: 69.81% | total memory: 47.8 Gb
2026-09-11T06:27:17.3960 | GPTQ | METRIC - Accelerator 1 | usage: 61.54% | total memory: 47.8 Gb
2026-09-11T06:27:17.4046 | compress_module_list | INFO - Quantizing model.language_model.layers.63.mlp.up_proj using 128 samples
2026-09-11T06:27:18.8999 | GPTQ | METRIC - time 1.50s
2026-09-11T06:27:18.9001 | GPTQ | METRIC - error 107350.50
2026-09-11T06:27:18.9004 | GPTQ | METRIC - Accelerator 0 | usage: 69.81% | total memory: 47.8 Gb
2026-09-11T06:27:18.9006 | GPTQ | METRIC - Accelerator 1 | usage: 61.54% | total memory: 47.8 Gb
2026-09-11T06:27:18.9091 | compress_module_list | INFO - Quantizing model.language_model.layers.63.mlp.down_proj using 128 samples
2026-09-11T06:27:24.4733 | GPTQ | METRIC - time 5.56s
2026-09-11T06:27:24.4735 | GPTQ | METRIC - error 92659.53
2026-09-11T06:27:24.4738 | GPTQ | METRIC - Accelerator 0 | usage: 69.81% | total memory: 47.8 Gb
2026-09-11T06:27:24.4740 | GPTQ | METRIC - Accelerator 1 | usage: 61.54% | total memory: 47.8 Gb

(65/65): Propagating:   0%|          | 0/32 [00:00<?, ?it/s]
(65/65): Propagating:   6%|▋         | 2/32 [00:00<00:01, 19.09it/s]
(65/65): Propagating:  12%|█▎        | 4/32 [00:00<00:02, 13.79it/s]
(65/65): Propagating:  19%|█▉        | 6/32 [00:00<00:02, 12.68it/s]
(65/65): Propagating:  25%|██▌       | 8/32 [00:00<00:01, 12.25it/s]
(65/65): Propagating:  31%|███▏      | 10/32 [00:00<00:01, 12.00it/s]
(65/65): Propagating:  38%|███▊      | 12/32 [00:00<00:01, 11.70it/s]
(65/65): Propagating:  44%|████▍     | 14/32 [00:01<00:01, 11.42it/s]
(65/65): Propagating:  50%|█████     | 16/32 [00:01<00:01, 11.45it/s]
(65/65): Propagating:  56%|█████▋    | 18/32 [00:01<00:01, 11.51it/s]
(65/65): Propagating:  62%|██████▎   | 20/32 [00:01<00:01, 11.54it/s]
(65/65): Propagating:  69%|██████▉   | 22/32 [00:01<00:00, 11.55it/s]
(65/65): Propagating:  75%|███████▌  | 24/32 [00:02<00:00, 11.56it/s]
(65/65): Propagating:  81%|████████▏ | 26/32 [00:02<00:00, 11.58it/s]
(65/65): Propagating:  88%|████████▊ | 28/32 [00:02<00:00, 11.60it/s]
(65/65): Propagating:  94%|█████████▍| 30/32 [00:02<00:00, 11.60it/s]
(65/65): Propagating: 100%|██████████| 32/32 [00:02<00:00, 11.60it/s]
(65/65): Propagating: 100%|██████████| 32/32 [00:02<00:00, 11.81it/s]
2026-09-11T06:27:27.3183 | norm_calibration_context | INFO - Restoring 161 norm modules to offset convention
2026-09-11T06:27:27.3295 | finalize | INFO - Compression lifecycle finalized for 1 modifiers

Compressing model:   0%|          | 0/256 [00:00<?, ?it/s]
Compressing model:   5%|▌         | 13/256 [00:00<00:01, 128.67it/s]
Compressing model:  12%|█▎        | 32/256 [00:00<00:01, 159.03it/s]
Compressing model:  20%|█▉        | 51/256 [00:00<00:01, 168.39it/s]
Compressing model:  27%|██▋       | 70/256 [00:00<00:01, 172.79it/s]
Compressing model:  35%|███▍      | 89/256 [00:00<00:00, 175.25it/s]
Compressing model:  43%|████▎     | 110/256 [00:00<00:00, 186.15it/s]
Compressing model:  50%|█████     | 129/256 [00:00<00:00, 135.98it/s]
Compressing model:  57%|█████▋    | 145/256 [00:01<00:01, 109.61it/s]
Compressing model:  62%|██████▏   | 158/256 [00:01<00:00, 99.27it/s] 
Compressing model:  66%|██████▋   | 170/256 [00:01<00:00, 86.45it/s]
Compressing model:  70%|███████   | 180/256 [00:01<00:00, 85.02it/s]
Compressing model:  74%|███████▍  | 190/256 [00:01<00:00, 84.70it/s]
Compressing model:  78%|███████▊  | 199/256 [00:01<00:00, 77.24it/s]
Compressing model:  81%|████████▏ | 208/256 [00:01<00:00, 79.63it/s]
Compressing model:  85%|████████▍ | 217/256 [00:02<00:00, 73.37it/s]
Compressing model:  88%|████████▊ | 226/256 [00:02<00:00, 76.81it/s]
Compressing model:  91%|█████████▏| 234/256 [00:02<00:00, 72.55it/s]
Compressing model:  95%|█████████▍| 243/256 [00:02<00:00, 75.49it/s]
Compressing model:  98%|█████████▊| 251/256 [00:02<00:00, 74.25it/s]
Compressing model: 100%|██████████| 256/256 [00:02<00:00, 99.28it/s]
<lc-venv>/lib/python3.12/site-packages/transformers/modeling_utils.py:3574: UserWarning: Attempting to save a model with offloaded modules. Ensure that unallocated cpu memory exceeds the `shard_size` (50GB default)
  warnings.warn(

Writing model shards:   0%|          | 0/6 [00:00<?, ?it/s]
Writing model shards:  17%|█▋        | 1/6 [00:04<00:22,  4.45s/it]
Writing model shards:  33%|███▎      | 2/6 [00:08<00:17,  4.46s/it]
Writing model shards:  50%|█████     | 3/6 [00:13<00:13,  4.49s/it]
Writing model shards:  67%|██████▋   | 4/6 [00:18<00:09,  4.54s/it]
Writing model shards:  83%|████████▎ | 5/6 [00:22<00:04,  4.35s/it]
Writing model shards: 100%|██████████| 6/6 [00:24<00:00,  3.67s/it]
Writing model shards: 100%|██████████| 6/6 [00:24<00:00,  4.07s/it]

Dispatching model:   0%|          | 0/1345 [00:00<?, ?it/s]
Dispatching model:  80%|███████▉  | 1074/1345 [00:00<00:00, 10506.87it/s]
Dispatching model: 100%|██████████| 1345/1345 [00:00<00:00, 3951.20it/s] 
CALIB_DONE 1470.8158900737762
