transformers: 5.14.1
[transformers] The fast path is not available because one of the required library is not installed. Falling back to torch implementation. To install follow https://github.com/fla-org/flash-linear-attention#installation and https://github.com/Dao-AILab/causal-conv1d

Loading weights:   0%|          | 0/1184 [00:00<?, ?it/s]
Loading weights:   0%|          | 1/1184 [00:00<05:28,  3.60it/s]
Loading weights:   1%|          | 13/1184 [00:00<00:27, 41.98it/s]
Loading weights:   2%|▏         | 28/1184 [00:00<00:16, 70.14it/s]
Loading weights:   3%|▎         | 41/1184 [00:00<00:14, 80.21it/s]
Loading weights:   4%|▍         | 51/1184 [00:00<00:14, 79.59it/s]
Loading weights:   6%|▌         | 67/1184 [00:00<00:11, 96.51it/s]
Loading weights:   7%|▋         | 81/1184 [00:01<00:10, 101.99it/s]
Loading weights:   8%|▊         | 99/1184 [00:01<00:09, 116.12it/s]
Loading weights:  10%|▉         | 113/1184 [00:01<00:08, 121.72it/s]
Loading weights:  11%|█         | 126/1184 [00:01<00:08, 121.14it/s]
Loading weights:  12%|█▏        | 139/1184 [00:01<00:09, 110.87it/s]
Loading weights:  13%|█▎        | 151/1184 [00:01<00:09, 104.05it/s]
Loading weights:  14%|█▎        | 162/1184 [00:01<00:10, 100.41it/s]
Loading weights:  15%|█▍        | 173/1184 [00:01<00:10, 94.52it/s] 
Loading weights:  16%|█▌        | 188/1184 [00:02<00:09, 101.52it/s]
Loading weights:  17%|█▋        | 201/1184 [00:02<00:09, 101.17it/s]
Loading weights:  18%|█▊        | 212/1184 [00:02<00:09, 97.56it/s] 
Loading weights:  19%|█▉        | 226/1184 [00:02<00:08, 107.97it/s]
Loading weights:  20%|██        | 239/1184 [00:02<00:08, 113.25it/s]
Loading weights:  21%|██▏       | 252/1184 [00:02<00:08, 114.58it/s]
Loading weights:  22%|██▏       | 264/1184 [00:02<00:10, 89.30it/s] 
Loading weights:  24%|██▎       | 279/1184 [00:02<00:09, 96.27it/s]
Loading weights:  25%|██▍       | 293/1184 [00:03<00:08, 100.30it/s]
Loading weights:  26%|██▌       | 306/1184 [00:03<00:08, 106.18it/s]
Loading weights:  27%|██▋       | 318/1184 [00:03<00:08, 97.39it/s] 
Loading weights:  28%|██▊       | 333/1184 [00:03<00:08, 105.62it/s]
Loading weights:  30%|██▉       | 353/1184 [00:03<00:06, 125.25it/s]
Loading weights:  31%|███       | 366/1184 [00:03<00:07, 112.07it/s]
Loading weights:  32%|███▏      | 384/1184 [00:03<00:06, 128.25it/s]
Loading weights:  34%|███▍      | 408/1184 [00:03<00:05, 147.33it/s]
Loading weights:  36%|███▌      | 424/1184 [00:04<00:06, 116.37it/s]
Loading weights:  37%|███▋      | 439/1184 [00:04<00:06, 117.30it/s]
Loading weights:  38%|███▊      | 452/1184 [00:04<00:06, 111.30it/s]
Loading weights:  39%|███▉      | 466/1184 [00:04<00:06, 116.91it/s]
Loading weights:  40%|████      | 479/1184 [00:04<00:06, 105.80it/s]
Loading weights:  41%|████▏     | 491/1184 [00:04<00:06, 102.01it/s]
Loading weights:  43%|████▎     | 506/1184 [00:04<00:06, 112.29it/s]
Loading weights:  44%|████▍     | 523/1184 [00:04<00:05, 120.94it/s]
Loading weights:  46%|████▌     | 540/1184 [00:05<00:04, 130.77it/s]
Loading weights:  47%|████▋     | 554/1184 [00:05<00:05, 124.36it/s]
Loading weights:  48%|████▊     | 567/1184 [00:05<00:05, 117.74it/s]
Loading weights:  49%|████▉     | 579/1184 [00:05<00:06, 96.82it/s] 
Loading weights:  50%|█████     | 596/1184 [00:05<00:05, 111.31it/s]
Loading weights:  51%|█████▏    | 609/1184 [00:05<00:04, 115.12it/s]
Loading weights:  53%|█████▎    | 622/1184 [00:05<00:04, 114.58it/s]
Loading weights:  54%|█████▎    | 634/1184 [00:06<00:05, 94.43it/s] 
Loading weights:  55%|█████▍    | 650/1184 [00:06<00:05, 97.07it/s]
Loading weights:  56%|█████▌    | 664/1184 [00:06<00:05, 100.25it/s]
Loading weights:  57%|█████▋    | 679/1184 [00:06<00:04, 105.07it/s]
Loading weights:  58%|█████▊    | 690/1184 [00:06<00:04, 106.01it/s]
Loading weights:  59%|█████▉    | 703/1184 [00:06<00:04, 110.77it/s]
Loading weights:  61%|██████    | 718/1184 [00:06<00:04, 112.49it/s]
Loading weights:  62%|██████▏   | 732/1184 [00:06<00:04, 110.80it/s]
Loading weights:  63%|██████▎   | 744/1184 [00:07<00:04, 106.78it/s]
Loading weights:  64%|██████▍   | 757/1184 [00:07<00:04, 104.84it/s]
Loading weights:  65%|██████▌   | 771/1184 [00:07<00:03, 105.56it/s]
Loading weights:  66%|██████▌   | 784/1184 [00:07<00:03, 104.23it/s]
Loading weights:  67%|██████▋   | 796/1184 [00:07<00:03, 105.98it/s]
Loading weights:  68%|██████▊   | 810/1184 [00:07<00:03, 108.22it/s]
Loading weights:  70%|██████▉   | 824/1184 [00:07<00:03, 109.81it/s]
Loading weights:  71%|███████   | 837/1184 [00:07<00:03, 114.82it/s]
Loading weights:  72%|███████▏  | 849/1184 [00:08<00:03, 102.41it/s]
Loading weights:  87%|████████▋ | 1035/1184 [00:08<00:00, 544.56it/s]
Loading weights: 100%|██████████| 1184/1184 [00:08<00:00, 143.65it/s]
loaded via AutoModelForImageTextToText 13.577138185501099
model+tokenizer ready 14.18309998512268
Warning: You are sending unauthenticated requests to the HF Hub. Please set a HF_TOKEN to enable higher rate limits and faster downloads.
dataset rows: 207865 18.231350660324097
tokenized 128 rows, len range: 406 - 2048
dataloader ready: 32 batches 18.64800214767456
recipe ready 19.724757432937622
2026-09-06T10:11:58.4005 | __init__ | WARNING - Disabling tokenizer parallelism due to threading conflict between FastTokenizer and Datasets. Set TOKENIZERS_PARALLELISM=false to suppress this warning.

Dispatching model:   0%|          | 0/1345 [00:00<?, ?it/s]
Dispatching model: 100%|██████████| 1345/1345 [00:00<00:00, 38503.49it/s]
2026-09-06T10:11:58.4578 | reset | INFO - Compression lifecycle reset
2026-09-06T10:11:58.4872 | norm_calibration_context | INFO - Found 161 offset-norm modules to convert
2026-09-06T10:11:58.5909 | from_modifiers | INFO - Creating recipe from modifiers

Applying quantization config:   0%|          | 0/606 [00:00<?, ?it/s]
Applying quantization config: 100%|██████████| 606/606 [00:00<00:00, 9532.62it/s]
2026-09-06T10:11:58.7036 | initialize | INFO - Compression lifecycle initialized for 1 modifiers
2026-09-06T10:11:58.7038 | IndependentPipeline | INFO - Inferred `SequentialPipeline` for `QuantizationModifier`
W0906 10:11:58.784000 3751863 lc-env/lib/python3.12/site-packages/torch/fx/_symbolic_trace.py:56] is_fx_tracing will return true for both fx.symbolic_trace and torch.export. Please use is_fx_tracing_symbolic_tracing() for specifically fx.symbolic_trace or torch.compiler.is_compiling() for specifically torch.export/compile.
2026-09-06T10:11:58.8216 | trace_subgraphs | WARNING - Expected 91 subgraphs, but only traced 65. This is likely due to having wrapped code which calls sequential targets

Preparing cache:   0%|          | 0/32 [00:00<?, ?it/s]
Preparing cache: 100%|██████████| 32/32 [00:00<00:00, 1125.35it/s]

(1/65): Calibrating:   0%|          | 0/32 [00:00<?, ?it/s]
(1/65): Calibrating:   3%|▎         | 1/32 [00:00<00:20,  1.48it/s]
(1/65): Calibrating: 100%|██████████| 32/32 [00:00<00:00, 45.37it/s]

(1/65): Propagating:   0%|          | 0/32 [00:00<?, ?it/s]
(1/65): Propagating:   6%|▋         | 2/32 [00:00<00:01, 17.22it/s]
(1/65): Propagating:  12%|█▎        | 4/32 [00:00<00:01, 17.43it/s]
(1/65): Propagating:  19%|█▉        | 6/32 [00:00<00:01, 17.55it/s]
(1/65): Propagating:  25%|██▌       | 8/32 [00:00<00:01, 17.54it/s]
(1/65): Propagating:  31%|███▏      | 10/32 [00:00<00:01, 17.62it/s]
(1/65): Propagating:  38%|███▊      | 12/32 [00:00<00:01, 17.62it/s]
(1/65): Propagating:  44%|████▍     | 14/32 [00:00<00:01, 17.61it/s]
(1/65): Propagating:  50%|█████     | 16/32 [00:00<00:00, 17.71it/s]
(1/65): Propagating:  56%|█████▋    | 18/32 [00:01<00:00, 17.77it/s]
(1/65): Propagating:  62%|██████▎   | 20/32 [00:01<00:00, 17.81it/s]
(1/65): Propagating:  69%|██████▉   | 22/32 [00:01<00:00, 17.85it/s]
(1/65): Propagating:  75%|███████▌  | 24/32 [00:01<00:00, 17.88it/s]
(1/65): Propagating:  81%|████████▏ | 26/32 [00:01<00:00, 17.90it/s]
(1/65): Propagating:  88%|████████▊ | 28/32 [00:01<00:00, 17.87it/s]
(1/65): Propagating:  94%|█████████▍| 30/32 [00:01<00:00, 17.79it/s]
(1/65): Propagating: 100%|██████████| 32/32 [00:01<00:00, 17.64it/s]
(1/65): Propagating: 100%|██████████| 32/32 [00:01<00:00, 17.70it/s]

(2/65): Calibrating:   0%|          | 0/32 [00:00<?, ?it/s]
(2/65): Calibrating:   3%|▎         | 1/32 [00:00<00:09,  3.16it/s]
(2/65): Calibrating:   9%|▉         | 3/32 [00:00<00:04,  6.55it/s]
(2/65): Calibrating:  12%|█▎        | 4/32 [00:00<00:03,  7.24it/s]
(2/65): Calibrating:  16%|█▌        | 5/32 [00:00<00:03,  7.76it/s]
(2/65): Calibrating:  19%|█▉        | 6/32 [00:00<00:03,  8.14it/s]
(2/65): Calibrating:  22%|██▏       | 7/32 [00:00<00:02,  8.42it/s]
(2/65): Calibrating:  25%|██▌       | 8/32 [00:01<00:02,  8.61it/s]
(2/65): Calibrating:  28%|██▊       | 9/32 [00:01<00:02,  8.74it/s]
(2/65): Calibrating:  31%|███▏      | 10/32 [00:01<00:02,  8.84it/s]
(2/65): Calibrating:  34%|███▍      | 11/32 [00:01<00:02,  8.91it/s]
(2/65): Calibrating:  38%|███▊      | 12/32 [00:01<00:02,  8.96it/s]
(2/65): Calibrating:  41%|████      | 13/32 [00:01<00:02,  9.00it/s]
(2/65): Calibrating:  44%|████▍     | 14/32 [00:01<00:01,  9.02it/s]
(2/65): Calibrating:  47%|████▋     | 15/32 [00:01<00:01,  9.03it/s]
(2/65): Calibrating:  50%|█████     | 16/32 [00:01<00:01,  9.04it/s]
(2/65): Calibrating:  53%|█████▎    | 17/32 [00:02<00:01,  9.05it/s]
(2/65): Calibrating:  56%|█████▋    | 18/32 [00:02<00:01,  9.06it/s]
(2/65): Calibrating:  59%|█████▉    | 19/32 [00:02<00:01,  9.06it/s]
(2/65): Calibrating:  62%|██████▎   | 20/32 [00:02<00:01,  9.07it/s]
(2/65): Calibrating:  66%|██████▌   | 21/32 [00:02<00:01,  9.06it/s]
(2/65): Calibrating:  69%|██████▉   | 22/32 [00:02<00:01,  9.07it/s]
(2/65): Calibrating:  72%|███████▏  | 23/32 [00:02<00:00,  9.06it/s]
(2/65): Calibrating:  75%|███████▌  | 24/32 [00:02<00:00,  9.07it/s]
(2/65): Calibrating:  78%|███████▊  | 25/32 [00:02<00:00,  9.06it/s]
(2/65): Calibrating:  81%|████████▏ | 26/32 [00:03<00:00,  9.06it/s]
(2/65): Calibrating:  84%|████████▍ | 27/32 [00:03<00:00,  9.05it/s]
(2/65): Calibrating:  88%|████████▊ | 28/32 [00:03<00:00,  9.06it/s]
(2/65): Calibrating:  91%|█████████ | 29/32 [00:03<00:00,  9.05it/s]
(2/65): Calibrating:  94%|█████████▍| 30/32 [00:03<00:00,  9.06it/s]
(2/65): Calibrating:  97%|█████████▋| 31/32 [00:03<00:00,  9.06it/s]
(2/65): Calibrating: 100%|██████████| 32/32 [00:03<00:00,  9.06it/s]
(2/65): Calibrating: 100%|██████████| 32/32 [00:03<00:00,  8.63it/s]

(2/65): Propagating:   0%|          | 0/32 [00:00<?, ?it/s]
(2/65): Propagating:   3%|▎         | 1/32 [00:00<00:04,  6.40it/s]
(2/65): Propagating:   6%|▋         | 2/32 [00:00<00:04,  6.37it/s]
(2/65): Propagating:   9%|▉         | 3/32 [00:00<00:04,  6.36it/s]
(2/65): Propagating:  12%|█▎        | 4/32 [00:00<00:04,  6.36it/s]
(2/65): Propagating:  16%|█▌        | 5/32 [00:00<00:04,  6.38it/s]
(2/65): Propagating:  19%|█▉        | 6/32 [00:00<00:04,  6.39it/s]
(2/65): Propagating:  22%|██▏       | 7/32 [00:01<00:03,  6.39it/s]
(2/65): Propagating:  25%|██▌       | 8/32 [00:01<00:03,  6.39it/s]
(2/65): Propagating:  28%|██▊       | 9/32 [00:01<00:03,  6.39it/s]
(2/65): Propagating:  31%|███▏      | 10/32 [00:01<00:03,  6.39it/s]
(2/65): Propagating:  34%|███▍      | 11/32 [00:01<00:03,  6.39it/s]
(2/65): Propagating:  38%|███▊      | 12/32 [00:01<00:03,  6.40it/s]
(2/65): Propagating:  41%|████      | 13/32 [00:02<00:02,  6.41it/s]
(2/65): Propagating:  44%|████▍     | 14/32 [00:02<00:02,  6.41it/s]
(2/65): Propagating:  47%|████▋     | 15/32 [00:02<00:02,  6.41it/s]
(2/65): Propagating:  50%|█████     | 16/32 [00:02<00:02,  6.42it/s]
(2/65): Propagating:  53%|█████▎    | 17/32 [00:02<00:02,  6.42it/s]
(2/65): Propagating:  56%|█████▋    | 18/32 [00:02<00:02,  6.42it/s]
(2/65): Propagating:  59%|█████▉    | 19/32 [00:02<00:02,  6.42it/s]
(2/65): Propagating:  62%|██████▎   | 20/32 [00:03<00:01,  6.41it/s]
(2/65): Propagating:  66%|██████▌   | 21/32 [00:03<00:01,  6.42it/s]
(2/65): Propagating:  69%|██████▉   | 22/32 [00:03<00:01,  6.42it/s]
(2/65): Propagating:  72%|███████▏  | 23/32 [00:03<00:01,  6.41it/s]
(2/65): Propagating:  75%|███████▌  | 24/32 [00:03<00:01,  6.42it/s]
(2/65): Propagating:  78%|███████▊  | 25/32 [00:03<00:01,  6.41it/s]
(2/65): Propagating:  81%|████████▏ | 26/32 [00:04<00:00,  6.42it/s]
(2/65): Propagating:  84%|████████▍ | 27/32 [00:04<00:00,  6.42it/s]
(2/65): Propagating:  88%|████████▊ | 28/32 [00:04<00:00,  6.42it/s]
(2/65): Propagating:  91%|█████████ | 29/32 [00:04<00:00,  6.41it/s]
(2/65): Propagating:  94%|█████████▍| 30/32 [00:04<00:00,  6.42it/s]
(2/65): Propagating:  97%|█████████▋| 31/32 [00:04<00:00,  6.42it/s]
(2/65): Propagating: 100%|██████████| 32/32 [00:04<00:00,  6.43it/s]
(2/65): Propagating: 100%|██████████| 32/32 [00:04<00:00,  6.41it/s]

(3/65): Calibrating:   0%|          | 0/32 [00:00<?, ?it/s]
(3/65): Calibrating:   6%|▋         | 2/32 [00:00<00:01, 15.06it/s]
(3/65): Calibrating:  12%|█▎        | 4/32 [00:00<00:02, 10.85it/s]
(3/65): Calibrating:  19%|█▉        | 6/32 [00:00<00:02,  9.96it/s]
(3/65): Calibrating:  25%|██▌       | 8/32 [00:00<00:02,  9.59it/s]
(3/65): Calibrating:  28%|██▊       | 9/32 [00:00<00:02,  9.47it/s]
(3/65): Calibrating:  31%|███▏      | 10/32 [00:01<00:02,  9.37it/s]
(3/65): Calibrating:  34%|███▍      | 11/32 [00:01<00:02,  9.30it/s]
(3/65): Calibrating:  38%|███▊      | 12/32 [00:01<00:02,  9.24it/s]
(3/65): Calibrating:  41%|████      | 13/32 [00:01<00:02,  9.19it/s]
(3/65): Calibrating:  44%|████▍     | 14/32 [00:01<00:01,  9.16it/s]
(3/65): Calibrating:  47%|████▋     | 15/32 [00:01<00:01,  9.13it/s]
(3/65): Calibrating:  50%|█████     | 16/32 [00:01<00:01,  9.11it/s]
(3/65): Calibrating:  53%|█████▎    | 17/32 [00:01<00:01,  9.10it/s]
(3/65): Calibrating:  56%|█████▋    | 18/32 [00:01<00:01,  9.09it/s]
(3/65): Calibrating:  59%|█████▉    | 19/32 [00:02<00:01,  8.86it/s]
(3/65): Calibrating:  62%|██████▎   | 20/32 [00:02<00:01,  8.83it/s]
(3/65): Calibrating:  66%|██████▌   | 21/32 [00:02<00:01,  8.84it/s]
(3/65): Calibrating:  69%|██████▉   | 22/32 [00:02<00:01,  8.79it/s]
(3/65): Calibrating:  72%|███████▏  | 23/32 [00:02<00:01,  8.78it/s]
(3/65): Calibrating:  75%|███████▌  | 24/32 [00:02<00:00,  8.82it/s]
(3/65): Calibrating:  78%|███████▊  | 25/32 [00:02<00:00,  8.79it/s]
(3/65): Calibrating:  81%|████████▏ | 26/32 [00:02<00:00,  8.66it/s]
(3/65): Calibrating:  84%|████████▍ | 27/32 [00:02<00:00,  8.34it/s]
(3/65): Calibrating:  88%|████████▊ | 28/32 [00:03<00:00,  8.48it/s]
(3/65): Calibrating:  91%|█████████ | 29/32 [00:03<00:00,  8.51it/s]
(3/65): Calibrating:  94%|█████████▍| 30/32 [00:03<00:00,  8.53it/s]
(3/65): Calibrating:  97%|█████████▋| 31/32 [00:03<00:00,  8.44it/s]
(3/65): Calibrating: 100%|██████████| 32/32 [00:03<00:00,  8.31it/s]
(3/65): Calibrating: 100%|██████████| 32/32 [00:03<00:00,  9.04it/s]

(3/65): Propagating:   0%|          | 0/32 [00:00<?, ?it/s]
(3/65): Propagating:   3%|▎         | 1/32 [00:00<00:06,  5.05it/s]
(3/65): Propagating:   6%|▋         | 2/32 [00:00<00:05,  5.09it/s]
(3/65): Propagating:   9%|▉         | 3/32 [00:00<00:05,  5.15it/s]
(3/65): Propagating:  12%|█▎        | 4/32 [00:00<00:05,  5.16it/s]
(3/65): Propagating:  16%|█▌        | 5/32 [00:00<00:04,  5.45it/s]
(3/65): Propagating:  19%|█▉        | 6/32 [00:01<00:04,  5.57it/s]
(3/65): Propagating:  22%|██▏       | 7/32 [00:01<00:04,  5.66it/s]
(3/65): Propagating:  25%|██▌       | 8/32 [00:01<00:04,  5.74it/s]
(3/65): Propagating:  28%|██▊       | 9/32 [00:01<00:03,  5.78it/s]
(3/65): Propagating:  31%|███▏      | 10/32 [00:01<00:03,  5.85it/s]
(3/65): Propagating:  34%|███▍      | 11/32 [00:01<00:03,  5.85it/s]
(3/65): Propagating:  38%|███▊      | 12/32 [00:02<00:03,  5.95it/s]
(3/65): Propagating:  41%|████      | 13/32 [00:02<00:03,  6.07it/s]
(3/65): Propagating:  44%|████▍     | 14/32 [00:02<00:02,  6.17it/s]
(3/65): Propagating:  47%|████▋     | 15/32 [00:02<00:02,  6.08it/s]
(3/65): Propagating:  50%|█████     | 16/32 [00:02<00:02,  6.01it/s]
(3/65): Propagating:  53%|█████▎    | 17/32 [00:02<00:02,  5.96it/s]
(3/65): Propagating:  56%|█████▋    | 18/32 [00:03<00:02,  5.94it/s]
(3/65): Propagating:  59%|█████▉    | 19/32 [00:03<00:02,  5.92it/s]
(3/65): Propagating:  62%|██████▎   | 20/32 [00:03<00:02,  5.91it/s]
(3/65): Propagating:  66%|██████▌   | 21/32 [00:03<00:01,  5.90it/s]
(3/65): Propagating:  69%|██████▉   | 22/32 [00:03<00:01,  5.89it/s]
(3/65): Propagating:  72%|███████▏  | 23/32 [00:03<00:01,  5.89it/s]
(3/65): Propagating:  75%|███████▌  | 24/32 [00:04<00:01,  5.88it/s]
(3/65): Propagating:  78%|███████▊  | 25/32 [00:04<00:01,  5.88it/s]
(3/65): Propagating:  81%|████████▏ | 26/32 [00:04<00:01,  5.89it/s]
(3/65): Propagating:  84%|████████▍ | 27/32 [00:04<00:00,  6.03it/s]
(3/65): Propagating:  88%|████████▊ | 28/32 [00:04<00:00,  5.99it/s]
(3/65): Propagating:  91%|█████████ | 29/32 [00:04<00:00,  6.00it/s]
(3/65): Propagating:  94%|█████████▍| 30/32 [00:05<00:00,  6.12it/s]
(3/65): Propagating:  97%|█████████▋| 31/32 [00:05<00:00,  6.19it/s]
(3/65): Propagating: 100%|██████████| 32/32 [00:05<00:00,  6.26it/s]
(3/65): Propagating: 100%|██████████| 32/32 [00:05<00:00,  5.88it/s]

(4/65): Calibrating:   0%|          | 0/32 [00:00<?, ?it/s]
(4/65): Calibrating:   6%|▋         | 2/32 [00:00<00:01, 15.02it/s]
(4/65): Calibrating:  12%|█▎        | 4/32 [00:00<00:02, 10.79it/s]
(4/65): Calibrating:  19%|█▉        | 6/32 [00:00<00:02,  9.94it/s]
(4/65): Calibrating:  25%|██▌       | 8/32 [00:00<00:02,  9.58it/s]
(4/65): Calibrating:  28%|██▊       | 9/32 [00:00<00:02,  9.46it/s]
(4/65): Calibrating:  31%|███▏      | 10/32 [00:01<00:02,  9.36it/s]
(4/65): Calibrating:  34%|███▍      | 11/32 [00:01<00:02,  9.28it/s]
(4/65): Calibrating:  38%|███▊      | 12/32 [00:01<00:02,  9.21it/s]
(4/65): Calibrating:  41%|████      | 13/32 [00:01<00:02,  9.17it/s]
(4/65): Calibrating:  44%|████▍     | 14/32 [00:01<00:01,  9.14it/s]
(4/65): Calibrating:  47%|████▋     | 15/32 [00:01<00:01,  9.12it/s]
(4/65): Calibrating:  50%|█████     | 16/32 [00:01<00:01,  9.11it/s]
(4/65): Calibrating:  53%|█████▎    | 17/32 [00:01<00:01,  9.11it/s]
(4/65): Calibrating:  56%|█████▋    | 18/32 [00:01<00:01,  9.11it/s]
(4/65): Calibrating:  59%|█████▉    | 19/32 [00:02<00:01,  9.10it/s]
(4/65): Calibrating:  62%|██████▎   | 20/32 [00:02<00:01,  9.09it/s]
(4/65): Calibrating:  66%|██████▌   | 21/32 [00:02<00:01,  9.08it/s]
(4/65): Calibrating:  69%|██████▉   | 22/32 [00:02<00:01,  9.08it/s]
(4/65): Calibrating:  72%|███████▏  | 23/32 [00:02<00:00,  9.07it/s]
(4/65): Calibrating:  75%|███████▌  | 24/32 [00:02<00:00,  9.07it/s]
(4/65): Calibrating:  78%|███████▊  | 25/32 [00:02<00:00,  9.06it/s]
(4/65): Calibrating:  81%|████████▏ | 26/32 [00:02<00:00,  9.06it/s]
(4/65): Calibrating:  84%|████████▍ | 27/32 [00:02<00:00,  9.06it/s]
(4/65): Calibrating:  88%|████████▊ | 28/32 [00:03<00:00,  9.07it/s]
(4/65): Calibrating:  91%|█████████ | 29/32 [00:03<00:00,  9.07it/s]
(4/65): Calibrating:  94%|█████████▍| 30/32 [00:03<00:00,  9.06it/s]
(4/65): Calibrating:  97%|█████████▋| 31/32 [00:03<00:00,  9.07it/s]
(4/65): Calibrating: 100%|██████████| 32/32 [00:03<00:00,  9.06it/s]
(4/65): Calibrating: 100%|██████████| 32/32 [00:03<00:00,  9.29it/s]

(4/65): Propagating:   0%|          | 0/32 [00:00<?, ?it/s]
(4/65): Propagating:   3%|▎         | 1/32 [00:00<00:04,  6.35it/s]
(4/65): Propagating:   6%|▋         | 2/32 [00:00<00:04,  6.32it/s]
(4/65): Propagating:   9%|▉         | 3/32 [00:00<00:04,  6.34it/s]
(4/65): Propagating:  12%|█▎        | 4/32 [00:00<00:04,  6.34it/s]
(4/65): Propagating:  16%|█▌        | 5/32 [00:00<00:04,  6.35it/s]
(4/65): Propagating:  19%|█▉        | 6/32 [00:00<00:04,  6.36it/s]
(4/65): Propagating:  22%|██▏       | 7/32 [00:01<00:03,  6.36it/s]
(4/65): Propagating:  25%|██▌       | 8/32 [00:01<00:03,  6.37it/s]
(4/65): Propagating:  28%|██▊       | 9/32 [00:01<00:03,  6.37it/s]
(4/65): Propagating:  31%|███▏      | 10/32 [00:01<00:03,  6.37it/s]
(4/65): Propagating:  34%|███▍      | 11/32 [00:01<00:03,  6.37it/s]
(4/65): Propagating:  38%|███▊      | 12/32 [00:01<00:03,  6.37it/s]
(4/65): Propagating:  41%|████      | 13/32 [00:02<00:02,  6.37it/s]
(4/65): Propagating:  44%|████▍     | 14/32 [00:02<00:02,  6.37it/s]
(4/65): Propagating:  47%|████▋     | 15/32 [00:02<00:02,  6.38it/s]
(4/65): Propagating:  50%|█████     | 16/32 [00:02<00:02,  6.39it/s]
(4/65): Propagating:  53%|█████▎    | 17/32 [00:02<00:02,  6.39it/s]
(4/65): Propagating:  56%|█████▋    | 18/32 [00:02<00:02,  6.40it/s]
(4/65): Propagating:  59%|█████▉    | 19/32 [00:02<00:02,  6.39it/s]
(4/65): Propagating:  62%|██████▎   | 20/32 [00:03<00:01,  6.39it/s]
(4/65): Propagating:  66%|██████▌   | 21/32 [00:03<00:01,  6.40it/s]
(4/65): Propagating:  69%|██████▉   | 22/32 [00:03<00:01,  6.40it/s]
(4/65): Propagating:  72%|███████▏  | 23/32 [00:03<00:01,  6.40it/s]
(4/65): Propagating:  75%|███████▌  | 24/32 [00:03<00:01,  5.87it/s]
(4/65): Propagating:  78%|███████▊  | 25/32 [00:03<00:01,  5.91it/s]
(4/65): Propagating:  81%|████████▏ | 26/32 [00:04<00:00,  6.06it/s]
(4/65): Propagating:  84%|████████▍ | 27/32 [00:04<00:00,  6.16it/s]
(4/65): Propagating:  88%|████████▊ | 28/32 [00:04<00:00,  6.23it/s]
(4/65): Propagating:  91%|█████████ | 29/32 [00:04<00:00,  6.28it/s]
(4/65): Propagating:  94%|█████████▍| 30/32 [00:04<00:00,  6.31it/s]
(4/65): Propagating:  97%|█████████▋| 31/32 [00:04<00:00,  6.33it/s]
(4/65): Propagating: 100%|██████████| 32/32 [00:05<00:00,  6.35it/s]
(4/65): Propagating: 100%|██████████| 32/32 [00:05<00:00,  6.31it/s]

(5/65): Calibrating:   0%|          | 0/32 [00:00<?, ?it/s]
(5/65): Calibrating:   6%|▋         | 2/32 [00:00<00:01, 19.81it/s]
(5/65): Calibrating:  12%|█▎        | 4/32 [00:00<00:01, 14.08it/s]
(5/65): Calibrating:  19%|█▉        | 6/32 [00:00<00:02, 12.90it/s]
(5/65): Calibrating:  25%|██▌       | 8/32 [00:00<00:01, 12.42it/s]
(5/65): Calibrating:  31%|███▏      | 10/32 [00:00<00:01, 12.10it/s]
(5/65): Calibrating:  38%|███▊      | 12/32 [00:00<00:01, 12.04it/s]
(5/65): Calibrating:  44%|████▍     | 14/32 [00:01<00:01, 11.93it/s]
(5/65): Calibrating:  50%|█████     | 16/32 [00:01<00:01, 11.81it/s]
(5/65): Calibrating:  56%|█████▋    | 18/32 [00:01<00:01, 11.73it/s]
(5/65): Calibrating:  62%|██████▎   | 20/32 [00:01<00:01, 11.68it/s]
(5/65): Calibrating:  69%|██████▉   | 22/32 [00:01<00:00, 11.64it/s]
(5/65): Calibrating:  75%|███████▌  | 24/32 [00:01<00:00, 11.60it/s]
(5/65): Calibrating:  81%|████████▏ | 26/32 [00:02<00:00, 11.59it/s]
(5/65): Calibrating:  88%|████████▊ | 28/32 [00:02<00:00, 11.65it/s]
(5/65): Calibrating:  94%|█████████▍| 30/32 [00:02<00:00, 11.72it/s]
(5/65): Calibrating: 100%|██████████| 32/32 [00:02<00:00, 11.80it/s]
(5/65): Calibrating: 100%|██████████| 32/32 [00:02<00:00, 12.00it/s]

(5/65): Propagating:   0%|          | 0/32 [00:00<?, ?it/s]
(5/65): Propagating:   3%|▎         | 1/32 [00:00<00:04,  7.72it/s]
(5/65): Propagating:   6%|▋         | 2/32 [00:00<00:03,  7.70it/s]
(5/65): Propagating:   9%|▉         | 3/32 [00:00<00:03,  7.66it/s]
(5/65): Propagating:  12%|█▎        | 4/32 [00:00<00:03,  7.66it/s]
(5/65): Propagating:  16%|█▌        | 5/32 [00:00<00:03,  7.65it/s]
(5/65): Propagating:  19%|█▉        | 6/32 [00:00<00:03,  7.66it/s]
(5/65): Propagating:  22%|██▏       | 7/32 [00:00<00:03,  7.66it/s]
(5/65): Propagating:  25%|██▌       | 8/32 [00:01<00:03,  7.67it/s]
(5/65): Propagating:  28%|██▊       | 9/32 [00:01<00:02,  7.68it/s]
(5/65): Propagating:  31%|███▏      | 10/32 [00:01<00:02,  7.68it/s]
(5/65): Propagating:  34%|███▍      | 11/32 [00:01<00:02,  7.67it/s]
(5/65): Propagating:  38%|███▊      | 12/32 [00:01<00:02,  7.68it/s]
(5/65): Propagating:  41%|████      | 13/32 [00:01<00:02,  7.68it/s]
(5/65): Propagating:  44%|████▍     | 14/32 [00:01<00:02,  7.67it/s]
(5/65): Propagating:  47%|████▋     | 15/32 [00:01<00:02,  7.69it/s]
(5/65): Propagating:  50%|█████     | 16/32 [00:02<00:02,  7.70it/s]
(5/65): Propagating:  53%|█████▎    | 17/32 [00:02<00:01,  7.71it/s]
(5/65): Propagating:  56%|█████▋    | 18/32 [00:02<00:01,  7.72it/s]
(5/65): Propagating:  59%|█████▉    | 19/32 [00:02<00:01,  7.71it/s]
(5/65): Propagating:  62%|██████▎   | 20/32 [00:02<00:01,  7.72it/s]
(5/65): Propagating:  66%|██████▌   | 21/32 [00:02<00:01,  7.74it/s]
(5/65): Propagating:  69%|██████▉   | 22/32 [00:02<00:01,  7.74it/s]
(5/65): Propagating:  72%|███████▏  | 23/32 [00:02<00:01,  7.74it/s]
(5/65): Propagating:  75%|███████▌  | 24/32 [00:03<00:01,  7.73it/s]
(5/65): Propagating:  78%|███████▊  | 25/32 [00:03<00:00,  7.74it/s]
(5/65): Propagating:  81%|████████▏ | 26/32 [00:03<00:00,  7.73it/s]
(5/65): Propagating:  84%|████████▍ | 27/32 [00:03<00:00,  7.72it/s]
(5/65): Propagating:  88%|████████▊ | 28/32 [00:03<00:00,  7.72it/s]
(5/65): Propagating:  91%|█████████ | 29/32 [00:03<00:00,  7.72it/s]
(5/65): Propagating:  94%|█████████▍| 30/32 [00:03<00:00,  7.71it/s]
(5/65): Propagating:  97%|█████████▋| 31/32 [00:04<00:00,  7.71it/s]
(5/65): Propagating: 100%|██████████| 32/32 [00:04<00:00,  7.70it/s]
(5/65): Propagating: 100%|██████████| 32/32 [00:04<00:00,  7.70it/s]

(6/65): Calibrating:   0%|          | 0/32 [00:00<?, ?it/s]
(6/65): Calibrating:   6%|▋         | 2/32 [00:00<00:01, 15.02it/s]
(6/65): Calibrating:  12%|█▎        | 4/32 [00:00<00:02, 10.85it/s]
(6/65): Calibrating:  19%|█▉        | 6/32 [00:00<00:02,  9.94it/s]
(6/65): Calibrating:  25%|██▌       | 8/32 [00:00<00:02,  9.57it/s]
(6/65): Calibrating:  28%|██▊       | 9/32 [00:00<00:02,  9.46it/s]
(6/65): Calibrating:  31%|███▏      | 10/32 [00:01<00:02,  9.35it/s]
(6/65): Calibrating:  34%|███▍      | 11/32 [00:01<00:02,  9.28it/s]
(6/65): Calibrating:  38%|███▊      | 12/32 [00:01<00:02,  9.21it/s]
(6/65): Calibrating:  41%|████      | 13/32 [00:01<00:02,  9.17it/s]
(6/65): Calibrating:  44%|████▍     | 14/32 [00:01<00:01,  9.14it/s]
(6/65): Calibrating:  47%|████▋     | 15/32 [00:01<00:01,  9.12it/s]
(6/65): Calibrating:  50%|█████     | 16/32 [00:01<00:01,  9.10it/s]
(6/65): Calibrating:  53%|█████▎    | 17/32 [00:01<00:01,  9.09it/s]
(6/65): Calibrating:  56%|█████▋    | 18/32 [00:01<00:01,  9.08it/s]
(6/65): Calibrating:  59%|█████▉    | 19/32 [00:02<00:01,  9.07it/s]
(6/65): Calibrating:  62%|██████▎   | 20/32 [00:02<00:01,  9.06it/s]
(6/65): Calibrating:  66%|██████▌   | 21/32 [00:02<00:01,  9.06it/s]
(6/65): Calibrating:  69%|██████▉   | 22/32 [00:02<00:01,  8.93it/s]
(6/65): Calibrating:  72%|███████▏  | 23/32 [00:02<00:00,  9.05it/s]
(6/65): Calibrating:  75%|███████▌  | 24/32 [00:02<00:00,  9.05it/s]
(6/65): Calibrating:  78%|███████▊  | 25/32 [00:02<00:00,  9.04it/s]
(6/65): Calibrating:  81%|████████▏ | 26/32 [00:02<00:00,  9.05it/s]
(6/65): Calibrating:  84%|████████▍ | 27/32 [00:02<00:00,  9.05it/s]
(6/65): Calibrating:  88%|████████▊ | 28/32 [00:03<00:00,  9.06it/s]
(6/65): Calibrating:  91%|█████████ | 29/32 [00:03<00:00,  9.05it/s]
(6/65): Calibrating:  94%|█████████▍| 30/32 [00:03<00:00,  9.06it/s]
(6/65): Calibrating:  97%|█████████▋| 31/32 [00:03<00:00,  9.05it/s]
(6/65): Calibrating: 100%|██████████| 32/32 [00:03<00:00,  9.06it/s]
(6/65): Calibrating: 100%|██████████| 32/32 [00:03<00:00,  9.28it/s]

(6/65): Propagating:   0%|          | 0/32 [00:00<?, ?it/s]
(6/65): Propagating:   3%|▎         | 1/32 [00:00<00:04,  6.38it/s]
(6/65): Propagating:   6%|▋         | 2/32 [00:00<00:04,  6.38it/s]
(6/65): Propagating:   9%|▉         | 3/32 [00:00<00:04,  6.36it/s]
(6/65): Propagating:  12%|█▎        | 4/32 [00:00<00:04,  6.33it/s]
(6/65): Propagating:  16%|█▌        | 5/32 [00:00<00:04,  6.34it/s]
(6/65): Propagating:  19%|█▉        | 6/32 [00:00<00:04,  6.35it/s]
(6/65): Propagating:  22%|██▏       | 7/32 [00:01<00:03,  6.35it/s]
(6/65): Propagating:  25%|██▌       | 8/32 [00:01<00:03,  6.35it/s]
(6/65): Propagating:  28%|██▊       | 9/32 [00:01<00:03,  6.36it/s]
(6/65): Propagating:  31%|███▏      | 10/32 [00:01<00:03,  6.37it/s]
(6/65): Propagating:  34%|███▍      | 11/32 [00:01<00:03,  6.37it/s]
(6/65): Propagating:  38%|███▊      | 12/32 [00:01<00:03,  6.37it/s]
(6/65): Propagating:  41%|████      | 13/32 [00:02<00:02,  6.36it/s]
(6/65): Propagating:  44%|████▍     | 14/32 [00:02<00:02,  6.36it/s]
(6/65): Propagating:  47%|████▋     | 15/32 [00:02<00:02,  6.36it/s]
(6/65): Propagating:  50%|█████     | 16/32 [00:02<00:02,  6.36it/s]
(6/65): Propagating:  53%|█████▎    | 17/32 [00:02<00:02,  6.37it/s]
(6/65): Propagating:  56%|█████▋    | 18/32 [00:02<00:02,  6.38it/s]
(6/65): Propagating:  59%|█████▉    | 19/32 [00:02<00:02,  6.38it/s]
(6/65): Propagating:  62%|██████▎   | 20/32 [00:03<00:01,  6.38it/s]
(6/65): Propagating:  66%|██████▌   | 21/32 [00:03<00:01,  6.39it/s]
(6/65): Propagating:  69%|██████▉   | 22/32 [00:03<00:01,  6.39it/s]
(6/65): Propagating:  72%|███████▏  | 23/32 [00:03<00:01,  6.39it/s]
(6/65): Propagating:  75%|███████▌  | 24/32 [00:03<00:01,  6.39it/s]
(6/65): Propagating:  78%|███████▊  | 25/32 [00:03<00:01,  6.38it/s]
(6/65): Propagating:  81%|████████▏ | 26/32 [00:04<00:00,  6.39it/s]
(6/65): Propagating:  84%|████████▍ | 27/32 [00:04<00:00,  6.39it/s]
(6/65): Propagating:  88%|████████▊ | 28/32 [00:04<00:00,  6.39it/s]
(6/65): Propagating:  91%|█████████ | 29/32 [00:04<00:00,  6.40it/s]
(6/65): Propagating:  94%|█████████▍| 30/32 [00:04<00:00,  6.40it/s]
(6/65): Propagating:  97%|█████████▋| 31/32 [00:04<00:00,  6.40it/s]
(6/65): Propagating: 100%|██████████| 32/32 [00:05<00:00,  6.40it/s]
(6/65): Propagating: 100%|██████████| 32/32 [00:05<00:00,  6.38it/s]

(7/65): Calibrating:   0%|          | 0/32 [00:00<?, ?it/s]
(7/65): Calibrating:   6%|▋         | 2/32 [00:00<00:01, 15.02it/s]
(7/65): Calibrating:  12%|█▎        | 4/32 [00:00<00:02, 10.82it/s]
(7/65): Calibrating:  19%|█▉        | 6/32 [00:00<00:02,  9.94it/s]
(7/65): Calibrating:  25%|██▌       | 8/32 [00:00<00:02,  9.55it/s]
(7/65): Calibrating:  28%|██▊       | 9/32 [00:00<00:02,  9.44it/s]
(7/65): Calibrating:  31%|███▏      | 10/32 [00:01<00:02,  9.35it/s]
(7/65): Calibrating:  34%|███▍      | 11/32 [00:01<00:02,  9.26it/s]
(7/65): Calibrating:  38%|███▊      | 12/32 [00:01<00:02,  9.21it/s]
(7/65): Calibrating:  41%|████      | 13/32 [00:01<00:02,  9.16it/s]
(7/65): Calibrating:  44%|████▍     | 14/32 [00:01<00:01,  9.13it/s]
(7/65): Calibrating:  47%|████▋     | 15/32 [00:01<00:01,  9.09it/s]
(7/65): Calibrating:  50%|█████     | 16/32 [00:01<00:01,  9.09it/s]
(7/65): Calibrating:  53%|█████▎    | 17/32 [00:01<00:01,  9.07it/s]
(7/65): Calibrating:  56%|█████▋    | 18/32 [00:01<00:01,  9.07it/s]
(7/65): Calibrating:  59%|█████▉    | 19/32 [00:02<00:01,  9.06it/s]
(7/65): Calibrating:  62%|██████▎   | 20/32 [00:02<00:01,  9.06it/s]
(7/65): Calibrating:  66%|██████▌   | 21/32 [00:02<00:01,  9.05it/s]
(7/65): Calibrating:  69%|██████▉   | 22/32 [00:02<00:01,  9.06it/s]
(7/65): Calibrating:  72%|███████▏  | 23/32 [00:02<00:00,  9.05it/s]
(7/65): Calibrating:  75%|███████▌  | 24/32 [00:02<00:00,  9.05it/s]
(7/65): Calibrating:  78%|███████▊  | 25/32 [00:02<00:00,  9.04it/s]
(7/65): Calibrating:  81%|████████▏ | 26/32 [00:02<00:00,  9.05it/s]
(7/65): Calibrating:  84%|████████▍ | 27/32 [00:02<00:00,  9.05it/s]
(7/65): Calibrating:  88%|████████▊ | 28/32 [00:03<00:00,  9.06it/s]
(7/65): Calibrating:  91%|█████████ | 29/32 [00:03<00:00,  9.05it/s]
(7/65): Calibrating:  94%|█████████▍| 30/32 [00:03<00:00,  9.04it/s]
(7/65): Calibrating:  97%|█████████▋| 31/32 [00:03<00:00,  9.04it/s]
(7/65): Calibrating: 100%|██████████| 32/32 [00:03<00:00,  9.05it/s]
(7/65): Calibrating: 100%|██████████| 32/32 [00:03<00:00,  9.28it/s]

(7/65): Propagating:   0%|          | 0/32 [00:00<?, ?it/s]
(7/65): Propagating:   3%|▎         | 1/32 [00:00<00:04,  6.37it/s]
(7/65): Propagating:   6%|▋         | 2/32 [00:00<00:04,  6.38it/s]
(7/65): Propagating:   9%|▉         | 3/32 [00:00<00:04,  6.39it/s]
(7/65): Propagating:  12%|█▎        | 4/32 [00:00<00:04,  6.38it/s]
(7/65): Propagating:  16%|█▌        | 5/32 [00:00<00:04,  6.35it/s]
(7/65): Propagating:  19%|█▉        | 6/32 [00:00<00:04,  6.35it/s]
(7/65): Propagating:  22%|██▏       | 7/32 [00:01<00:03,  6.29it/s]
(7/65): Propagating:  25%|██▌       | 8/32 [00:01<00:03,  6.10it/s]
(7/65): Propagating:  28%|██▊       | 9/32 [00:01<00:03,  5.96it/s]
(7/65): Propagating:  31%|███▏      | 10/32 [00:01<00:03,  5.89it/s]
(7/65): Propagating:  34%|███▍      | 11/32 [00:01<00:03,  5.79it/s]
(7/65): Propagating:  38%|███▊      | 12/32 [00:01<00:03,  5.71it/s]
(7/65): Propagating:  41%|████      | 13/32 [00:02<00:03,  5.80it/s]
(7/65): Propagating:  44%|████▍     | 14/32 [00:02<00:03,  5.88it/s]
(7/65): Propagating:  47%|████▋     | 15/32 [00:02<00:02,  5.98it/s]
(7/65): Propagating:  50%|█████     | 16/32 [00:02<00:02,  6.00it/s]
(7/65): Propagating:  53%|█████▎    | 17/32 [00:02<00:02,  6.05it/s]
(7/65): Propagating:  56%|█████▋    | 18/32 [00:02<00:02,  6.11it/s]
(7/65): Propagating:  59%|█████▉    | 19/32 [00:03<00:02,  6.17it/s]
(7/65): Propagating:  62%|██████▎   | 20/32 [00:03<00:01,  6.22it/s]
(7/65): Propagating:  66%|██████▌   | 21/32 [00:03<00:01,  6.26it/s]
(7/65): Propagating:  69%|██████▉   | 22/32 [00:03<00:01,  6.27it/s]
(7/65): Propagating:  72%|███████▏  | 23/32 [00:03<00:01,  6.25it/s]
(7/65): Propagating:  75%|███████▌  | 24/32 [00:03<00:01,  6.24it/s]
(7/65): Propagating:  78%|███████▊  | 25/32 [00:04<00:01,  6.21it/s]
(7/65): Propagating:  81%|████████▏ | 26/32 [00:04<00:00,  6.23it/s]
(7/65): Propagating:  84%|████████▍ | 27/32 [00:04<00:00,  6.23it/s]
(7/65): Propagating:  88%|████████▊ | 28/32 [00:04<00:00,  6.23it/s]
(7/65): Propagating:  91%|█████████ | 29/32 [00:04<00:00,  6.23it/s]
(7/65): Propagating:  94%|█████████▍| 30/32 [00:04<00:00,  6.24it/s]
(7/65): Propagating:  97%|█████████▋| 31/32 [00:05<00:00,  6.24it/s]
(7/65): Propagating: 100%|██████████| 32/32 [00:05<00:00,  6.25it/s]
(7/65): Propagating: 100%|██████████| 32/32 [00:05<00:00,  6.15it/s]

(8/65): Calibrating:   0%|          | 0/32 [00:00<?, ?it/s]
(8/65): Calibrating:   6%|▋         | 2/32 [00:00<00:02, 13.31it/s]
(8/65): Calibrating:  12%|█▎        | 4/32 [00:00<00:02,  9.92it/s]
(8/65): Calibrating:  19%|█▉        | 6/32 [00:00<00:02,  9.00it/s]
(8/65): Calibrating:  22%|██▏       | 7/32 [00:00<00:02,  8.95it/s]
(8/65): Calibrating:  25%|██▌       | 8/32 [00:00<00:02,  8.95it/s]
(8/65): Calibrating:  28%|██▊       | 9/32 [00:00<00:02,  8.96it/s]
(8/65): Calibrating:  31%|███▏      | 10/32 [00:01<00:02,  8.94it/s]
(8/65): Calibrating:  34%|███▍      | 11/32 [00:01<00:02,  8.98it/s]
(8/65): Calibrating:  38%|███▊      | 12/32 [00:01<00:02,  9.00it/s]
(8/65): Calibrating:  41%|████      | 13/32 [00:01<00:02,  9.02it/s]
(8/65): Calibrating:  44%|████▍     | 14/32 [00:01<00:01,  9.03it/s]
(8/65): Calibrating:  47%|████▋     | 15/32 [00:01<00:01,  9.02it/s]
(8/65): Calibrating:  50%|█████     | 16/32 [00:01<00:01,  9.03it/s]
(8/65): Calibrating:  53%|█████▎    | 17/32 [00:01<00:01,  9.03it/s]
(8/65): Calibrating:  56%|█████▋    | 18/32 [00:01<00:01,  9.04it/s]
(8/65): Calibrating:  59%|█████▉    | 19/32 [00:02<00:01,  9.04it/s]
(8/65): Calibrating:  62%|██████▎   | 20/32 [00:02<00:01,  9.05it/s]
(8/65): Calibrating:  66%|██████▌   | 21/32 [00:02<00:01,  9.04it/s]
(8/65): Calibrating:  69%|██████▉   | 22/32 [00:02<00:01,  9.05it/s]
(8/65): Calibrating:  72%|███████▏  | 23/32 [00:02<00:00,  9.05it/s]
(8/65): Calibrating:  75%|███████▌  | 24/32 [00:02<00:00,  9.05it/s]
(8/65): Calibrating:  78%|███████▊  | 25/32 [00:02<00:00,  9.04it/s]
(8/65): Calibrating:  81%|████████▏ | 26/32 [00:02<00:00,  9.05it/s]
(8/65): Calibrating:  84%|████████▍ | 27/32 [00:02<00:00,  9.05it/s]
(8/65): Calibrating:  88%|████████▊ | 28/32 [00:03<00:00,  9.06it/s]
(8/65): Calibrating:  91%|█████████ | 29/32 [00:03<00:00,  9.06it/s]
(8/65): Calibrating:  94%|█████████▍| 30/32 [00:03<00:00,  9.06it/s]
(8/65): Calibrating:  97%|█████████▋| 31/32 [00:03<00:00,  9.05it/s]
(8/65): Calibrating: 100%|██████████| 32/32 [00:03<00:00,  9.06it/s]
(8/65): Calibrating: 100%|██████████| 32/32 [00:03<00:00,  9.11it/s]

(8/65): Propagating:   0%|          | 0/32 [00:00<?, ?it/s]
(8/65): Propagating:   3%|▎         | 1/32 [00:00<00:04,  6.40it/s]
(8/65): Propagating:   6%|▋         | 2/32 [00:00<00:04,  6.39it/s]
(8/65): Propagating:   9%|▉         | 3/32 [00:00<00:04,  6.38it/s]
(8/65): Propagating:  12%|█▎        | 4/32 [00:00<00:04,  6.38it/s]
(8/65): Propagating:  16%|█▌        | 5/32 [00:00<00:04,  6.37it/s]
(8/65): Propagating:  19%|█▉        | 6/32 [00:00<00:04,  6.36it/s]
(8/65): Propagating:  22%|██▏       | 7/32 [00:01<00:03,  6.36it/s]
(8/65): Propagating:  25%|██▌       | 8/32 [00:01<00:03,  6.36it/s]
(8/65): Propagating:  28%|██▊       | 9/32 [00:01<00:03,  6.35it/s]
(8/65): Propagating:  31%|███▏      | 10/32 [00:01<00:03,  6.34it/s]
(8/65): Propagating:  34%|███▍      | 11/32 [00:01<00:03,  6.34it/s]
(8/65): Propagating:  38%|███▊      | 12/32 [00:01<00:03,  6.35it/s]
(8/65): Propagating:  41%|████      | 13/32 [00:02<00:02,  6.35it/s]
(8/65): Propagating:  44%|████▍     | 14/32 [00:02<00:02,  6.36it/s]
(8/65): Propagating:  47%|████▋     | 15/32 [00:02<00:02,  6.36it/s]
(8/65): Propagating:  50%|█████     | 16/32 [00:02<00:02,  6.37it/s]
(8/65): Propagating:  53%|█████▎    | 17/32 [00:02<00:02,  6.37it/s]
(8/65): Propagating:  56%|█████▋    | 18/32 [00:02<00:02,  6.37it/s]
(8/65): Propagating:  59%|█████▉    | 19/32 [00:02<00:02,  6.37it/s]
(8/65): Propagating:  62%|██████▎   | 20/32 [00:03<00:01,  6.37it/s]
(8/65): Propagating:  66%|██████▌   | 21/32 [00:03<00:01,  6.37it/s]
(8/65): Propagating:  69%|██████▉   | 22/32 [00:03<00:01,  6.37it/s]
(8/65): Propagating:  72%|███████▏  | 23/32 [00:03<00:01,  6.37it/s]
(8/65): Propagating:  75%|███████▌  | 24/32 [00:03<00:01,  6.38it/s]
(8/65): Propagating:  78%|███████▊  | 25/32 [00:03<00:01,  6.39it/s]
(8/65): Propagating:  81%|████████▏ | 26/32 [00:04<00:00,  6.39it/s]
(8/65): Propagating:  84%|████████▍ | 27/32 [00:04<00:00,  6.39it/s]
(8/65): Propagating:  88%|████████▊ | 28/32 [00:04<00:00,  5.89it/s]
(8/65): Propagating:  91%|█████████ | 29/32 [00:04<00:00,  5.93it/s]
(8/65): Propagating:  94%|█████████▍| 30/32 [00:04<00:00,  6.06it/s]
(8/65): Propagating:  97%|█████████▋| 31/32 [00:04<00:00,  6.15it/s]
(8/65): Propagating: 100%|██████████| 32/32 [00:05<00:00,  6.22it/s]
(8/65): Propagating: 100%|██████████| 32/32 [00:05<00:00,  6.30it/s]

(9/65): Calibrating:   0%|          | 0/32 [00:00<?, ?it/s]
(9/65): Calibrating:   9%|▉         | 3/32 [00:00<00:01, 16.74it/s]
(9/65): Calibrating:  16%|█▌        | 5/32 [00:00<00:01, 13.98it/s]
(9/65): Calibrating:  22%|██▏       | 7/32 [00:00<00:01, 13.05it/s]
(9/65): Calibrating:  28%|██▊       | 9/32 [00:00<00:01, 12.62it/s]
(9/65): Calibrating:  34%|███▍      | 11/32 [00:00<00:01, 12.37it/s]
(9/65): Calibrating:  41%|████      | 13/32 [00:01<00:01, 12.20it/s]
(9/65): Calibrating:  47%|████▋     | 15/32 [00:01<00:01, 12.12it/s]
(9/65): Calibrating:  53%|█████▎    | 17/32 [00:01<00:01, 12.05it/s]
(9/65): Calibrating:  59%|█████▉    | 19/32 [00:01<00:01, 12.02it/s]
(9/65): Calibrating:  66%|██████▌   | 21/32 [00:01<00:00, 11.96it/s]
(9/65): Calibrating:  72%|███████▏  | 23/32 [00:01<00:00, 11.95it/s]
(9/65): Calibrating:  78%|███████▊  | 25/32 [00:02<00:00, 11.94it/s]
(9/65): Calibrating:  84%|████████▍ | 27/32 [00:02<00:00, 11.93it/s]
(9/65): Calibrating:  91%|█████████ | 29/32 [00:02<00:00, 11.94it/s]
(9/65): Calibrating:  97%|█████████▋| 31/32 [00:02<00:00, 11.94it/s]
(9/65): Calibrating: 100%|██████████| 32/32 [00:02<00:00, 12.25it/s]

(9/65): Propagating:   0%|          | 0/32 [00:00<?, ?it/s]
(9/65): Propagating:   3%|▎         | 1/32 [00:00<00:04,  7.69it/s]
(9/65): Propagating:   6%|▋         | 2/32 [00:00<00:03,  7.70it/s]
(9/65): Propagating:   9%|▉         | 3/32 [00:00<00:03,  7.71it/s]
(9/65): Propagating:  12%|█▎        | 4/32 [00:00<00:03,  7.71it/s]
(9/65): Propagating:  16%|█▌        | 5/32 [00:00<00:03,  7.69it/s]
(9/65): Propagating:  19%|█▉        | 6/32 [00:00<00:03,  7.70it/s]
(9/65): Propagating:  22%|██▏       | 7/32 [00:00<00:03,  7.70it/s]
(9/65): Propagating:  25%|██▌       | 8/32 [00:01<00:03,  7.68it/s]
(9/65): Propagating:  28%|██▊       | 9/32 [00:01<00:02,  7.68it/s]
(9/65): Propagating:  31%|███▏      | 10/32 [00:01<00:02,  7.67it/s]
(9/65): Propagating:  34%|███▍      | 11/32 [00:01<00:02,  7.66it/s]
(9/65): Propagating:  38%|███▊      | 12/32 [00:01<00:02,  7.66it/s]
(9/65): Propagating:  41%|████      | 13/32 [00:01<00:02,  7.66it/s]
(9/65): Propagating:  44%|████▍     | 14/32 [00:01<00:02,  7.66it/s]
(9/65): Propagating:  47%|████▋     | 15/32 [00:01<00:02,  7.67it/s]
(9/65): Propagating:  50%|█████     | 16/32 [00:02<00:02,  7.69it/s]
(9/65): Propagating:  53%|█████▎    | 17/32 [00:02<00:01,  7.70it/s]
(9/65): Propagating:  56%|█████▋    | 18/32 [00:02<00:01,  7.70it/s]
(9/65): Propagating:  59%|█████▉    | 19/32 [00:02<00:01,  7.70it/s]
(9/65): Propagating:  62%|██████▎   | 20/32 [00:02<00:01,  7.69it/s]
(9/65): Propagating:  66%|██████▌   | 21/32 [00:02<00:01,  7.69it/s]
(9/65): Propagating:  69%|██████▉   | 22/32 [00:02<00:01,  7.68it/s]
(9/65): Propagating:  72%|███████▏  | 23/32 [00:02<00:01,  7.67it/s]
(9/65): Propagating:  75%|███████▌  | 24/32 [00:03<00:01,  7.68it/s]
(9/65): Propagating:  78%|███████▊  | 25/32 [00:03<00:00,  7.56it/s]
(9/65): Propagating:  81%|████████▏ | 26/32 [00:03<00:00,  7.60it/s]
(9/65): Propagating:  84%|████████▍ | 27/32 [00:03<00:00,  7.64it/s]
(9/65): Propagating:  88%|████████▊ | 28/32 [00:03<00:00,  7.66it/s]
(9/65): Propagating:  91%|█████████ | 29/32 [00:03<00:00,  7.67it/s]
(9/65): Propagating:  94%|█████████▍| 30/32 [00:03<00:00,  7.68it/s]
(9/65): Propagating:  97%|█████████▋| 31/32 [00:04<00:00,  7.69it/s]
(9/65): Propagating: 100%|██████████| 32/32 [00:04<00:00,  7.70it/s]
(9/65): Propagating: 100%|██████████| 32/32 [00:04<00:00,  7.68it/s]

(10/65): Calibrating:   0%|          | 0/32 [00:00<?, ?it/s]
(10/65): Calibrating:   6%|▋         | 2/32 [00:00<00:01, 15.03it/s]
(10/65): Calibrating:  12%|█▎        | 4/32 [00:00<00:02, 10.83it/s]
(10/65): Calibrating:  19%|█▉        | 6/32 [00:00<00:02,  9.94it/s]
(10/65): Calibrating:  25%|██▌       | 8/32 [00:00<00:02,  9.56it/s]
(10/65): Calibrating:  28%|██▊       | 9/32 [00:00<00:02,  9.44it/s]
(10/65): Calibrating:  31%|███▏      | 10/32 [00:01<00:02,  9.34it/s]
(10/65): Calibrating:  34%|███▍      | 11/32 [00:01<00:02,  9.26it/s]
(10/65): Calibrating:  38%|███▊      | 12/32 [00:01<00:02,  9.21it/s]
(10/65): Calibrating:  41%|████      | 13/32 [00:01<00:02,  9.17it/s]
(10/65): Calibrating:  44%|████▍     | 14/32 [00:01<00:01,  9.14it/s]
(10/65): Calibrating:  47%|████▋     | 15/32 [00:01<00:01,  9.12it/s]
(10/65): Calibrating:  50%|█████     | 16/32 [00:01<00:01,  9.11it/s]
(10/65): Calibrating:  53%|█████▎    | 17/32 [00:01<00:01,  9.10it/s]
(10/65): Calibrating:  56%|█████▋    | 18/32 [00:01<00:01,  9.09it/s]
(10/65): Calibrating:  59%|█████▉    | 19/32 [00:02<00:01,  9.07it/s]
(10/65): Calibrating:  62%|██████▎   | 20/32 [00:02<00:01,  9.06it/s]
(10/65): Calibrating:  66%|██████▌   | 21/32 [00:02<00:01,  9.05it/s]
(10/65): Calibrating:  69%|██████▉   | 22/32 [00:02<00:01,  9.06it/s]
(10/65): Calibrating:  72%|███████▏  | 23/32 [00:02<00:00,  9.04it/s]
(10/65): Calibrating:  75%|███████▌  | 24/32 [00:02<00:00,  9.04it/s]
(10/65): Calibrating:  78%|███████▊  | 25/32 [00:02<00:00,  9.04it/s]
(10/65): Calibrating:  81%|████████▏ | 26/32 [00:02<00:00,  9.03it/s]
(10/65): Calibrating:  84%|████████▍ | 27/32 [00:02<00:00,  9.05it/s]
(10/65): Calibrating:  88%|████████▊ | 28/32 [00:03<00:00,  9.04it/s]
(10/65): Calibrating:  91%|█████████ | 29/32 [00:03<00:00,  9.05it/s]
(10/65): Calibrating:  94%|█████████▍| 30/32 [00:03<00:00,  9.03it/s]
(10/65): Calibrating:  97%|█████████▋| 31/32 [00:03<00:00,  9.05it/s]
(10/65): Calibrating: 100%|██████████| 32/32 [00:03<00:00,  9.04it/s]
(10/65): Calibrating: 100%|██████████| 32/32 [00:03<00:00,  9.28it/s]

(10/65): Propagating:   0%|          | 0/32 [00:00<?, ?it/s]
(10/65): Propagating:   3%|▎         | 1/32 [00:00<00:04,  6.36it/s]
(10/65): Propagating:   6%|▋         | 2/32 [00:00<00:04,  6.37it/s]
(10/65): Propagating:   9%|▉         | 3/32 [00:00<00:04,  6.37it/s]
(10/65): Propagating:  12%|█▎        | 4/32 [00:00<00:04,  6.38it/s]
(10/65): Propagating:  16%|█▌        | 5/32 [00:00<00:04,  6.38it/s]
(10/65): Propagating:  19%|█▉        | 6/32 [00:00<00:04,  6.38it/s]
(10/65): Propagating:  22%|██▏       | 7/32 [00:01<00:03,  6.38it/s]
(10/65): Propagating:  25%|██▌       | 8/32 [00:01<00:03,  6.37it/s]
(10/65): Propagating:  28%|██▊       | 9/32 [00:01<00:03,  6.37it/s]
(10/65): Propagating:  31%|███▏      | 10/32 [00:01<00:03,  6.37it/s]
(10/65): Propagating:  34%|███▍      | 11/32 [00:01<00:03,  6.36it/s]
(10/65): Propagating:  38%|███▊      | 12/32 [00:01<00:03,  6.35it/s]
(10/65): Propagating:  41%|████      | 13/32 [00:02<00:03,  6.33it/s]
(10/65): Propagating:  44%|████▍     | 14/32 [00:02<00:02,  6.32it/s]
(10/65): Propagating:  47%|████▋     | 15/32 [00:02<00:02,  6.32it/s]
(10/65): Propagating:  50%|█████     | 16/32 [00:02<00:02,  6.34it/s]
(10/65): Propagating:  53%|█████▎    | 17/32 [00:02<00:02,  6.35it/s]
(10/65): Propagating:  56%|█████▋    | 18/32 [00:02<00:02,  6.36it/s]
(10/65): Propagating:  59%|█████▉    | 19/32 [00:02<00:02,  6.36it/s]
(10/65): Propagating:  62%|██████▎   | 20/32 [00:03<00:01,  6.36it/s]
(10/65): Propagating:  66%|██████▌   | 21/32 [00:03<00:01,  6.35it/s]
(10/65): Propagating:  69%|██████▉   | 22/32 [00:03<00:01,  6.36it/s]
(10/65): Propagating:  72%|███████▏  | 23/32 [00:03<00:01,  6.35it/s]
(10/65): Propagating:  75%|███████▌  | 24/32 [00:03<00:01,  6.35it/s]
(10/65): Propagating:  78%|███████▊  | 25/32 [00:03<00:01,  6.35it/s]
(10/65): Propagating:  81%|████████▏ | 26/32 [00:04<00:00,  6.35it/s]
(10/65): Propagating:  84%|████████▍ | 27/32 [00:04<00:00,  6.35it/s]
(10/65): Propagating:  88%|████████▊ | 28/32 [00:04<00:00,  6.36it/s]
(10/65): Propagating:  91%|█████████ | 29/32 [00:04<00:00,  6.37it/s]
(10/65): Propagating:  94%|█████████▍| 30/32 [00:04<00:00,  6.37it/s]
(10/65): Propagating:  97%|█████████▋| 31/32 [00:04<00:00,  6.38it/s]
(10/65): Propagating: 100%|██████████| 32/32 [00:05<00:00,  6.38it/s]
(10/65): Propagating: 100%|██████████| 32/32 [00:05<00:00,  6.36it/s]

(11/65): Calibrating:   0%|          | 0/32 [00:00<?, ?it/s]
(11/65): Calibrating:   6%|▋         | 2/32 [00:00<00:01, 15.04it/s]
(11/65): Calibrating:  12%|█▎        | 4/32 [00:00<00:02, 10.85it/s]
(11/65): Calibrating:  19%|█▉        | 6/32 [00:00<00:02,  9.94it/s]
(11/65): Calibrating:  25%|██▌       | 8/32 [00:00<00:02,  9.56it/s]
(11/65): Calibrating:  28%|██▊       | 9/32 [00:00<00:02,  9.46it/s]
(11/65): Calibrating:  31%|███▏      | 10/32 [00:01<00:02,  9.36it/s]
(11/65): Calibrating:  34%|███▍      | 11/32 [00:01<00:02,  9.27it/s]
(11/65): Calibrating:  38%|███▊      | 12/32 [00:01<00:02,  9.21it/s]
(11/65): Calibrating:  41%|████      | 13/32 [00:01<00:02,  9.17it/s]
(11/65): Calibrating:  44%|████▍     | 14/32 [00:01<00:01,  9.14it/s]
(11/65): Calibrating:  47%|████▋     | 15/32 [00:01<00:01,  9.10it/s]
(11/65): Calibrating:  50%|█████     | 16/32 [00:01<00:01,  9.09it/s]
(11/65): Calibrating:  53%|█████▎    | 17/32 [00:01<00:01,  9.08it/s]
(11/65): Calibrating:  56%|█████▋    | 18/32 [00:01<00:01,  9.07it/s]
(11/65): Calibrating:  59%|█████▉    | 19/32 [00:02<00:01,  9.06it/s]
(11/65): Calibrating:  62%|██████▎   | 20/32 [00:02<00:01,  9.06it/s]
(11/65): Calibrating:  66%|██████▌   | 21/32 [00:02<00:01,  9.06it/s]
(11/65): Calibrating:  69%|██████▉   | 22/32 [00:02<00:01,  9.07it/s]
(11/65): Calibrating:  72%|███████▏  | 23/32 [00:02<00:00,  9.07it/s]
(11/65): Calibrating:  75%|███████▌  | 24/32 [00:02<00:00,  9.06it/s]
(11/65): Calibrating:  78%|███████▊  | 25/32 [00:02<00:00,  9.05it/s]
(11/65): Calibrating:  81%|████████▏ | 26/32 [00:02<00:00,  9.04it/s]
(11/65): Calibrating:  84%|████████▍ | 27/32 [00:02<00:00,  9.04it/s]
(11/65): Calibrating:  88%|████████▊ | 28/32 [00:03<00:00,  9.06it/s]
(11/65): Calibrating:  91%|█████████ | 29/32 [00:03<00:00,  9.06it/s]
(11/65): Calibrating:  94%|█████████▍| 30/32 [00:03<00:00,  9.04it/s]
(11/65): Calibrating:  97%|█████████▋| 31/32 [00:03<00:00,  9.04it/s]
(11/65): Calibrating: 100%|██████████| 32/32 [00:03<00:00,  9.04it/s]
(11/65): Calibrating: 100%|██████████| 32/32 [00:03<00:00,  9.28it/s]

(11/65): Propagating:   0%|          | 0/32 [00:00<?, ?it/s]
(11/65): Propagating:   3%|▎         | 1/32 [00:00<00:04,  6.23it/s]
(11/65): Propagating:   6%|▋         | 2/32 [00:00<00:04,  6.25it/s]
(11/65): Propagating:   9%|▉         | 3/32 [00:00<00:04,  6.29it/s]
(11/65): Propagating:  12%|█▎        | 4/32 [00:00<00:04,  6.32it/s]
(11/65): Propagating:  16%|█▌        | 5/32 [00:00<00:04,  6.32it/s]
(11/65): Propagating:  19%|█▉        | 6/32 [00:00<00:04,  6.34it/s]
(11/65): Propagating:  22%|██▏       | 7/32 [00:01<00:03,  6.35it/s]
(11/65): Propagating:  25%|██▌       | 8/32 [00:01<00:03,  6.35it/s]
(11/65): Propagating:  28%|██▊       | 9/32 [00:01<00:03,  6.35it/s]
(11/65): Propagating:  31%|███▏      | 10/32 [00:01<00:03,  6.35it/s]
(11/65): Propagating:  34%|███▍      | 11/32 [00:01<00:03,  6.35it/s]
(11/65): Propagating:  38%|███▊      | 12/32 [00:01<00:03,  6.34it/s]
(11/65): Propagating:  41%|████      | 13/32 [00:02<00:02,  6.34it/s]
(11/65): Propagating:  44%|████▍     | 14/32 [00:02<00:02,  6.34it/s]
(11/65): Propagating:  47%|████▋     | 15/32 [00:02<00:02,  6.34it/s]
(11/65): Propagating:  50%|█████     | 16/32 [00:02<00:02,  6.25it/s]
(11/65): Propagating:  53%|█████▎    | 17/32 [00:02<00:02,  6.12it/s]
(11/65): Propagating:  56%|█████▋    | 18/32 [00:02<00:02,  6.04it/s]
(11/65): Propagating:  59%|█████▉    | 19/32 [00:03<00:02,  6.00it/s]
(11/65): Propagating:  62%|██████▎   | 20/32 [00:03<00:02,  5.96it/s]
(11/65): Propagating:  66%|██████▌   | 21/32 [00:03<00:01,  6.00it/s]
(11/65): Propagating:  69%|██████▉   | 22/32 [00:03<00:01,  5.99it/s]
(11/65): Propagating:  72%|███████▏  | 23/32 [00:03<00:01,  6.01it/s]
(11/65): Propagating:  75%|███████▌  | 24/32 [00:03<00:01,  6.02it/s]
(11/65): Propagating:  78%|███████▊  | 25/32 [00:04<00:01,  6.09it/s]
(11/65): Propagating:  81%|████████▏ | 26/32 [00:04<00:00,  6.18it/s]
(11/65): Propagating:  84%|████████▍ | 27/32 [00:04<00:00,  6.24it/s]
(11/65): Propagating:  88%|████████▊ | 28/32 [00:04<00:00,  6.28it/s]
(11/65): Propagating:  91%|█████████ | 29/32 [00:04<00:00,  6.28it/s]
(11/65): Propagating:  94%|█████████▍| 30/32 [00:04<00:00,  6.25it/s]
(11/65): Propagating:  97%|█████████▋| 31/32 [00:04<00:00,  6.23it/s]
(11/65): Propagating: 100%|██████████| 32/32 [00:05<00:00,  6.22it/s]
(11/65): Propagating: 100%|██████████| 32/32 [00:05<00:00,  6.21it/s]

(12/65): Calibrating:   0%|          | 0/32 [00:00<?, ?it/s]
(12/65): Calibrating:   6%|▋         | 2/32 [00:00<00:01, 15.06it/s]
(12/65): Calibrating:  12%|█▎        | 4/32 [00:00<00:02, 10.79it/s]
(12/65): Calibrating:  19%|█▉        | 6/32 [00:00<00:02,  9.92it/s]
(12/65): Calibrating:  25%|██▌       | 8/32 [00:00<00:02,  9.54it/s]
(12/65): Calibrating:  28%|██▊       | 9/32 [00:00<00:02,  9.43it/s]
(12/65): Calibrating:  31%|███▏      | 10/32 [00:01<00:02,  9.33it/s]
(12/65): Calibrating:  34%|███▍      | 11/32 [00:01<00:02,  9.26it/s]
(12/65): Calibrating:  38%|███▊      | 12/32 [00:01<00:02,  9.01it/s]
(12/65): Calibrating:  41%|████      | 13/32 [00:01<00:02,  8.85it/s]
(12/65): Calibrating:  44%|████▍     | 14/32 [00:01<00:02,  8.73it/s]
(12/65): Calibrating:  47%|████▋     | 15/32 [00:01<00:01,  8.66it/s]
(12/65): Calibrating:  50%|█████     | 16/32 [00:01<00:01,  8.62it/s]
(12/65): Calibrating:  53%|█████▎    | 17/32 [00:01<00:01,  8.71it/s]
(12/65): Calibrating:  56%|█████▋    | 18/32 [00:01<00:01,  8.82it/s]
(12/65): Calibrating:  59%|█████▉    | 19/32 [00:02<00:01,  8.89it/s]
(12/65): Calibrating:  62%|██████▎   | 20/32 [00:02<00:01,  8.94it/s]
(12/65): Calibrating:  66%|██████▌   | 21/32 [00:02<00:01,  8.97it/s]
(12/65): Calibrating:  69%|██████▉   | 22/32 [00:02<00:01,  9.00it/s]
(12/65): Calibrating:  72%|███████▏  | 23/32 [00:02<00:00,  9.01it/s]
(12/65): Calibrating:  75%|███████▌  | 24/32 [00:02<00:00,  9.02it/s]
(12/65): Calibrating:  78%|███████▊  | 25/32 [00:02<00:00,  9.02it/s]
(12/65): Calibrating:  81%|████████▏ | 26/32 [00:02<00:00,  9.03it/s]
(12/65): Calibrating:  84%|████████▍ | 27/32 [00:02<00:00,  9.03it/s]
(12/65): Calibrating:  88%|████████▊ | 28/32 [00:03<00:00,  9.04it/s]
(12/65): Calibrating:  91%|█████████ | 29/32 [00:03<00:00,  9.04it/s]
(12/65): Calibrating:  94%|█████████▍| 30/32 [00:03<00:00,  9.05it/s]
(12/65): Calibrating:  97%|█████████▋| 31/32 [00:03<00:00,  9.05it/s]
(12/65): Calibrating: 100%|██████████| 32/32 [00:03<00:00,  9.03it/s]
(12/65): Calibrating: 100%|██████████| 32/32 [00:03<00:00,  9.17it/s]

(12/65): Propagating:   0%|          | 0/32 [00:00<?, ?it/s]
(12/65): Propagating:   3%|▎         | 1/32 [00:00<00:04,  6.34it/s]
(12/65): Propagating:   6%|▋         | 2/32 [00:00<00:04,  6.31it/s]
(12/65): Propagating:   9%|▉         | 3/32 [00:00<00:04,  6.31it/s]
(12/65): Propagating:  12%|█▎        | 4/32 [00:00<00:04,  6.33it/s]
(12/65): Propagating:  16%|█▌        | 5/32 [00:00<00:04,  6.34it/s]
(12/65): Propagating:  19%|█▉        | 6/32 [00:00<00:04,  6.35it/s]
(12/65): Propagating:  22%|██▏       | 7/32 [00:01<00:03,  6.35it/s]
(12/65): Propagating:  25%|██▌       | 8/32 [00:01<00:03,  6.35it/s]
(12/65): Propagating:  28%|██▊       | 9/32 [00:01<00:03,  6.36it/s]
(12/65): Propagating:  31%|███▏      | 10/32 [00:01<00:03,  6.36it/s]
(12/65): Propagating:  34%|███▍      | 11/32 [00:01<00:03,  6.36it/s]
(12/65): Propagating:  38%|███▊      | 12/32 [00:01<00:03,  6.36it/s]
(12/65): Propagating:  41%|████      | 13/32 [00:02<00:02,  6.36it/s]
(12/65): Propagating:  44%|████▍     | 14/32 [00:02<00:02,  6.36it/s]
(12/65): Propagating:  47%|████▋     | 15/32 [00:02<00:02,  6.36it/s]
(12/65): Propagating:  50%|█████     | 16/32 [00:02<00:02,  6.36it/s]
(12/65): Propagating:  53%|█████▎    | 17/32 [00:02<00:02,  6.35it/s]
(12/65): Propagating:  56%|█████▋    | 18/32 [00:02<00:02,  6.35it/s]
(12/65): Propagating:  59%|█████▉    | 19/32 [00:02<00:02,  6.34it/s]
(12/65): Propagating:  62%|██████▎   | 20/32 [00:03<00:01,  6.33it/s]
(12/65): Propagating:  66%|██████▌   | 21/32 [00:03<00:01,  6.33it/s]
(12/65): Propagating:  69%|██████▉   | 22/32 [00:03<00:01,  6.35it/s]
(12/65): Propagating:  72%|███████▏  | 23/32 [00:03<00:01,  6.35it/s]
(12/65): Propagating:  75%|███████▌  | 24/32 [00:03<00:01,  6.35it/s]
(12/65): Propagating:  78%|███████▊  | 25/32 [00:03<00:01,  6.36it/s]
(12/65): Propagating:  81%|████████▏ | 26/32 [00:04<00:00,  6.35it/s]
(12/65): Propagating:  84%|████████▍ | 27/32 [00:04<00:00,  6.35it/s]
(12/65): Propagating:  88%|████████▊ | 28/32 [00:04<00:00,  6.35it/s]
(12/65): Propagating:  91%|█████████ | 29/32 [00:04<00:00,  6.35it/s]
(12/65): Propagating:  94%|█████████▍| 30/32 [00:04<00:00,  6.36it/s]
(12/65): Propagating:  97%|█████████▋| 31/32 [00:04<00:00,  6.36it/s]
(12/65): Propagating: 100%|██████████| 32/32 [00:05<00:00,  6.36it/s]
(12/65): Propagating: 100%|██████████| 32/32 [00:05<00:00,  6.35it/s]

(13/65): Calibrating:   0%|          | 0/32 [00:00<?, ?it/s]
(13/65): Calibrating:   6%|▋         | 2/32 [00:00<00:01, 19.07it/s]
(13/65): Calibrating:  12%|█▎        | 4/32 [00:00<00:01, 14.17it/s]
(13/65): Calibrating:  19%|█▉        | 6/32 [00:00<00:01, 13.03it/s]
(13/65): Calibrating:  25%|██▌       | 8/32 [00:00<00:01, 12.59it/s]
(13/65): Calibrating:  31%|███▏      | 10/32 [00:00<00:01, 12.31it/s]
(13/65): Calibrating:  38%|███▊      | 12/32 [00:00<00:01, 12.18it/s]
(13/65): Calibrating:  44%|████▍     | 14/32 [00:01<00:01, 12.09it/s]
(13/65): Calibrating:  50%|█████     | 16/32 [00:01<00:01, 12.04it/s]
(13/65): Calibrating:  56%|█████▋    | 18/32 [00:01<00:01, 12.01it/s]
(13/65): Calibrating:  62%|██████▎   | 20/32 [00:01<00:01, 11.96it/s]
(13/65): Calibrating:  69%|██████▉   | 22/32 [00:01<00:00, 11.95it/s]
(13/65): Calibrating:  75%|███████▌  | 24/32 [00:01<00:00, 11.93it/s]
(13/65): Calibrating:  81%|████████▏ | 26/32 [00:02<00:00, 11.91it/s]
(13/65): Calibrating:  88%|████████▊ | 28/32 [00:02<00:00, 11.92it/s]
(13/65): Calibrating:  94%|█████████▍| 30/32 [00:02<00:00, 11.89it/s]
(13/65): Calibrating: 100%|██████████| 32/32 [00:02<00:00, 11.90it/s]
(13/65): Calibrating: 100%|██████████| 32/32 [00:02<00:00, 12.20it/s]

(13/65): Propagating:   0%|          | 0/32 [00:00<?, ?it/s]
(13/65): Propagating:   3%|▎         | 1/32 [00:00<00:04,  7.64it/s]
(13/65): Propagating:   6%|▋         | 2/32 [00:00<00:03,  7.67it/s]
(13/65): Propagating:   9%|▉         | 3/32 [00:00<00:03,  7.61it/s]
(13/65): Propagating:  12%|█▎        | 4/32 [00:00<00:03,  7.60it/s]
(13/65): Propagating:  16%|█▌        | 5/32 [00:00<00:03,  7.61it/s]
(13/65): Propagating:  19%|█▉        | 6/32 [00:00<00:03,  7.64it/s]
(13/65): Propagating:  22%|██▏       | 7/32 [00:00<00:03,  7.65it/s]
(13/65): Propagating:  25%|██▌       | 8/32 [00:01<00:03,  7.67it/s]
(13/65): Propagating:  28%|██▊       | 9/32 [00:01<00:02,  7.69it/s]
(13/65): Propagating:  31%|███▏      | 10/32 [00:01<00:02,  7.68it/s]
(13/65): Propagating:  34%|███▍      | 11/32 [00:01<00:02,  7.68it/s]
(13/65): Propagating:  38%|███▊      | 12/32 [00:01<00:02,  7.68it/s]
(13/65): Propagating:  41%|████      | 13/32 [00:01<00:02,  7.68it/s]
(13/65): Propagating:  44%|████▍     | 14/32 [00:01<00:02,  7.68it/s]
(13/65): Propagating:  47%|████▋     | 15/32 [00:01<00:02,  7.68it/s]
(13/65): Propagating:  50%|█████     | 16/32 [00:02<00:02,  7.69it/s]
(13/65): Propagating:  53%|█████▎    | 17/32 [00:02<00:01,  7.69it/s]
(13/65): Propagating:  56%|█████▋    | 18/32 [00:02<00:01,  7.68it/s]
(13/65): Propagating:  59%|█████▉    | 19/32 [00:02<00:01,  7.67it/s]
(13/65): Propagating:  62%|██████▎   | 20/32 [00:02<00:01,  7.65it/s]
(13/65): Propagating:  66%|██████▌   | 21/32 [00:02<00:01,  7.65it/s]
(13/65): Propagating:  69%|██████▉   | 22/32 [00:02<00:01,  7.65it/s]
(13/65): Propagating:  72%|███████▏  | 23/32 [00:03<00:01,  7.66it/s]
(13/65): Propagating:  75%|███████▌  | 24/32 [00:03<00:01,  7.67it/s]
(13/65): Propagating:  78%|███████▊  | 25/32 [00:03<00:00,  7.68it/s]
(13/65): Propagating:  81%|████████▏ | 26/32 [00:03<00:00,  7.68it/s]
(13/65): Propagating:  84%|████████▍ | 27/32 [00:03<00:00,  7.67it/s]
(13/65): Propagating:  88%|████████▊ | 28/32 [00:03<00:00,  7.68it/s]
(13/65): Propagating:  91%|█████████ | 29/32 [00:03<00:00,  7.68it/s]
(13/65): Propagating:  94%|█████████▍| 30/32 [00:03<00:00,  7.68it/s]
(13/65): Propagating:  97%|█████████▋| 31/32 [00:04<00:00,  7.68it/s]
(13/65): Propagating: 100%|██████████| 32/32 [00:04<00:00,  7.69it/s]
(13/65): Propagating: 100%|██████████| 32/32 [00:04<00:00,  7.67it/s]

(14/65): Calibrating:   0%|          | 0/32 [00:00<?, ?it/s]
(14/65): Calibrating:   6%|▋         | 2/32 [00:00<00:01, 15.07it/s]
(14/65): Calibrating:  12%|█▎        | 4/32 [00:00<00:02, 10.80it/s]
(14/65): Calibrating:  19%|█▉        | 6/32 [00:00<00:02,  9.91it/s]
(14/65): Calibrating:  25%|██▌       | 8/32 [00:00<00:02,  9.55it/s]
(14/65): Calibrating:  28%|██▊       | 9/32 [00:00<00:02,  9.44it/s]
(14/65): Calibrating:  31%|███▏      | 10/32 [00:01<00:02,  9.34it/s]
(14/65): Calibrating:  34%|███▍      | 11/32 [00:01<00:02,  9.26it/s]
(14/65): Calibrating:  38%|███▊      | 12/32 [00:01<00:02,  9.20it/s]
(14/65): Calibrating:  41%|████      | 13/32 [00:01<00:02,  9.17it/s]
(14/65): Calibrating:  44%|████▍     | 14/32 [00:01<00:01,  9.12it/s]
(14/65): Calibrating:  47%|████▋     | 15/32 [00:01<00:01,  9.09it/s]
(14/65): Calibrating:  50%|█████     | 16/32 [00:01<00:01,  9.08it/s]
(14/65): Calibrating:  53%|█████▎    | 17/32 [00:01<00:01,  9.06it/s]
(14/65): Calibrating:  56%|█████▋    | 18/32 [00:01<00:01,  9.06it/s]
(14/65): Calibrating:  59%|█████▉    | 19/32 [00:02<00:01,  9.04it/s]
(14/65): Calibrating:  62%|██████▎   | 20/32 [00:02<00:01,  9.04it/s]
(14/65): Calibrating:  66%|██████▌   | 21/32 [00:02<00:01,  9.03it/s]
(14/65): Calibrating:  69%|██████▉   | 22/32 [00:02<00:01,  9.04it/s]
(14/65): Calibrating:  72%|███████▏  | 23/32 [00:02<00:00,  9.03it/s]
(14/65): Calibrating:  75%|███████▌  | 24/32 [00:02<00:00,  9.03it/s]
(14/65): Calibrating:  78%|███████▊  | 25/32 [00:02<00:00,  9.03it/s]
(14/65): Calibrating:  81%|████████▏ | 26/32 [00:02<00:00,  9.03it/s]
(14/65): Calibrating:  84%|████████▍ | 27/32 [00:02<00:00,  9.04it/s]
(14/65): Calibrating:  88%|████████▊ | 28/32 [00:03<00:00,  9.03it/s]
(14/65): Calibrating:  91%|█████████ | 29/32 [00:03<00:00,  9.03it/s]
(14/65): Calibrating:  94%|█████████▍| 30/32 [00:03<00:00,  9.03it/s]
(14/65): Calibrating:  97%|█████████▋| 31/32 [00:03<00:00,  9.04it/s]
(14/65): Calibrating: 100%|██████████| 32/32 [00:03<00:00,  9.03it/s]
(14/65): Calibrating: 100%|██████████| 32/32 [00:03<00:00,  9.26it/s]

(14/65): Propagating:   0%|          | 0/32 [00:00<?, ?it/s]
(14/65): Propagating:   3%|▎         | 1/32 [00:00<00:04,  6.34it/s]
(14/65): Propagating:   6%|▋         | 2/32 [00:00<00:04,  6.35it/s]
(14/65): Propagating:   9%|▉         | 3/32 [00:00<00:04,  6.35it/s]
(14/65): Propagating:  12%|█▎        | 4/32 [00:00<00:04,  6.32it/s]
(14/65): Propagating:  16%|█▌        | 5/32 [00:00<00:04,  6.31it/s]
(14/65): Propagating:  19%|█▉        | 6/32 [00:00<00:04,  6.33it/s]
(14/65): Propagating:  22%|██▏       | 7/32 [00:01<00:03,  6.34it/s]
(14/65): Propagating:  25%|██▌       | 8/32 [00:01<00:03,  6.35it/s]
(14/65): Propagating:  28%|██▊       | 9/32 [00:01<00:03,  6.36it/s]
(14/65): Propagating:  31%|███▏      | 10/32 [00:01<00:03,  6.37it/s]
(14/65): Propagating:  34%|███▍      | 11/32 [00:01<00:03,  6.37it/s]
(14/65): Propagating:  38%|███▊      | 12/32 [00:01<00:03,  6.37it/s]
(14/65): Propagating:  41%|████      | 13/32 [00:02<00:02,  6.37it/s]
(14/65): Propagating:  44%|████▍     | 14/32 [00:02<00:02,  6.37it/s]
(14/65): Propagating:  47%|████▋     | 15/32 [00:02<00:02,  6.38it/s]
(14/65): Propagating:  50%|█████     | 16/32 [00:02<00:02,  6.37it/s]
(14/65): Propagating:  53%|█████▎    | 17/32 [00:02<00:02,  6.38it/s]
(14/65): Propagating:  56%|█████▋    | 18/32 [00:02<00:02,  6.38it/s]
(14/65): Propagating:  59%|█████▉    | 19/32 [00:02<00:02,  6.37it/s]
(14/65): Propagating:  62%|██████▎   | 20/32 [00:03<00:01,  6.36it/s]
(14/65): Propagating:  66%|██████▌   | 21/32 [00:03<00:01,  6.35it/s]
(14/65): Propagating:  69%|██████▉   | 22/32 [00:03<00:01,  6.35it/s]
(14/65): Propagating:  72%|███████▏  | 23/32 [00:03<00:01,  6.35it/s]
(14/65): Propagating:  75%|███████▌  | 24/32 [00:03<00:01,  6.35it/s]
(14/65): Propagating:  78%|███████▊  | 25/32 [00:03<00:01,  6.35it/s]
(14/65): Propagating:  81%|████████▏ | 26/32 [00:04<00:00,  6.35it/s]
(14/65): Propagating:  84%|████████▍ | 27/32 [00:04<00:00,  6.36it/s]
(14/65): Propagating:  88%|████████▊ | 28/32 [00:04<00:00,  6.36it/s]
(14/65): Propagating:  91%|█████████ | 29/32 [00:04<00:00,  6.37it/s]
(14/65): Propagating:  94%|█████████▍| 30/32 [00:04<00:00,  6.37it/s]
(14/65): Propagating:  97%|█████████▋| 31/32 [00:04<00:00,  6.37it/s]
(14/65): Propagating: 100%|██████████| 32/32 [00:05<00:00,  6.36it/s]
(14/65): Propagating: 100%|██████████| 32/32 [00:05<00:00,  6.36it/s]

(15/65): Calibrating:   0%|          | 0/32 [00:00<?, ?it/s]
(15/65): Calibrating:   6%|▋         | 2/32 [00:00<00:01, 15.07it/s]
(15/65): Calibrating:  12%|█▎        | 4/32 [00:00<00:02, 10.81it/s]
(15/65): Calibrating:  19%|█▉        | 6/32 [00:00<00:02,  9.91it/s]
(15/65): Calibrating:  25%|██▌       | 8/32 [00:00<00:02,  9.54it/s]
(15/65): Calibrating:  28%|██▊       | 9/32 [00:00<00:02,  9.42it/s]
(15/65): Calibrating:  31%|███▏      | 10/32 [00:01<00:02,  9.33it/s]
(15/65): Calibrating:  34%|███▍      | 11/32 [00:01<00:02,  9.25it/s]
(15/65): Calibrating:  38%|███▊      | 12/32 [00:01<00:02,  9.19it/s]
(15/65): Calibrating:  41%|████      | 13/32 [00:01<00:02,  9.14it/s]
(15/65): Calibrating:  44%|████▍     | 14/32 [00:01<00:01,  9.11it/s]
(15/65): Calibrating:  47%|████▋     | 15/32 [00:01<00:01,  9.09it/s]
(15/65): Calibrating:  50%|█████     | 16/32 [00:01<00:01,  9.08it/s]
(15/65): Calibrating:  53%|█████▎    | 17/32 [00:01<00:01,  9.06it/s]
(15/65): Calibrating:  56%|█████▋    | 18/32 [00:01<00:01,  9.06it/s]
(15/65): Calibrating:  59%|█████▉    | 19/32 [00:02<00:01,  9.05it/s]
(15/65): Calibrating:  62%|██████▎   | 20/32 [00:02<00:01,  9.04it/s]
(15/65): Calibrating:  66%|██████▌   | 21/32 [00:02<00:01,  9.04it/s]
(15/65): Calibrating:  69%|██████▉   | 22/32 [00:02<00:01,  9.03it/s]
(15/65): Calibrating:  72%|███████▏  | 23/32 [00:02<00:00,  9.04it/s]
(15/65): Calibrating:  75%|███████▌  | 24/32 [00:02<00:00,  9.02it/s]
(15/65): Calibrating:  78%|███████▊  | 25/32 [00:02<00:00,  9.02it/s]
(15/65): Calibrating:  81%|████████▏ | 26/32 [00:02<00:00,  9.02it/s]
(15/65): Calibrating:  84%|████████▍ | 27/32 [00:02<00:00,  9.04it/s]
(15/65): Calibrating:  88%|████████▊ | 28/32 [00:03<00:00,  9.03it/s]
(15/65): Calibrating:  91%|█████████ | 29/32 [00:03<00:00,  9.04it/s]
(15/65): Calibrating:  94%|█████████▍| 30/32 [00:03<00:00,  9.03it/s]
(15/65): Calibrating:  97%|█████████▋| 31/32 [00:03<00:00,  9.04it/s]
(15/65): Calibrating: 100%|██████████| 32/32 [00:03<00:00,  9.04it/s]
(15/65): Calibrating: 100%|██████████| 32/32 [00:03<00:00,  9.26it/s]

(15/65): Propagating:   0%|          | 0/32 [00:00<?, ?it/s]
(15/65): Propagating:   3%|▎         | 1/32 [00:00<00:04,  6.34it/s]
(15/65): Propagating:   6%|▋         | 2/32 [00:00<00:04,  6.34it/s]
(15/65): Propagating:   9%|▉         | 3/32 [00:00<00:04,  6.36it/s]
(15/65): Propagating:  12%|█▎        | 4/32 [00:00<00:04,  6.36it/s]
(15/65): Propagating:  16%|█▌        | 5/32 [00:00<00:04,  6.32it/s]
(15/65): Propagating:  19%|█▉        | 6/32 [00:00<00:04,  6.32it/s]
(15/65): Propagating:  22%|██▏       | 7/32 [00:01<00:03,  6.33it/s]
(15/65): Propagating:  25%|██▌       | 8/32 [00:01<00:03,  6.35it/s]
(15/65): Propagating:  28%|██▊       | 9/32 [00:01<00:03,  6.37it/s]
(15/65): Propagating:  31%|███▏      | 10/32 [00:01<00:03,  6.37it/s]
(15/65): Propagating:  34%|███▍      | 11/32 [00:01<00:03,  6.38it/s]
(15/65): Propagating:  38%|███▊      | 12/32 [00:01<00:03,  6.38it/s]
(15/65): Propagating:  41%|████      | 13/32 [00:02<00:02,  6.38it/s]
(15/65): Propagating:  44%|████▍     | 14/32 [00:02<00:02,  6.38it/s]
(15/65): Propagating:  47%|████▋     | 15/32 [00:02<00:02,  6.38it/s]
(15/65): Propagating:  50%|█████     | 16/32 [00:02<00:02,  6.39it/s]
(15/65): Propagating:  53%|█████▎    | 17/32 [00:02<00:02,  6.38it/s]
(15/65): Propagating:  56%|█████▋    | 18/32 [00:02<00:02,  6.38it/s]
(15/65): Propagating:  59%|█████▉    | 19/32 [00:02<00:02,  6.39it/s]
(15/65): Propagating:  62%|██████▎   | 20/32 [00:03<00:01,  6.38it/s]
(15/65): Propagating:  66%|██████▌   | 21/32 [00:03<00:01,  6.37it/s]
(15/65): Propagating:  69%|██████▉   | 22/32 [00:03<00:01,  6.36it/s]
(15/65): Propagating:  72%|███████▏  | 23/32 [00:03<00:01,  6.35it/s]
(15/65): Propagating:  75%|███████▌  | 24/32 [00:03<00:01,  6.30it/s]
(15/65): Propagating:  78%|███████▊  | 25/32 [00:03<00:01,  6.12it/s]
(15/65): Propagating:  81%|████████▏ | 26/32 [00:04<00:00,  6.07it/s]
(15/65): Propagating:  84%|████████▍ | 27/32 [00:04<00:00,  6.00it/s]
(15/65): Propagating:  88%|████████▊ | 28/32 [00:04<00:00,  6.07it/s]
(15/65): Propagating:  91%|█████████ | 29/32 [00:04<00:00,  6.15it/s]
(15/65): Propagating:  94%|█████████▍| 30/32 [00:04<00:00,  6.19it/s]
(15/65): Propagating:  97%|█████████▋| 31/32 [00:04<00:00,  6.15it/s]
(15/65): Propagating: 100%|██████████| 32/32 [00:05<00:00,  6.06it/s]
(15/65): Propagating: 100%|██████████| 32/32 [00:05<00:00,  6.27it/s]

(16/65): Calibrating:   0%|          | 0/32 [00:00<?, ?it/s]
(16/65): Calibrating:   6%|▋         | 2/32 [00:00<00:02, 13.68it/s]
(16/65): Calibrating:  12%|█▎        | 4/32 [00:00<00:02, 10.53it/s]
(16/65): Calibrating:  19%|█▉        | 6/32 [00:00<00:02,  9.79it/s]
(16/65): Calibrating:  25%|██▌       | 8/32 [00:00<00:02,  9.49it/s]
(16/65): Calibrating:  28%|██▊       | 9/32 [00:00<00:02,  9.39it/s]
(16/65): Calibrating:  31%|███▏      | 10/32 [00:01<00:02,  9.31it/s]
(16/65): Calibrating:  34%|███▍      | 11/32 [00:01<00:02,  9.23it/s]
(16/65): Calibrating:  38%|███▊      | 12/32 [00:01<00:02,  9.18it/s]
(16/65): Calibrating:  41%|████      | 13/32 [00:01<00:02,  9.14it/s]
(16/65): Calibrating:  44%|████▍     | 14/32 [00:01<00:01,  9.13it/s]
(16/65): Calibrating:  47%|████▋     | 15/32 [00:01<00:01,  9.11it/s]
(16/65): Calibrating:  50%|█████     | 16/32 [00:01<00:01,  9.07it/s]
(16/65): Calibrating:  53%|█████▎    | 17/32 [00:01<00:01,  9.06it/s]
(16/65): Calibrating:  56%|█████▋    | 18/32 [00:01<00:01,  9.06it/s]
(16/65): Calibrating:  59%|█████▉    | 19/32 [00:02<00:01,  9.06it/s]
(16/65): Calibrating:  62%|██████▎   | 20/32 [00:02<00:01,  8.99it/s]
(16/65): Calibrating:  66%|██████▌   | 21/32 [00:02<00:01,  8.77it/s]
(16/65): Calibrating:  69%|██████▉   | 22/32 [00:02<00:01,  8.65it/s]
(16/65): Calibrating:  72%|███████▏  | 23/32 [00:02<00:01,  8.59it/s]
(16/65): Calibrating:  75%|███████▌  | 24/32 [00:02<00:00,  8.55it/s]
(16/65): Calibrating:  78%|███████▊  | 25/32 [00:02<00:00,  8.66it/s]
(16/65): Calibrating:  81%|████████▏ | 26/32 [00:02<00:00,  8.77it/s]
(16/65): Calibrating:  84%|████████▍ | 27/32 [00:02<00:00,  8.83it/s]
(16/65): Calibrating:  88%|████████▊ | 28/32 [00:03<00:00,  8.89it/s]
(16/65): Calibrating:  91%|█████████ | 29/32 [00:03<00:00,  8.93it/s]
(16/65): Calibrating:  94%|█████████▍| 30/32 [00:03<00:00,  8.97it/s]
(16/65): Calibrating:  97%|█████████▋| 31/32 [00:03<00:00,  8.99it/s]
(16/65): Calibrating: 100%|██████████| 32/32 [00:03<00:00,  9.00it/s]
(16/65): Calibrating: 100%|██████████| 32/32 [00:03<00:00,  9.14it/s]

(16/65): Propagating:   0%|          | 0/32 [00:00<?, ?it/s]
(16/65): Propagating:   3%|▎         | 1/32 [00:00<00:04,  6.28it/s]
(16/65): Propagating:   6%|▋         | 2/32 [00:00<00:04,  6.30it/s]
(16/65): Propagating:   9%|▉         | 3/32 [00:00<00:04,  6.33it/s]
(16/65): Propagating:  12%|█▎        | 4/32 [00:00<00:04,  6.31it/s]
(16/65): Propagating:  16%|█▌        | 5/32 [00:00<00:04,  6.31it/s]
(16/65): Propagating:  19%|█▉        | 6/32 [00:00<00:04,  6.28it/s]
(16/65): Propagating:  22%|██▏       | 7/32 [00:01<00:03,  6.29it/s]
(16/65): Propagating:  25%|██▌       | 8/32 [00:01<00:03,  6.31it/s]
(16/65): Propagating:  28%|██▊       | 9/32 [00:01<00:03,  6.33it/s]
(16/65): Propagating:  31%|███▏      | 10/32 [00:01<00:03,  6.34it/s]
(16/65): Propagating:  34%|███▍      | 11/32 [00:01<00:03,  6.34it/s]
(16/65): Propagating:  38%|███▊      | 12/32 [00:01<00:03,  6.34it/s]
(16/65): Propagating:  41%|████      | 13/32 [00:02<00:02,  6.34it/s]
(16/65): Propagating:  44%|████▍     | 14/32 [00:02<00:02,  6.34it/s]
(16/65): Propagating:  47%|████▋     | 15/32 [00:02<00:02,  6.34it/s]
(16/65): Propagating:  50%|█████     | 16/32 [00:02<00:02,  6.35it/s]
(16/65): Propagating:  53%|█████▎    | 17/32 [00:02<00:02,  6.36it/s]
(16/65): Propagating:  56%|█████▋    | 18/32 [00:02<00:02,  6.36it/s]
(16/65): Propagating:  59%|█████▉    | 19/32 [00:02<00:02,  6.36it/s]
(16/65): Propagating:  62%|██████▎   | 20/32 [00:03<00:01,  6.37it/s]
(16/65): Propagating:  66%|██████▌   | 21/32 [00:03<00:01,  6.36it/s]
(16/65): Propagating:  69%|██████▉   | 22/32 [00:03<00:01,  6.35it/s]
(16/65): Propagating:  72%|███████▏  | 23/32 [00:03<00:01,  6.34it/s]
(16/65): Propagating:  75%|███████▌  | 24/32 [00:03<00:01,  6.35it/s]
(16/65): Propagating:  78%|███████▊  | 25/32 [00:03<00:01,  6.36it/s]
(16/65): Propagating:  81%|████████▏ | 26/32 [00:04<00:00,  6.35it/s]
(16/65): Propagating:  84%|████████▍ | 27/32 [00:04<00:00,  6.34it/s]
(16/65): Propagating:  88%|████████▊ | 28/32 [00:04<00:00,  6.34it/s]
(16/65): Propagating:  91%|█████████ | 29/32 [00:04<00:00,  6.35it/s]
(16/65): Propagating:  94%|█████████▍| 30/32 [00:04<00:00,  6.35it/s]
(16/65): Propagating:  97%|█████████▋| 31/32 [00:04<00:00,  6.36it/s]
(16/65): Propagating: 100%|██████████| 32/32 [00:05<00:00,  6.37it/s]
(16/65): Propagating: 100%|██████████| 32/32 [00:05<00:00,  6.34it/s]

(17/65): Calibrating:   0%|          | 0/32 [00:00<?, ?it/s]
(17/65): Calibrating:   9%|▉         | 3/32 [00:00<00:01, 16.64it/s]
(17/65): Calibrating:  16%|█▌        | 5/32 [00:00<00:01, 13.95it/s]
(17/65): Calibrating:  22%|██▏       | 7/32 [00:00<00:01, 13.02it/s]
(17/65): Calibrating:  28%|██▊       | 9/32 [00:00<00:01, 12.57it/s]
(17/65): Calibrating:  34%|███▍      | 11/32 [00:00<00:01, 12.33it/s]
(17/65): Calibrating:  41%|████      | 13/32 [00:01<00:01, 11.97it/s]
(17/65): Calibrating:  47%|████▋     | 15/32 [00:01<00:01, 11.94it/s]
(17/65): Calibrating:  53%|█████▎    | 17/32 [00:01<00:01, 11.93it/s]
(17/65): Calibrating:  59%|█████▉    | 19/32 [00:01<00:01, 11.92it/s]
(17/65): Calibrating:  66%|██████▌   | 21/32 [00:01<00:00, 11.91it/s]
(17/65): Calibrating:  72%|███████▏  | 23/32 [00:01<00:00, 11.92it/s]
(17/65): Calibrating:  78%|███████▊  | 25/32 [00:02<00:00, 11.90it/s]
(17/65): Calibrating:  84%|████████▍ | 27/32 [00:02<00:00, 11.90it/s]
(17/65): Calibrating:  91%|█████████ | 29/32 [00:02<00:00, 11.89it/s]
(17/65): Calibrating:  97%|█████████▋| 31/32 [00:02<00:00, 11.90it/s]
(17/65): Calibrating: 100%|██████████| 32/32 [00:02<00:00, 12.18it/s]

(17/65): Propagating:   0%|          | 0/32 [00:00<?, ?it/s]
(17/65): Propagating:   3%|▎         | 1/32 [00:00<00:04,  7.59it/s]
(17/65): Propagating:   6%|▋         | 2/32 [00:00<00:03,  7.64it/s]
(17/65): Propagating:   9%|▉         | 3/32 [00:00<00:03,  7.65it/s]
(17/65): Propagating:  12%|█▎        | 4/32 [00:00<00:03,  7.65it/s]
(17/65): Propagating:  16%|█▌        | 5/32 [00:00<00:03,  7.65it/s]
(17/65): Propagating:  19%|█▉        | 6/32 [00:00<00:03,  7.64it/s]
(17/65): Propagating:  22%|██▏       | 7/32 [00:00<00:03,  7.61it/s]
(17/65): Propagating:  25%|██▌       | 8/32 [00:01<00:03,  7.60it/s]
(17/65): Propagating:  28%|██▊       | 9/32 [00:01<00:03,  7.61it/s]
(17/65): Propagating:  31%|███▏      | 10/32 [00:01<00:02,  7.63it/s]
(17/65): Propagating:  34%|███▍      | 11/32 [00:01<00:02,  7.64it/s]
(17/65): Propagating:  38%|███▊      | 12/32 [00:01<00:02,  7.66it/s]
(17/65): Propagating:  41%|████      | 13/32 [00:01<00:02,  7.66it/s]
(17/65): Propagating:  44%|████▍     | 14/32 [00:01<00:02,  7.66it/s]
(17/65): Propagating:  47%|████▋     | 15/32 [00:01<00:02,  7.65it/s]
(17/65): Propagating:  50%|█████     | 16/32 [00:02<00:02,  7.66it/s]
(17/65): Propagating:  53%|█████▎    | 17/32 [00:02<00:01,  7.66it/s]
(17/65): Propagating:  56%|█████▋    | 18/32 [00:02<00:01,  7.66it/s]
(17/65): Propagating:  59%|█████▉    | 19/32 [00:02<00:01,  7.65it/s]
(17/65): Propagating:  62%|██████▎   | 20/32 [00:02<00:01,  7.66it/s]
(17/65): Propagating:  66%|██████▌   | 21/32 [00:02<00:01,  7.66it/s]
(17/65): Propagating:  69%|██████▉   | 22/32 [00:02<00:01,  7.66it/s]
(17/65): Propagating:  72%|███████▏  | 23/32 [00:03<00:01,  7.66it/s]
(17/65): Propagating:  75%|███████▌  | 24/32 [00:03<00:01,  7.66it/s]
(17/65): Propagating:  78%|███████▊  | 25/32 [00:03<00:00,  7.66it/s]
(17/65): Propagating:  81%|████████▏ | 26/32 [00:03<00:00,  7.66it/s]
(17/65): Propagating:  84%|████████▍ | 27/32 [00:03<00:00,  7.64it/s]
(17/65): Propagating:  88%|████████▊ | 28/32 [00:03<00:00,  7.63it/s]
(17/65): Propagating:  91%|█████████ | 29/32 [00:03<00:00,  7.63it/s]
(17/65): Propagating:  94%|█████████▍| 30/32 [00:03<00:00,  7.64it/s]
(17/65): Propagating:  97%|█████████▋| 31/32 [00:04<00:00,  7.65it/s]
(17/65): Propagating: 100%|██████████| 32/32 [00:04<00:00,  7.66it/s]
(17/65): Propagating: 100%|██████████| 32/32 [00:04<00:00,  7.65it/s]

(18/65): Calibrating:   0%|          | 0/32 [00:00<?, ?it/s]
(18/65): Calibrating:   6%|▋         | 2/32 [00:00<00:01, 15.06it/s]
(18/65): Calibrating:  12%|█▎        | 4/32 [00:00<00:02, 10.83it/s]
(18/65): Calibrating:  19%|█▉        | 6/32 [00:00<00:02,  9.92it/s]
(18/65): Calibrating:  25%|██▌       | 8/32 [00:00<00:02,  9.53it/s]
(18/65): Calibrating:  28%|██▊       | 9/32 [00:00<00:02,  9.43it/s]
(18/65): Calibrating:  31%|███▏      | 10/32 [00:01<00:02,  9.32it/s]
(18/65): Calibrating:  34%|███▍      | 11/32 [00:01<00:02,  9.24it/s]
(18/65): Calibrating:  38%|███▊      | 12/32 [00:01<00:02,  9.18it/s]
(18/65): Calibrating:  41%|████      | 13/32 [00:01<00:02,  9.14it/s]
(18/65): Calibrating:  44%|████▍     | 14/32 [00:01<00:01,  9.11it/s]
(18/65): Calibrating:  47%|████▋     | 15/32 [00:01<00:01,  9.09it/s]
(18/65): Calibrating:  50%|█████     | 16/32 [00:01<00:01,  9.09it/s]
(18/65): Calibrating:  53%|█████▎    | 17/32 [00:01<00:01,  9.09it/s]
(18/65): Calibrating:  56%|█████▋    | 18/32 [00:01<00:01,  9.08it/s]
(18/65): Calibrating:  59%|█████▉    | 19/32 [00:02<00:01,  9.07it/s]
(18/65): Calibrating:  62%|██████▎   | 20/32 [00:02<00:01,  9.06it/s]
(18/65): Calibrating:  66%|██████▌   | 21/32 [00:02<00:01,  9.05it/s]
(18/65): Calibrating:  69%|██████▉   | 22/32 [00:02<00:01,  9.05it/s]
(18/65): Calibrating:  72%|███████▏  | 23/32 [00:02<00:00,  9.06it/s]
(18/65): Calibrating:  75%|███████▌  | 24/32 [00:02<00:00,  9.05it/s]
(18/65): Calibrating:  78%|███████▊  | 25/32 [00:02<00:00,  9.02it/s]
(18/65): Calibrating:  81%|████████▏ | 26/32 [00:02<00:00,  9.02it/s]
(18/65): Calibrating:  84%|████████▍ | 27/32 [00:02<00:00,  9.02it/s]
(18/65): Calibrating:  88%|████████▊ | 28/32 [00:03<00:00,  9.03it/s]
(18/65): Calibrating:  91%|█████████ | 29/32 [00:03<00:00,  9.02it/s]
(18/65): Calibrating:  94%|█████████▍| 30/32 [00:03<00:00,  9.03it/s]
(18/65): Calibrating:  97%|█████████▋| 31/32 [00:03<00:00,  9.03it/s]
(18/65): Calibrating: 100%|██████████| 32/32 [00:03<00:00,  9.04it/s]
(18/65): Calibrating: 100%|██████████| 32/32 [00:03<00:00,  9.26it/s]

(18/65): Propagating:   0%|          | 0/32 [00:00<?, ?it/s]
(18/65): Propagating:   3%|▎         | 1/32 [00:00<00:04,  6.30it/s]
(18/65): Propagating:   6%|▋         | 2/32 [00:00<00:04,  6.34it/s]
(18/65): Propagating:   9%|▉         | 3/32 [00:00<00:04,  6.34it/s]
(18/65): Propagating:  12%|█▎        | 4/32 [00:00<00:04,  6.35it/s]
(18/65): Propagating:  16%|█▌        | 5/32 [00:00<00:04,  6.35it/s]
(18/65): Propagating:  19%|█▉        | 6/32 [00:00<00:04,  6.35it/s]
(18/65): Propagating:  22%|██▏       | 7/32 [00:01<00:03,  6.34it/s]
(18/65): Propagating:  25%|██▌       | 8/32 [00:01<00:03,  6.31it/s]
(18/65): Propagating:  28%|██▊       | 9/32 [00:01<00:03,  6.31it/s]
(18/65): Propagating:  31%|███▏      | 10/32 [00:01<00:03,  6.32it/s]
(18/65): Propagating:  34%|███▍      | 11/32 [00:01<00:03,  6.34it/s]
(18/65): Propagating:  38%|███▊      | 12/32 [00:01<00:03,  6.35it/s]
(18/65): Propagating:  41%|████      | 13/32 [00:02<00:02,  6.35it/s]
(18/65): Propagating:  44%|████▍     | 14/32 [00:02<00:02,  6.36it/s]
(18/65): Propagating:  47%|████▋     | 15/32 [00:02<00:02,  6.35it/s]
(18/65): Propagating:  50%|█████     | 16/32 [00:02<00:02,  6.35it/s]
(18/65): Propagating:  53%|█████▎    | 17/32 [00:02<00:02,  6.35it/s]
(18/65): Propagating:  56%|█████▋    | 18/32 [00:02<00:02,  6.35it/s]
(18/65): Propagating:  59%|█████▉    | 19/32 [00:02<00:02,  6.35it/s]
(18/65): Propagating:  62%|██████▎   | 20/32 [00:03<00:01,  6.35it/s]
(18/65): Propagating:  66%|██████▌   | 21/32 [00:03<00:01,  6.36it/s]
(18/65): Propagating:  69%|██████▉   | 22/32 [00:03<00:01,  6.36it/s]
(18/65): Propagating:  72%|███████▏  | 23/32 [00:03<00:01,  6.35it/s]
(18/65): Propagating:  75%|███████▌  | 24/32 [00:03<00:01,  6.35it/s]
(18/65): Propagating:  78%|███████▊  | 25/32 [00:03<00:01,  6.35it/s]
(18/65): Propagating:  81%|████████▏ | 26/32 [00:04<00:00,  6.35it/s]
(18/65): Propagating:  84%|████████▍ | 27/32 [00:04<00:00,  6.35it/s]
(18/65): Propagating:  88%|████████▊ | 28/32 [00:04<00:00,  6.34it/s]
(18/65): Propagating:  91%|█████████ | 29/32 [00:04<00:00,  6.33it/s]
(18/65): Propagating:  94%|█████████▍| 30/32 [00:04<00:00,  6.33it/s]
(18/65): Propagating:  97%|█████████▋| 31/32 [00:04<00:00,  6.34it/s]
(18/65): Propagating: 100%|██████████| 32/32 [00:05<00:00,  6.34it/s]
(18/65): Propagating: 100%|██████████| 32/32 [00:05<00:00,  6.34it/s]

(19/65): Calibrating:   0%|          | 0/32 [00:00<?, ?it/s]
(19/65): Calibrating:   6%|▋         | 2/32 [00:00<00:01, 15.03it/s]
(19/65): Calibrating:  12%|█▎        | 4/32 [00:00<00:02, 10.79it/s]
(19/65): Calibrating:  19%|█▉        | 6/32 [00:00<00:02,  9.90it/s]
(19/65): Calibrating:  25%|██▌       | 8/32 [00:00<00:02,  9.53it/s]
(19/65): Calibrating:  28%|██▊       | 9/32 [00:00<00:02,  9.41it/s]
(19/65): Calibrating:  31%|███▏      | 10/32 [00:01<00:02,  9.32it/s]
(19/65): Calibrating:  34%|███▍      | 11/32 [00:01<00:02,  9.25it/s]
(19/65): Calibrating:  38%|███▊      | 12/32 [00:01<00:02,  9.20it/s]
(19/65): Calibrating:  41%|████      | 13/32 [00:01<00:02,  9.17it/s]
(19/65): Calibrating:  44%|████▍     | 14/32 [00:01<00:01,  9.14it/s]
(19/65): Calibrating:  47%|████▋     | 15/32 [00:01<00:01,  9.11it/s]
(19/65): Calibrating:  50%|█████     | 16/32 [00:01<00:01,  9.09it/s]
(19/65): Calibrating:  53%|█████▎    | 17/32 [00:01<00:01,  9.07it/s]
(19/65): Calibrating:  56%|█████▋    | 18/32 [00:01<00:01,  9.06it/s]
(19/65): Calibrating:  59%|█████▉    | 19/32 [00:02<00:01,  9.06it/s]
(19/65): Calibrating:  62%|██████▎   | 20/32 [00:02<00:01,  9.06it/s]
(19/65): Calibrating:  66%|██████▌   | 21/32 [00:02<00:01,  9.05it/s]
(19/65): Calibrating:  69%|██████▉   | 22/32 [00:02<00:01,  9.04it/s]
(19/65): Calibrating:  72%|███████▏  | 23/32 [00:02<00:00,  9.03it/s]
(19/65): Calibrating:  75%|███████▌  | 24/32 [00:02<00:00,  9.02it/s]
(19/65): Calibrating:  78%|███████▊  | 25/32 [00:02<00:00,  9.03it/s]
(19/65): Calibrating:  81%|████████▏ | 26/32 [00:02<00:00,  9.03it/s]
(19/65): Calibrating:  84%|████████▍ | 27/32 [00:02<00:00,  9.02it/s]
(19/65): Calibrating:  88%|████████▊ | 28/32 [00:03<00:00,  9.00it/s]
(19/65): Calibrating:  91%|█████████ | 29/32 [00:03<00:00,  9.00it/s]
(19/65): Calibrating:  94%|█████████▍| 30/32 [00:03<00:00,  9.01it/s]
(19/65): Calibrating:  97%|█████████▋| 31/32 [00:03<00:00,  9.00it/s]
(19/65): Calibrating: 100%|██████████| 32/32 [00:03<00:00,  9.02it/s]
(19/65): Calibrating: 100%|██████████| 32/32 [00:03<00:00,  9.26it/s]

(19/65): Propagating:   0%|          | 0/32 [00:00<?, ?it/s]
(19/65): Propagating:   3%|▎         | 1/32 [00:00<00:04,  6.32it/s]
(19/65): Propagating:   6%|▋         | 2/32 [00:00<00:04,  6.34it/s]
(19/65): Propagating:   9%|▉         | 3/32 [00:00<00:04,  6.35it/s]
(19/65): Propagating:  12%|█▎        | 4/32 [00:00<00:04,  6.34it/s]
(19/65): Propagating:  16%|█▌        | 5/32 [00:00<00:04,  6.35it/s]
(19/65): Propagating:  19%|█▉        | 6/32 [00:00<00:04,  6.35it/s]
(19/65): Propagating:  22%|██▏       | 7/32 [00:01<00:03,  6.35it/s]
(19/65): Propagating:  25%|██▌       | 8/32 [00:01<00:03,  6.34it/s]
(19/65): Propagating:  28%|██▊       | 9/32 [00:01<00:03,  6.32it/s]
(19/65): Propagating:  31%|███▏      | 10/32 [00:01<00:03,  6.32it/s]
(19/65): Propagating:  34%|███▍      | 11/32 [00:01<00:03,  6.33it/s]
(19/65): Propagating:  38%|███▊      | 12/32 [00:01<00:03,  6.34it/s]
(19/65): Propagating:  41%|████      | 13/32 [00:02<00:02,  6.35it/s]
(19/65): Propagating:  44%|████▍     | 14/32 [00:02<00:02,  6.36it/s]
(19/65): Propagating:  47%|████▋     | 15/32 [00:02<00:02,  6.35it/s]
(19/65): Propagating:  50%|█████     | 16/32 [00:02<00:02,  6.36it/s]
(19/65): Propagating:  53%|█████▎    | 17/32 [00:02<00:02,  6.36it/s]
(19/65): Propagating:  56%|█████▋    | 18/32 [00:02<00:02,  6.36it/s]
(19/65): Propagating:  59%|█████▉    | 19/32 [00:02<00:02,  6.36it/s]
(19/65): Propagating:  62%|██████▎   | 20/32 [00:03<00:01,  6.36it/s]
(19/65): Propagating:  66%|██████▌   | 21/32 [00:03<00:01,  6.36it/s]
(19/65): Propagating:  69%|██████▉   | 22/32 [00:03<00:01,  6.36it/s]
(19/65): Propagating:  72%|███████▏  | 23/32 [00:03<00:01,  6.36it/s]
(19/65): Propagating:  75%|███████▌  | 24/32 [00:03<00:01,  6.36it/s]
(19/65): Propagating:  78%|███████▊  | 25/32 [00:03<00:01,  6.37it/s]
(19/65): Propagating:  81%|████████▏ | 26/32 [00:04<00:00,  6.37it/s]
(19/65): Propagating:  84%|████████▍ | 27/32 [00:04<00:00,  6.37it/s]
(19/65): Propagating:  88%|████████▊ | 28/32 [00:04<00:00,  6.37it/s]
(19/65): Propagating:  91%|█████████ | 29/32 [00:04<00:00,  6.35it/s]
(19/65): Propagating:  94%|█████████▍| 30/32 [00:04<00:00,  6.34it/s]
(19/65): Propagating:  97%|█████████▋| 31/32 [00:04<00:00,  6.31it/s]
(19/65): Propagating: 100%|██████████| 32/32 [00:05<00:00,  6.13it/s]
(19/65): Propagating: 100%|██████████| 32/32 [00:05<00:00,  6.33it/s]

(20/65): Calibrating:   0%|          | 0/32 [00:00<?, ?it/s]
(20/65): Calibrating:   6%|▋         | 2/32 [00:00<00:02, 14.44it/s]
(20/65): Calibrating:  12%|█▎        | 4/32 [00:00<00:02, 10.44it/s]
(20/65): Calibrating:  19%|█▉        | 6/32 [00:00<00:02,  9.82it/s]
(20/65): Calibrating:  25%|██▌       | 8/32 [00:00<00:02,  9.29it/s]
(20/65): Calibrating:  28%|██▊       | 9/32 [00:00<00:02,  9.24it/s]
(20/65): Calibrating:  31%|███▏      | 10/32 [00:01<00:02,  9.18it/s]
(20/65): Calibrating:  34%|███▍      | 11/32 [00:01<00:02,  9.12it/s]
(20/65): Calibrating:  38%|███▊      | 12/32 [00:01<00:02,  9.06it/s]
(20/65): Calibrating:  41%|████      | 13/32 [00:01<00:02,  9.03it/s]
(20/65): Calibrating:  44%|████▍     | 14/32 [00:01<00:01,  9.00it/s]
(20/65): Calibrating:  47%|████▋     | 15/32 [00:01<00:01,  8.97it/s]
(20/65): Calibrating:  50%|█████     | 16/32 [00:01<00:01,  8.85it/s]
(20/65): Calibrating:  53%|█████▎    | 17/32 [00:01<00:01,  8.88it/s]
(20/65): Calibrating:  56%|█████▋    | 18/32 [00:01<00:01,  8.86it/s]
(20/65): Calibrating:  59%|█████▉    | 19/32 [00:02<00:01,  8.89it/s]
(20/65): Calibrating:  62%|██████▎   | 20/32 [00:02<00:01,  8.92it/s]
(20/65): Calibrating:  66%|██████▌   | 21/32 [00:02<00:01,  8.85it/s]
(20/65): Calibrating:  69%|██████▉   | 22/32 [00:02<00:01,  8.78it/s]
(20/65): Calibrating:  72%|███████▏  | 23/32 [00:02<00:01,  8.79it/s]
(20/65): Calibrating:  75%|███████▌  | 24/32 [00:02<00:00,  8.86it/s]
(20/65): Calibrating:  78%|███████▊  | 25/32 [00:02<00:00,  8.90it/s]
(20/65): Calibrating:  81%|████████▏ | 26/32 [00:02<00:00,  8.94it/s]
(20/65): Calibrating:  84%|████████▍ | 27/32 [00:02<00:00,  8.97it/s]
(20/65): Calibrating:  88%|████████▊ | 28/32 [00:03<00:00,  8.99it/s]
(20/65): Calibrating:  91%|█████████ | 29/32 [00:03<00:00,  8.73it/s]
(20/65): Calibrating:  94%|█████████▍| 30/32 [00:03<00:00,  8.57it/s]
(20/65): Calibrating:  97%|█████████▋| 31/32 [00:03<00:00,  8.53it/s]
(20/65): Calibrating: 100%|██████████| 32/32 [00:03<00:00,  8.65it/s]
(20/65): Calibrating: 100%|██████████| 32/32 [00:03<00:00,  9.04it/s]

(20/65): Propagating:   0%|          | 0/32 [00:00<?, ?it/s]
(20/65): Propagating:   3%|▎         | 1/32 [00:00<00:04,  6.26it/s]
(20/65): Propagating:   6%|▋         | 2/32 [00:00<00:04,  6.32it/s]
(20/65): Propagating:   9%|▉         | 3/32 [00:00<00:04,  6.33it/s]
(20/65): Propagating:  12%|█▎        | 4/32 [00:00<00:04,  6.34it/s]
(20/65): Propagating:  16%|█▌        | 5/32 [00:00<00:04,  6.35it/s]
(20/65): Propagating:  19%|█▉        | 6/32 [00:00<00:04,  6.36it/s]
(20/65): Propagating:  22%|██▏       | 7/32 [00:01<00:03,  6.37it/s]
(20/65): Propagating:  25%|██▌       | 8/32 [00:01<00:03,  6.37it/s]
(20/65): Propagating:  28%|██▊       | 9/32 [00:01<00:03,  6.37it/s]
(20/65): Propagating:  31%|███▏      | 10/32 [00:01<00:03,  6.35it/s]
(20/65): Propagating:  34%|███▍      | 11/32 [00:01<00:03,  6.35it/s]
(20/65): Propagating:  38%|███▊      | 12/32 [00:01<00:03,  6.35it/s]
(20/65): Propagating:  41%|████      | 13/32 [00:02<00:02,  6.36it/s]
(20/65): Propagating:  44%|████▍     | 14/32 [00:02<00:02,  6.37it/s]
(20/65): Propagating:  47%|████▋     | 15/32 [00:02<00:02,  6.37it/s]
(20/65): Propagating:  50%|█████     | 16/32 [00:02<00:02,  6.38it/s]
(20/65): Propagating:  53%|█████▎    | 17/32 [00:02<00:02,  6.38it/s]
(20/65): Propagating:  56%|█████▋    | 18/32 [00:02<00:02,  6.37it/s]
(20/65): Propagating:  59%|█████▉    | 19/32 [00:02<00:02,  6.37it/s]
(20/65): Propagating:  62%|██████▎   | 20/32 [00:03<00:01,  6.37it/s]
(20/65): Propagating:  66%|██████▌   | 21/32 [00:03<00:01,  6.37it/s]
(20/65): Propagating:  69%|██████▉   | 22/32 [00:03<00:01,  6.37it/s]
(20/65): Propagating:  72%|███████▏  | 23/32 [00:03<00:01,  6.36it/s]
(20/65): Propagating:  75%|███████▌  | 24/32 [00:03<00:01,  6.36it/s]
(20/65): Propagating:  78%|███████▊  | 25/32 [00:03<00:01,  6.36it/s]
(20/65): Propagating:  81%|████████▏ | 26/32 [00:04<00:00,  6.36it/s]
(20/65): Propagating:  84%|████████▍ | 27/32 [00:04<00:00,  6.36it/s]
(20/65): Propagating:  88%|████████▊ | 28/32 [00:04<00:00,  6.36it/s]
(20/65): Propagating:  91%|█████████ | 29/32 [00:04<00:00,  6.36it/s]
(20/65): Propagating:  94%|█████████▍| 30/32 [00:04<00:00,  6.36it/s]
(20/65): Propagating:  97%|█████████▋| 31/32 [00:04<00:00,  6.36it/s]
(20/65): Propagating: 100%|██████████| 32/32 [00:05<00:00,  6.35it/s]
(20/65): Propagating: 100%|██████████| 32/32 [00:05<00:00,  6.36it/s]

(21/65): Calibrating:   0%|          | 0/32 [00:00<?, ?it/s]
(21/65): Calibrating:   9%|▉         | 3/32 [00:00<00:01, 16.66it/s]
(21/65): Calibrating:  16%|█▌        | 5/32 [00:00<00:01, 13.91it/s]
(21/65): Calibrating:  22%|██▏       | 7/32 [00:00<00:01, 12.99it/s]
(21/65): Calibrating:  28%|██▊       | 9/32 [00:00<00:01, 12.53it/s]
(21/65): Calibrating:  34%|███▍      | 11/32 [00:00<00:01, 12.28it/s]
(21/65): Calibrating:  41%|████      | 13/32 [00:01<00:01, 12.14it/s]
(21/65): Calibrating:  47%|████▋     | 15/32 [00:01<00:01, 12.04it/s]
(21/65): Calibrating:  53%|█████▎    | 17/32 [00:01<00:01, 12.00it/s]
(21/65): Calibrating:  59%|█████▉    | 19/32 [00:01<00:01, 11.96it/s]
(21/65): Calibrating:  66%|██████▌   | 21/32 [00:01<00:00, 11.69it/s]
(21/65): Calibrating:  72%|███████▏  | 23/32 [00:01<00:00, 11.80it/s]
(21/65): Calibrating:  78%|███████▊  | 25/32 [00:02<00:00, 11.83it/s]
(21/65): Calibrating:  84%|████████▍ | 27/32 [00:02<00:00, 11.82it/s]
(21/65): Calibrating:  91%|█████████ | 29/32 [00:02<00:00, 11.84it/s]
(21/65): Calibrating:  97%|█████████▋| 31/32 [00:02<00:00, 11.85it/s]
(21/65): Calibrating: 100%|██████████| 32/32 [00:02<00:00, 12.15it/s]

(21/65): Propagating:   0%|          | 0/32 [00:00<?, ?it/s]
(21/65): Propagating:   3%|▎         | 1/32 [00:00<00:04,  7.63it/s]
(21/65): Propagating:   6%|▋         | 2/32 [00:00<00:03,  7.61it/s]
(21/65): Propagating:   9%|▉         | 3/32 [00:00<00:03,  7.65it/s]
(21/65): Propagating:  12%|█▎        | 4/32 [00:00<00:03,  7.65it/s]
(21/65): Propagating:  16%|█▌        | 5/32 [00:00<00:03,  7.66it/s]
(21/65): Propagating:  19%|█▉        | 6/32 [00:00<00:03,  7.64it/s]
(21/65): Propagating:  22%|██▏       | 7/32 [00:00<00:03,  7.63it/s]
(21/65): Propagating:  25%|██▌       | 8/32 [00:01<00:03,  7.63it/s]
(21/65): Propagating:  28%|██▊       | 9/32 [00:01<00:03,  7.65it/s]
(21/65): Propagating:  31%|███▏      | 10/32 [00:01<00:02,  7.65it/s]
(21/65): Propagating:  34%|███▍      | 11/32 [00:01<00:02,  7.61it/s]
(21/65): Propagating:  38%|███▊      | 12/32 [00:01<00:02,  7.60it/s]
(21/65): Propagating:  41%|████      | 13/32 [00:01<00:02,  7.61it/s]
(21/65): Propagating:  44%|████▍     | 14/32 [00:01<00:02,  7.64it/s]
(21/65): Propagating:  47%|████▋     | 15/32 [00:01<00:02,  7.66it/s]
(21/65): Propagating:  50%|█████     | 16/32 [00:02<00:02,  7.67it/s]
(21/65): Propagating:  53%|█████▎    | 17/32 [00:02<00:01,  7.67it/s]
(21/65): Propagating:  56%|█████▋    | 18/32 [00:02<00:01,  7.67it/s]
(21/65): Propagating:  59%|█████▉    | 19/32 [00:02<00:01,  7.68it/s]
(21/65): Propagating:  62%|██████▎   | 20/32 [00:02<00:01,  7.68it/s]
(21/65): Propagating:  66%|██████▌   | 21/32 [00:02<00:01,  7.68it/s]
(21/65): Propagating:  69%|██████▉   | 22/32 [00:02<00:01,  7.68it/s]
(21/65): Propagating:  72%|███████▏  | 23/32 [00:03<00:01,  7.68it/s]
(21/65): Propagating:  75%|███████▌  | 24/32 [00:03<00:01,  7.68it/s]
(21/65): Propagating:  78%|███████▊  | 25/32 [00:03<00:00,  7.68it/s]
(21/65): Propagating:  81%|████████▏ | 26/32 [00:03<00:00,  7.67it/s]
(21/65): Propagating:  84%|████████▍ | 27/32 [00:03<00:00,  7.67it/s]
(21/65): Propagating:  88%|████████▊ | 28/32 [00:03<00:00,  7.67it/s]
(21/65): Propagating:  91%|█████████ | 29/32 [00:03<00:00,  7.67it/s]
(21/65): Propagating:  94%|█████████▍| 30/32 [00:03<00:00,  7.67it/s]
(21/65): Propagating:  97%|█████████▋| 31/32 [00:04<00:00,  7.68it/s]
(21/65): Propagating: 100%|██████████| 32/32 [00:04<00:00,  7.67it/s]
(21/65): Propagating: 100%|██████████| 32/32 [00:04<00:00,  7.66it/s]

(22/65): Calibrating:   0%|          | 0/32 [00:00<?, ?it/s]
(22/65): Calibrating:   6%|▋         | 2/32 [00:00<00:01, 15.03it/s]
(22/65): Calibrating:  12%|█▎        | 4/32 [00:00<00:02, 10.80it/s]
(22/65): Calibrating:  19%|█▉        | 6/32 [00:00<00:02,  9.91it/s]
(22/65): Calibrating:  25%|██▌       | 8/32 [00:00<00:02,  9.54it/s]
(22/65): Calibrating:  28%|██▊       | 9/32 [00:00<00:02,  9.44it/s]
(22/65): Calibrating:  31%|███▏      | 10/32 [00:01<00:02,  9.34it/s]
(22/65): Calibrating:  34%|███▍      | 11/32 [00:01<00:02,  9.25it/s]
(22/65): Calibrating:  38%|███▊      | 12/32 [00:01<00:02,  9.19it/s]
(22/65): Calibrating:  41%|████      | 13/32 [00:01<00:02,  9.15it/s]
(22/65): Calibrating:  44%|████▍     | 14/32 [00:01<00:01,  9.12it/s]
(22/65): Calibrating:  47%|████▋     | 15/32 [00:01<00:01,  9.09it/s]
(22/65): Calibrating:  50%|█████     | 16/32 [00:01<00:01,  9.09it/s]
(22/65): Calibrating:  53%|█████▎    | 17/32 [00:01<00:01,  9.07it/s]
(22/65): Calibrating:  56%|█████▋    | 18/32 [00:01<00:01,  9.06it/s]
(22/65): Calibrating:  59%|█████▉    | 19/32 [00:02<00:01,  9.04it/s]
(22/65): Calibrating:  62%|██████▎   | 20/32 [00:02<00:01,  9.03it/s]
(22/65): Calibrating:  66%|██████▌   | 21/32 [00:02<00:01,  9.02it/s]
(22/65): Calibrating:  69%|██████▉   | 22/32 [00:02<00:01,  9.04it/s]
(22/65): Calibrating:  72%|███████▏  | 23/32 [00:02<00:00,  9.03it/s]
(22/65): Calibrating:  75%|███████▌  | 24/32 [00:02<00:00,  9.03it/s]
(22/65): Calibrating:  78%|███████▊  | 25/32 [00:02<00:00,  9.02it/s]
(22/65): Calibrating:  81%|████████▏ | 26/32 [00:02<00:00,  9.03it/s]
(22/65): Calibrating:  84%|████████▍ | 27/32 [00:02<00:00,  9.03it/s]
(22/65): Calibrating:  88%|████████▊ | 28/32 [00:03<00:00,  9.02it/s]
(22/65): Calibrating:  91%|█████████ | 29/32 [00:03<00:00,  9.03it/s]
(22/65): Calibrating:  94%|█████████▍| 30/32 [00:03<00:00,  9.02it/s]
(22/65): Calibrating:  97%|█████████▋| 31/32 [00:03<00:00,  9.03it/s]
(22/65): Calibrating: 100%|██████████| 32/32 [00:03<00:00,  9.03it/s]
(22/65): Calibrating: 100%|██████████| 32/32 [00:03<00:00,  9.26it/s]

(22/65): Propagating:   0%|          | 0/32 [00:00<?, ?it/s]
(22/65): Propagating:   3%|▎         | 1/32 [00:00<00:04,  6.31it/s]
(22/65): Propagating:   6%|▋         | 2/32 [00:00<00:04,  6.31it/s]
(22/65): Propagating:   9%|▉         | 3/32 [00:00<00:04,  6.31it/s]
(22/65): Propagating:  12%|█▎        | 4/32 [00:00<00:04,  6.33it/s]
(22/65): Propagating:  16%|█▌        | 5/32 [00:00<00:04,  6.34it/s]
(22/65): Propagating:  19%|█▉        | 6/32 [00:00<00:04,  6.35it/s]
(22/65): Propagating:  22%|██▏       | 7/32 [00:01<00:03,  6.34it/s]
(22/65): Propagating:  25%|██▌       | 8/32 [00:01<00:03,  6.32it/s]
(22/65): Propagating:  28%|██▊       | 9/32 [00:01<00:03,  6.32it/s]
(22/65): Propagating:  31%|███▏      | 10/32 [00:01<00:03,  6.33it/s]
(22/65): Propagating:  34%|███▍      | 11/32 [00:01<00:03,  6.33it/s]
(22/65): Propagating:  38%|███▊      | 12/32 [00:01<00:03,  6.31it/s]
(22/65): Propagating:  41%|████      | 13/32 [00:02<00:03,  6.32it/s]
(22/65): Propagating:  44%|████▍     | 14/32 [00:02<00:02,  6.33it/s]
(22/65): Propagating:  47%|████▋     | 15/32 [00:02<00:02,  6.34it/s]
(22/65): Propagating:  50%|█████     | 16/32 [00:02<00:02,  6.35it/s]
(22/65): Propagating:  53%|█████▎    | 17/32 [00:02<00:02,  6.35it/s]
(22/65): Propagating:  56%|█████▋    | 18/32 [00:02<00:02,  6.36it/s]
(22/65): Propagating:  59%|█████▉    | 19/32 [00:02<00:02,  6.36it/s]
(22/65): Propagating:  62%|██████▎   | 20/32 [00:03<00:01,  6.36it/s]
(22/65): Propagating:  66%|██████▌   | 21/32 [00:03<00:01,  6.36it/s]
(22/65): Propagating:  69%|██████▉   | 22/32 [00:03<00:01,  6.36it/s]
(22/65): Propagating:  72%|███████▏  | 23/32 [00:03<00:01,  6.36it/s]
(22/65): Propagating:  75%|███████▌  | 24/32 [00:03<00:01,  6.36it/s]
(22/65): Propagating:  78%|███████▊  | 25/32 [00:03<00:01,  6.37it/s]
(22/65): Propagating:  81%|████████▏ | 26/32 [00:04<00:00,  6.36it/s]
(22/65): Propagating:  84%|████████▍ | 27/32 [00:04<00:00,  6.36it/s]
(22/65): Propagating:  88%|████████▊ | 28/32 [00:04<00:00,  6.36it/s]
(22/65): Propagating:  91%|█████████ | 29/32 [00:04<00:00,  6.36it/s]
(22/65): Propagating:  94%|█████████▍| 30/32 [00:04<00:00,  6.36it/s]
(22/65): Propagating:  97%|█████████▋| 31/32 [00:04<00:00,  6.37it/s]
(22/65): Propagating: 100%|██████████| 32/32 [00:05<00:00,  6.36it/s]
(22/65): Propagating: 100%|██████████| 32/32 [00:05<00:00,  6.35it/s]

(23/65): Calibrating:   0%|          | 0/32 [00:00<?, ?it/s]
(23/65): Calibrating:   6%|▋         | 2/32 [00:00<00:01, 15.08it/s]
(23/65): Calibrating:  12%|█▎        | 4/32 [00:00<00:02, 10.82it/s]
(23/65): Calibrating:  19%|█▉        | 6/32 [00:00<00:02,  9.94it/s]
(23/65): Calibrating:  25%|██▌       | 8/32 [00:00<00:02,  9.56it/s]
(23/65): Calibrating:  28%|██▊       | 9/32 [00:00<00:02,  9.43it/s]
(23/65): Calibrating:  31%|███▏      | 10/32 [00:01<00:02,  9.33it/s]
(23/65): Calibrating:  34%|███▍      | 11/32 [00:01<00:02,  9.26it/s]
(23/65): Calibrating:  38%|███▊      | 12/32 [00:01<00:02,  9.20it/s]
(23/65): Calibrating:  41%|████      | 13/32 [00:01<00:02,  9.16it/s]
(23/65): Calibrating:  44%|████▍     | 14/32 [00:01<00:01,  9.12it/s]
(23/65): Calibrating:  47%|████▋     | 15/32 [00:01<00:01,  9.09it/s]
(23/65): Calibrating:  50%|█████     | 16/32 [00:01<00:01,  9.07it/s]
(23/65): Calibrating:  53%|█████▎    | 17/32 [00:01<00:01,  9.07it/s]
(23/65): Calibrating:  56%|█████▋    | 18/32 [00:01<00:01,  9.07it/s]
(23/65): Calibrating:  59%|█████▉    | 19/32 [00:02<00:01,  9.06it/s]
(23/65): Calibrating:  62%|██████▎   | 20/32 [00:02<00:01,  9.04it/s]
(23/65): Calibrating:  66%|██████▌   | 21/32 [00:02<00:01,  9.05it/s]
(23/65): Calibrating:  69%|██████▉   | 22/32 [00:02<00:01,  9.04it/s]
(23/65): Calibrating:  72%|███████▏  | 23/32 [00:02<00:00,  9.04it/s]
(23/65): Calibrating:  75%|███████▌  | 24/32 [00:02<00:00,  9.04it/s]
(23/65): Calibrating:  78%|███████▊  | 25/32 [00:02<00:00,  9.05it/s]
(23/65): Calibrating:  81%|████████▏ | 26/32 [00:02<00:00,  9.04it/s]
(23/65): Calibrating:  84%|████████▍ | 27/32 [00:02<00:00,  9.03it/s]
(23/65): Calibrating:  88%|████████▊ | 28/32 [00:03<00:00,  9.03it/s]
(23/65): Calibrating:  91%|█████████ | 29/32 [00:03<00:00,  9.02it/s]
(23/65): Calibrating:  94%|█████████▍| 30/32 [00:03<00:00,  9.03it/s]
(23/65): Calibrating:  97%|█████████▋| 31/32 [00:03<00:00,  9.02it/s]
(23/65): Calibrating: 100%|██████████| 32/32 [00:03<00:00,  9.03it/s]
(23/65): Calibrating: 100%|██████████| 32/32 [00:03<00:00,  9.27it/s]

(23/65): Propagating:   0%|          | 0/32 [00:00<?, ?it/s]
(23/65): Propagating:   3%|▎         | 1/32 [00:00<00:04,  6.32it/s]
(23/65): Propagating:   6%|▋         | 2/32 [00:00<00:04,  6.33it/s]
(23/65): Propagating:   9%|▉         | 3/32 [00:00<00:04,  6.33it/s]
(23/65): Propagating:  12%|█▎        | 4/32 [00:00<00:04,  6.32it/s]
(23/65): Propagating:  16%|█▌        | 5/32 [00:00<00:04,  6.33it/s]
(23/65): Propagating:  19%|█▉        | 6/32 [00:00<00:04,  6.35it/s]
(23/65): Propagating:  22%|██▏       | 7/32 [00:01<00:03,  6.35it/s]
(23/65): Propagating:  25%|██▌       | 8/32 [00:01<00:03,  6.34it/s]
(23/65): Propagating:  28%|██▊       | 9/32 [00:01<00:03,  6.33it/s]
(23/65): Propagating:  31%|███▏      | 10/32 [00:01<00:03,  6.33it/s]
(23/65): Propagating:  34%|███▍      | 11/32 [00:01<00:03,  6.34it/s]
(23/65): Propagating:  38%|███▊      | 12/32 [00:01<00:03,  6.35it/s]
(23/65): Propagating:  41%|████      | 13/32 [00:02<00:03,  6.32it/s]
(23/65): Propagating:  44%|████▍     | 14/32 [00:02<00:02,  6.31it/s]
(23/65): Propagating:  47%|████▋     | 15/32 [00:02<00:02,  6.32it/s]
(23/65): Propagating:  50%|█████     | 16/32 [00:02<00:02,  6.31it/s]
(23/65): Propagating:  53%|█████▎    | 17/32 [00:02<00:02,  6.31it/s]
(23/65): Propagating:  56%|█████▋    | 18/32 [00:02<00:02,  6.33it/s]
(23/65): Propagating:  59%|█████▉    | 19/32 [00:03<00:02,  6.33it/s]
(23/65): Propagating:  62%|██████▎   | 20/32 [00:03<00:01,  6.31it/s]
(23/65): Propagating:  66%|██████▌   | 21/32 [00:03<00:01,  6.30it/s]
(23/65): Propagating:  69%|██████▉   | 22/32 [00:03<00:01,  6.30it/s]
(23/65): Propagating:  72%|███████▏  | 23/32 [00:03<00:01,  6.31it/s]
(23/65): Propagating:  75%|███████▌  | 24/32 [00:03<00:01,  6.32it/s]
(23/65): Propagating:  78%|███████▊  | 25/32 [00:03<00:01,  6.32it/s]
(23/65): Propagating:  81%|████████▏ | 26/32 [00:04<00:00,  6.33it/s]
(23/65): Propagating:  84%|████████▍ | 27/32 [00:04<00:00,  6.34it/s]
(23/65): Propagating:  88%|████████▊ | 28/32 [00:04<00:00,  6.34it/s]
(23/65): Propagating:  91%|█████████ | 29/32 [00:04<00:00,  6.34it/s]
(23/65): Propagating:  94%|█████████▍| 30/32 [00:04<00:00,  6.34it/s]
(23/65): Propagating:  97%|█████████▋| 31/32 [00:04<00:00,  6.35it/s]
(23/65): Propagating: 100%|██████████| 32/32 [00:05<00:00,  6.36it/s]
(23/65): Propagating: 100%|██████████| 32/32 [00:05<00:00,  6.33it/s]

(24/65): Calibrating:   0%|          | 0/32 [00:00<?, ?it/s]
(24/65): Calibrating:   6%|▋         | 2/32 [00:00<00:01, 15.07it/s]
(24/65): Calibrating:  12%|█▎        | 4/32 [00:00<00:02, 10.82it/s]
(24/65): Calibrating:  19%|█▉        | 6/32 [00:00<00:02,  9.91it/s]
(24/65): Calibrating:  25%|██▌       | 8/32 [00:00<00:02,  9.54it/s]
(24/65): Calibrating:  28%|██▊       | 9/32 [00:00<00:02,  9.42it/s]
(24/65): Calibrating:  31%|███▏      | 10/32 [00:01<00:02,  9.16it/s]
(24/65): Calibrating:  34%|███▍      | 11/32 [00:01<00:02,  9.05it/s]
(24/65): Calibrating:  38%|███▊      | 12/32 [00:01<00:02,  9.03it/s]
(24/65): Calibrating:  41%|████      | 13/32 [00:01<00:02,  8.95it/s]
(24/65): Calibrating:  44%|████▍     | 14/32 [00:01<00:02,  8.85it/s]
(24/65): Calibrating:  47%|████▋     | 15/32 [00:01<00:01,  8.78it/s]
(24/65): Calibrating:  50%|█████     | 16/32 [00:01<00:01,  8.74it/s]
(24/65): Calibrating:  53%|█████▎    | 17/32 [00:01<00:01,  8.89it/s]
(24/65): Calibrating:  56%|█████▋    | 18/32 [00:01<00:01,  8.91it/s]
(24/65): Calibrating:  59%|█████▉    | 19/32 [00:02<00:01,  8.93it/s]
(24/65): Calibrating:  62%|██████▎   | 20/32 [00:02<00:01,  8.95it/s]
(24/65): Calibrating:  66%|██████▌   | 21/32 [00:02<00:01,  8.97it/s]
(24/65): Calibrating:  69%|██████▉   | 22/32 [00:02<00:01,  8.94it/s]
(24/65): Calibrating:  72%|███████▏  | 23/32 [00:02<00:01,  8.92it/s]
(24/65): Calibrating:  75%|███████▌  | 24/32 [00:02<00:00,  8.93it/s]
(24/65): Calibrating:  78%|███████▊  | 25/32 [00:02<00:00,  8.87it/s]
(24/65): Calibrating:  81%|████████▏ | 26/32 [00:02<00:00,  8.84it/s]
(24/65): Calibrating:  84%|████████▍ | 27/32 [00:02<00:00,  8.85it/s]
(24/65): Calibrating:  88%|████████▊ | 28/32 [00:03<00:00,  8.80it/s]
(24/65): Calibrating:  91%|█████████ | 29/32 [00:03<00:00,  8.83it/s]
(24/65): Calibrating:  94%|█████████▍| 30/32 [00:03<00:00,  8.85it/s]
(24/65): Calibrating:  97%|█████████▋| 31/32 [00:03<00:00,  8.87it/s]
(24/65): Calibrating: 100%|██████████| 32/32 [00:03<00:00,  8.85it/s]
(24/65): Calibrating: 100%|██████████| 32/32 [00:03<00:00,  9.11it/s]

(24/65): Propagating:   0%|          | 0/32 [00:00<?, ?it/s]
(24/65): Propagating:   3%|▎         | 1/32 [00:00<00:05,  6.14it/s]
(24/65): Propagating:   6%|▋         | 2/32 [00:00<00:04,  6.15it/s]
(24/65): Propagating:   9%|▉         | 3/32 [00:00<00:04,  6.05it/s]
(24/65): Propagating:  12%|█▎        | 4/32 [00:00<00:04,  5.97it/s]
(24/65): Propagating:  16%|█▌        | 5/32 [00:00<00:04,  6.06it/s]
(24/65): Propagating:  19%|█▉        | 6/32 [00:00<00:04,  6.05it/s]
(24/65): Propagating:  22%|██▏       | 7/32 [00:01<00:04,  6.06it/s]
(24/65): Propagating:  25%|██▌       | 8/32 [00:01<00:03,  6.11it/s]
(24/65): Propagating:  28%|██▊       | 9/32 [00:01<00:03,  6.09it/s]
(24/65): Propagating:  31%|███▏      | 10/32 [00:01<00:03,  6.08it/s]
(24/65): Propagating:  34%|███▍      | 11/32 [00:01<00:03,  6.12it/s]
(24/65): Propagating:  38%|███▊      | 12/32 [00:01<00:03,  6.18it/s]
(24/65): Propagating:  41%|████      | 13/32 [00:02<00:03,  6.22it/s]
(24/65): Propagating:  44%|████▍     | 14/32 [00:02<00:02,  6.24it/s]
(24/65): Propagating:  47%|████▋     | 15/32 [00:02<00:02,  6.26it/s]
(24/65): Propagating:  50%|█████     | 16/32 [00:02<00:02,  6.29it/s]
(24/65): Propagating:  53%|█████▎    | 17/32 [00:02<00:02,  6.30it/s]
(24/65): Propagating:  56%|█████▋    | 18/32 [00:02<00:02,  6.33it/s]
(24/65): Propagating:  59%|█████▉    | 19/32 [00:03<00:02,  6.34it/s]
(24/65): Propagating:  62%|██████▎   | 20/32 [00:03<00:01,  6.33it/s]
(24/65): Propagating:  66%|██████▌   | 21/32 [00:03<00:01,  6.31it/s]
(24/65): Propagating:  69%|██████▉   | 22/32 [00:03<00:01,  6.32it/s]
(24/65): Propagating:  72%|███████▏  | 23/32 [00:03<00:01,  6.33it/s]
(24/65): Propagating:  75%|███████▌  | 24/32 [00:03<00:01,  6.34it/s]
(24/65): Propagating:  78%|███████▊  | 25/32 [00:04<00:01,  6.35it/s]
(24/65): Propagating:  81%|████████▏ | 26/32 [00:04<00:00,  6.35it/s]
(24/65): Propagating:  84%|████████▍ | 27/32 [00:04<00:00,  6.36it/s]
(24/65): Propagating:  88%|████████▊ | 28/32 [00:04<00:00,  6.36it/s]
(24/65): Propagating:  91%|█████████ | 29/32 [00:04<00:00,  6.36it/s]
(24/65): Propagating:  94%|█████████▍| 30/32 [00:04<00:00,  6.36it/s]
(24/65): Propagating:  97%|█████████▋| 31/32 [00:04<00:00,  6.37it/s]
(24/65): Propagating: 100%|██████████| 32/32 [00:05<00:00,  6.36it/s]
(24/65): Propagating: 100%|██████████| 32/32 [00:05<00:00,  6.25it/s]

(25/65): Calibrating:   0%|          | 0/32 [00:00<?, ?it/s]
(25/65): Calibrating:   9%|▉         | 3/32 [00:00<00:01, 16.61it/s]
(25/65): Calibrating:  16%|█▌        | 5/32 [00:00<00:01, 13.91it/s]
(25/65): Calibrating:  22%|██▏       | 7/32 [00:00<00:01, 12.97it/s]
(25/65): Calibrating:  28%|██▊       | 9/32 [00:00<00:01, 12.55it/s]
(25/65): Calibrating:  34%|███▍      | 11/32 [00:00<00:01, 12.28it/s]
(25/65): Calibrating:  41%|████      | 13/32 [00:01<00:01, 12.12it/s]
(25/65): Calibrating:  47%|████▋     | 15/32 [00:01<00:01, 12.03it/s]
(25/65): Calibrating:  53%|█████▎    | 17/32 [00:01<00:01, 11.99it/s]
(25/65): Calibrating:  59%|█████▉    | 19/32 [00:01<00:01, 11.95it/s]
(25/65): Calibrating:  66%|██████▌   | 21/32 [00:01<00:00, 11.87it/s]
(25/65): Calibrating:  72%|███████▏  | 23/32 [00:01<00:00, 11.87it/s]
(25/65): Calibrating:  78%|███████▊  | 25/32 [00:02<00:00, 11.85it/s]
(25/65): Calibrating:  84%|████████▍ | 27/32 [00:02<00:00, 11.86it/s]
(25/65): Calibrating:  91%|█████████ | 29/32 [00:02<00:00, 11.54it/s]
(25/65): Calibrating:  97%|█████████▋| 31/32 [00:02<00:00, 11.56it/s]
(25/65): Calibrating: 100%|██████████| 32/32 [00:02<00:00, 12.07it/s]

(25/65): Propagating:   0%|          | 0/32 [00:00<?, ?it/s]
(25/65): Propagating:   3%|▎         | 1/32 [00:00<00:05,  6.13it/s]
(25/65): Propagating:   6%|▋         | 2/32 [00:00<00:05,  5.96it/s]
(25/65): Propagating:   9%|▉         | 3/32 [00:00<00:04,  6.50it/s]
(25/65): Propagating:  12%|█▎        | 4/32 [00:00<00:04,  6.91it/s]
(25/65): Propagating:  16%|█▌        | 5/32 [00:00<00:03,  7.16it/s]
(25/65): Propagating:  19%|█▉        | 6/32 [00:00<00:03,  7.32it/s]
(25/65): Propagating:  22%|██▏       | 7/32 [00:00<00:03,  7.44it/s]
(25/65): Propagating:  25%|██▌       | 8/32 [00:01<00:03,  7.52it/s]
(25/65): Propagating:  28%|██▊       | 9/32 [00:01<00:03,  7.57it/s]
(25/65): Propagating:  31%|███▏      | 10/32 [00:01<00:02,  7.58it/s]
(25/65): Propagating:  34%|███▍      | 11/32 [00:01<00:02,  7.60it/s]
(25/65): Propagating:  38%|███▊      | 12/32 [00:01<00:02,  7.62it/s]
(25/65): Propagating:  41%|████      | 13/32 [00:01<00:02,  7.63it/s]
(25/65): Propagating:  44%|████▍     | 14/32 [00:01<00:02,  7.63it/s]
(25/65): Propagating:  47%|████▋     | 15/32 [00:02<00:02,  7.61it/s]
(25/65): Propagating:  50%|█████     | 16/32 [00:02<00:02,  7.61it/s]
(25/65): Propagating:  53%|█████▎    | 17/32 [00:02<00:01,  7.62it/s]
(25/65): Propagating:  56%|█████▋    | 18/32 [00:02<00:01,  7.63it/s]
(25/65): Propagating:  59%|█████▉    | 19/32 [00:02<00:01,  7.64it/s]
(25/65): Propagating:  62%|██████▎   | 20/32 [00:02<00:01,  7.64it/s]
(25/65): Propagating:  66%|██████▌   | 21/32 [00:02<00:01,  7.62it/s]
(25/65): Propagating:  69%|██████▉   | 22/32 [00:02<00:01,  7.60it/s]
(25/65): Propagating:  72%|███████▏  | 23/32 [00:03<00:01,  7.59it/s]
(25/65): Propagating:  75%|███████▌  | 24/32 [00:03<00:01,  7.59it/s]
(25/65): Propagating:  78%|███████▊  | 25/32 [00:03<00:00,  7.62it/s]
(25/65): Propagating:  81%|████████▏ | 26/32 [00:03<00:00,  7.62it/s]
(25/65): Propagating:  84%|████████▍ | 27/32 [00:03<00:00,  7.64it/s]
(25/65): Propagating:  88%|████████▊ | 28/32 [00:03<00:00,  7.65it/s]
(25/65): Propagating:  91%|█████████ | 29/32 [00:03<00:00,  7.65it/s]
(25/65): Propagating:  94%|█████████▍| 30/32 [00:04<00:00,  7.66it/s]
(25/65): Propagating:  97%|█████████▋| 31/32 [00:04<00:00,  7.67it/s]
(25/65): Propagating: 100%|██████████| 32/32 [00:04<00:00,  7.67it/s]
(25/65): Propagating: 100%|██████████| 32/32 [00:04<00:00,  7.50it/s]

(26/65): Calibrating:   0%|          | 0/32 [00:00<?, ?it/s]
(26/65): Calibrating:   6%|▋         | 2/32 [00:00<00:01, 15.01it/s]
(26/65): Calibrating:  12%|█▎        | 4/32 [00:00<00:02, 10.78it/s]
(26/65): Calibrating:  19%|█▉        | 6/32 [00:00<00:02,  9.91it/s]
(26/65): Calibrating:  25%|██▌       | 8/32 [00:00<00:02,  9.52it/s]
(26/65): Calibrating:  28%|██▊       | 9/32 [00:00<00:02,  9.40it/s]
(26/65): Calibrating:  31%|███▏      | 10/32 [00:01<00:02,  9.32it/s]
(26/65): Calibrating:  34%|███▍      | 11/32 [00:01<00:02,  9.23it/s]
(26/65): Calibrating:  38%|███▊      | 12/32 [00:01<00:02,  9.17it/s]
(26/65): Calibrating:  41%|████      | 13/32 [00:01<00:02,  9.13it/s]
(26/65): Calibrating:  44%|████▍     | 14/32 [00:01<00:01,  9.11it/s]
(26/65): Calibrating:  47%|████▋     | 15/32 [00:01<00:01,  9.08it/s]
(26/65): Calibrating:  50%|█████     | 16/32 [00:01<00:01,  9.07it/s]
(26/65): Calibrating:  53%|█████▎    | 17/32 [00:01<00:01,  9.05it/s]
(26/65): Calibrating:  56%|█████▋    | 18/32 [00:01<00:01,  9.03it/s]
(26/65): Calibrating:  59%|█████▉    | 19/32 [00:02<00:01,  9.03it/s]
(26/65): Calibrating:  62%|██████▎   | 20/32 [00:02<00:01,  9.02it/s]
(26/65): Calibrating:  66%|██████▌   | 21/32 [00:02<00:01,  9.03it/s]
(26/65): Calibrating:  69%|██████▉   | 22/32 [00:02<00:01,  9.01it/s]
(26/65): Calibrating:  72%|███████▏  | 23/32 [00:02<00:00,  9.02it/s]
(26/65): Calibrating:  75%|███████▌  | 24/32 [00:02<00:00,  9.01it/s]
(26/65): Calibrating:  78%|███████▊  | 25/32 [00:02<00:00,  9.01it/s]
(26/65): Calibrating:  81%|████████▏ | 26/32 [00:02<00:00,  9.01it/s]
(26/65): Calibrating:  84%|████████▍ | 27/32 [00:02<00:00,  9.02it/s]
(26/65): Calibrating:  88%|████████▊ | 28/32 [00:03<00:00,  9.02it/s]
(26/65): Calibrating:  91%|█████████ | 29/32 [00:03<00:00,  9.01it/s]
(26/65): Calibrating:  94%|█████████▍| 30/32 [00:03<00:00,  9.01it/s]
(26/65): Calibrating:  97%|█████████▋| 31/32 [00:03<00:00,  9.01it/s]
(26/65): Calibrating: 100%|██████████| 32/32 [00:03<00:00,  9.02it/s]
(26/65): Calibrating: 100%|██████████| 32/32 [00:03<00:00,  9.25it/s]

(26/65): Propagating:   0%|          | 0/32 [00:00<?, ?it/s]
(26/65): Propagating:   3%|▎         | 1/32 [00:00<00:04,  6.32it/s]
(26/65): Propagating:   6%|▋         | 2/32 [00:00<00:04,  6.32it/s]
(26/65): Propagating:   9%|▉         | 3/32 [00:00<00:04,  6.30it/s]
(26/65): Propagating:  12%|█▎        | 4/32 [00:00<00:04,  6.31it/s]
(26/65): Propagating:  16%|█▌        | 5/32 [00:00<00:04,  6.32it/s]
(26/65): Propagating:  19%|█▉        | 6/32 [00:00<00:04,  6.34it/s]
(26/65): Propagating:  22%|██▏       | 7/32 [00:01<00:03,  6.34it/s]
(26/65): Propagating:  25%|██▌       | 8/32 [00:01<00:03,  6.35it/s]
(26/65): Propagating:  28%|██▊       | 9/32 [00:01<00:03,  6.36it/s]
(26/65): Propagating:  31%|███▏      | 10/32 [00:01<00:03,  6.37it/s]
(26/65): Propagating:  34%|███▍      | 11/32 [00:01<00:03,  6.36it/s]
(26/65): Propagating:  38%|███▊      | 12/32 [00:01<00:03,  6.36it/s]
(26/65): Propagating:  41%|████      | 13/32 [00:02<00:02,  6.36it/s]
(26/65): Propagating:  44%|████▍     | 14/32 [00:02<00:02,  6.36it/s]
(26/65): Propagating:  47%|████▋     | 15/32 [00:02<00:02,  6.35it/s]
(26/65): Propagating:  50%|█████     | 16/32 [00:02<00:02,  6.33it/s]
(26/65): Propagating:  53%|█████▎    | 17/32 [00:02<00:02,  6.33it/s]
(26/65): Propagating:  56%|█████▋    | 18/32 [00:02<00:02,  6.33it/s]
(26/65): Propagating:  59%|█████▉    | 19/32 [00:02<00:02,  6.34it/s]
(26/65): Propagating:  62%|██████▎   | 20/32 [00:03<00:01,  6.34it/s]
(26/65): Propagating:  66%|██████▌   | 21/32 [00:03<00:01,  6.34it/s]
(26/65): Propagating:  69%|██████▉   | 22/32 [00:03<00:01,  6.32it/s]
(26/65): Propagating:  72%|███████▏  | 23/32 [00:03<00:01,  6.30it/s]
(26/65): Propagating:  75%|███████▌  | 24/32 [00:03<00:01,  6.30it/s]
(26/65): Propagating:  78%|███████▊  | 25/32 [00:03<00:01,  6.31it/s]
(26/65): Propagating:  81%|████████▏ | 26/32 [00:04<00:00,  6.32it/s]
(26/65): Propagating:  84%|████████▍ | 27/32 [00:04<00:00,  6.33it/s]
(26/65): Propagating:  88%|████████▊ | 28/32 [00:04<00:00,  6.34it/s]
(26/65): Propagating:  91%|█████████ | 29/32 [00:04<00:00,  6.35it/s]
(26/65): Propagating:  94%|█████████▍| 30/32 [00:04<00:00,  6.36it/s]
(26/65): Propagating:  97%|█████████▋| 31/32 [00:04<00:00,  6.36it/s]
(26/65): Propagating: 100%|██████████| 32/32 [00:05<00:00,  6.36it/s]
(26/65): Propagating: 100%|██████████| 32/32 [00:05<00:00,  6.34it/s]

(27/65): Calibrating:   0%|          | 0/32 [00:00<?, ?it/s]
(27/65): Calibrating:   6%|▋         | 2/32 [00:00<00:01, 15.04it/s]
(27/65): Calibrating:  12%|█▎        | 4/32 [00:00<00:02, 10.79it/s]
(27/65): Calibrating:  19%|█▉        | 6/32 [00:00<00:02,  9.91it/s]
(27/65): Calibrating:  25%|██▌       | 8/32 [00:00<00:02,  9.55it/s]
(27/65): Calibrating:  28%|██▊       | 9/32 [00:00<00:02,  9.43it/s]
(27/65): Calibrating:  31%|███▏      | 10/32 [00:01<00:02,  9.32it/s]
(27/65): Calibrating:  34%|███▍      | 11/32 [00:01<00:02,  9.24it/s]
(27/65): Calibrating:  38%|███▊      | 12/32 [00:01<00:02,  9.20it/s]
(27/65): Calibrating:  41%|████      | 13/32 [00:01<00:02,  9.16it/s]
(27/65): Calibrating:  44%|████▍     | 14/32 [00:01<00:01,  9.11it/s]
(27/65): Calibrating:  47%|████▋     | 15/32 [00:01<00:01,  9.09it/s]
(27/65): Calibrating:  50%|█████     | 16/32 [00:01<00:01,  9.06it/s]
(27/65): Calibrating:  53%|█████▎    | 17/32 [00:01<00:01,  9.06it/s]
(27/65): Calibrating:  56%|█████▋    | 18/32 [00:01<00:01,  9.05it/s]
(27/65): Calibrating:  59%|█████▉    | 19/32 [00:02<00:01,  9.02it/s]
(27/65): Calibrating:  62%|██████▎   | 20/32 [00:02<00:01,  8.84it/s]
(27/65): Calibrating:  66%|██████▌   | 21/32 [00:02<00:01,  9.03it/s]
(27/65): Calibrating:  69%|██████▉   | 22/32 [00:02<00:01,  9.04it/s]
(27/65): Calibrating:  72%|███████▏  | 23/32 [00:02<00:01,  9.00it/s]
(27/65): Calibrating:  75%|███████▌  | 24/32 [00:02<00:00,  9.02it/s]
(27/65): Calibrating:  78%|███████▊  | 25/32 [00:02<00:00,  9.01it/s]
(27/65): Calibrating:  81%|████████▏ | 26/32 [00:02<00:00,  9.02it/s]
(27/65): Calibrating:  84%|████████▍ | 27/32 [00:02<00:00,  9.01it/s]
(27/65): Calibrating:  88%|████████▊ | 28/32 [00:03<00:00,  9.02it/s]
(27/65): Calibrating:  91%|█████████ | 29/32 [00:03<00:00,  9.01it/s]
(27/65): Calibrating:  94%|█████████▍| 30/32 [00:03<00:00,  9.02it/s]
(27/65): Calibrating:  97%|█████████▋| 31/32 [00:03<00:00,  9.01it/s]
(27/65): Calibrating: 100%|██████████| 32/32 [00:03<00:00,  9.02it/s]
(27/65): Calibrating: 100%|██████████| 32/32 [00:03<00:00,  9.24it/s]

(27/65): Propagating:   0%|          | 0/32 [00:00<?, ?it/s]
(27/65): Propagating:   3%|▎         | 1/32 [00:00<00:04,  6.28it/s]
(27/65): Propagating:   6%|▋         | 2/32 [00:00<00:04,  6.31it/s]
(27/65): Propagating:   9%|▉         | 3/32 [00:00<00:04,  6.32it/s]
(27/65): Propagating:  12%|█▎        | 4/32 [00:00<00:04,  6.30it/s]
(27/65): Propagating:  16%|█▌        | 5/32 [00:00<00:04,  6.31it/s]
(27/65): Propagating:  19%|█▉        | 6/32 [00:00<00:04,  6.32it/s]
(27/65): Propagating:  22%|██▏       | 7/32 [00:01<00:03,  6.33it/s]
(27/65): Propagating:  25%|██▌       | 8/32 [00:01<00:03,  6.33it/s]
(27/65): Propagating:  28%|██▊       | 9/32 [00:01<00:03,  6.34it/s]
(27/65): Propagating:  31%|███▏      | 10/32 [00:01<00:03,  6.35it/s]
(27/65): Propagating:  34%|███▍      | 11/32 [00:01<00:03,  6.35it/s]
(27/65): Propagating:  38%|███▊      | 12/32 [00:01<00:03,  6.35it/s]
(27/65): Propagating:  41%|████      | 13/32 [00:02<00:02,  6.34it/s]
(27/65): Propagating:  44%|████▍     | 14/32 [00:02<00:02,  6.35it/s]
(27/65): Propagating:  47%|████▋     | 15/32 [00:02<00:02,  6.36it/s]
(27/65): Propagating:  50%|█████     | 16/32 [00:02<00:02,  6.35it/s]
(27/65): Propagating:  53%|█████▎    | 17/32 [00:02<00:02,  6.33it/s]
(27/65): Propagating:  56%|█████▋    | 18/32 [00:02<00:02,  6.32it/s]
(27/65): Propagating:  59%|█████▉    | 19/32 [00:03<00:02,  6.33it/s]
(27/65): Propagating:  62%|██████▎   | 20/32 [00:03<00:01,  6.33it/s]
(27/65): Propagating:  66%|██████▌   | 21/32 [00:03<00:01,  6.33it/s]
(27/65): Propagating:  69%|██████▉   | 22/32 [00:03<00:01,  6.33it/s]
(27/65): Propagating:  72%|███████▏  | 23/32 [00:03<00:01,  6.31it/s]
(27/65): Propagating:  75%|███████▌  | 24/32 [00:03<00:01,  6.29it/s]
(27/65): Propagating:  78%|███████▊  | 25/32 [00:03<00:01,  6.30it/s]
(27/65): Propagating:  81%|████████▏ | 26/32 [00:04<00:00,  6.31it/s]
(27/65): Propagating:  84%|████████▍ | 27/32 [00:04<00:00,  6.31it/s]
(27/65): Propagating:  88%|████████▊ | 28/32 [00:04<00:00,  6.23it/s]
(27/65): Propagating:  91%|█████████ | 29/32 [00:04<00:00,  6.24it/s]
(27/65): Propagating:  94%|█████████▍| 30/32 [00:04<00:00,  6.28it/s]
(27/65): Propagating:  97%|█████████▋| 31/32 [00:04<00:00,  6.30it/s]
(27/65): Propagating: 100%|██████████| 32/32 [00:05<00:00,  6.32it/s]
(27/65): Propagating: 100%|██████████| 32/32 [00:05<00:00,  6.32it/s]

(28/65): Calibrating:   0%|          | 0/32 [00:00<?, ?it/s]
(28/65): Calibrating:   6%|▋         | 2/32 [00:00<00:01, 15.00it/s]
(28/65): Calibrating:  12%|█▎        | 4/32 [00:00<00:02, 10.82it/s]
(28/65): Calibrating:  19%|█▉        | 6/32 [00:00<00:02,  9.93it/s]
(28/65): Calibrating:  25%|██▌       | 8/32 [00:00<00:02,  9.55it/s]
(28/65): Calibrating:  28%|██▊       | 9/32 [00:00<00:02,  9.44it/s]
(28/65): Calibrating:  31%|███▏      | 10/32 [00:01<00:02,  9.35it/s]
(28/65): Calibrating:  34%|███▍      | 11/32 [00:01<00:02,  9.27it/s]
(28/65): Calibrating:  38%|███▊      | 12/32 [00:01<00:02,  9.19it/s]
(28/65): Calibrating:  41%|████      | 13/32 [00:01<00:02,  9.15it/s]
(28/65): Calibrating:  44%|████▍     | 14/32 [00:01<00:01,  9.12it/s]
(28/65): Calibrating:  47%|████▋     | 15/32 [00:01<00:01,  9.11it/s]
(28/65): Calibrating:  50%|█████     | 16/32 [00:01<00:01,  9.08it/s]
(28/65): Calibrating:  53%|█████▎    | 17/32 [00:01<00:01,  9.05it/s]
(28/65): Calibrating:  56%|█████▋    | 18/32 [00:01<00:01,  9.03it/s]
(28/65): Calibrating:  59%|█████▉    | 19/32 [00:02<00:01,  9.03it/s]
(28/65): Calibrating:  62%|██████▎   | 20/32 [00:02<00:01,  8.98it/s]
(28/65): Calibrating:  66%|██████▌   | 21/32 [00:02<00:01,  8.86it/s]
(28/65): Calibrating:  69%|██████▉   | 22/32 [00:02<00:01,  8.87it/s]
(28/65): Calibrating:  72%|███████▏  | 23/32 [00:02<00:01,  8.80it/s]
(28/65): Calibrating:  75%|███████▌  | 24/32 [00:02<00:00,  8.84it/s]
(28/65): Calibrating:  78%|███████▊  | 25/32 [00:02<00:00,  8.96it/s]
(28/65): Calibrating:  81%|████████▏ | 26/32 [00:02<00:00,  8.93it/s]
(28/65): Calibrating:  84%|████████▍ | 27/32 [00:02<00:00,  8.91it/s]
(28/65): Calibrating:  88%|████████▊ | 28/32 [00:03<00:00,  8.91it/s]
(28/65): Calibrating:  91%|█████████ | 29/32 [00:03<00:00,  8.91it/s]
(28/65): Calibrating:  94%|█████████▍| 30/32 [00:03<00:00,  8.91it/s]
(28/65): Calibrating:  97%|█████████▋| 31/32 [00:03<00:00,  8.93it/s]
(28/65): Calibrating: 100%|██████████| 32/32 [00:03<00:00,  8.91it/s]
(28/65): Calibrating: 100%|██████████| 32/32 [00:03<00:00,  9.20it/s]

(28/65): Propagating:   0%|          | 0/32 [00:00<?, ?it/s]
(28/65): Propagating:   3%|▎         | 1/32 [00:00<00:04,  6.20it/s]
(28/65): Propagating:   6%|▋         | 2/32 [00:00<00:04,  6.20it/s]
(28/65): Propagating:   9%|▉         | 3/32 [00:00<00:04,  6.17it/s]
(28/65): Propagating:  12%|█▎        | 4/32 [00:00<00:04,  5.97it/s]
(28/65): Propagating:  16%|█▌        | 5/32 [00:00<00:04,  5.99it/s]
(28/65): Propagating:  19%|█▉        | 6/32 [00:00<00:04,  6.08it/s]
(28/65): Propagating:  22%|██▏       | 7/32 [00:01<00:04,  6.14it/s]
(28/65): Propagating:  25%|██▌       | 8/32 [00:01<00:03,  6.19it/s]
(28/65): Propagating:  28%|██▊       | 9/32 [00:01<00:03,  6.21it/s]
(28/65): Propagating:  31%|███▏      | 10/32 [00:01<00:03,  6.22it/s]
(28/65): Propagating:  34%|███▍      | 11/32 [00:01<00:03,  6.23it/s]
(28/65): Propagating:  38%|███▊      | 12/32 [00:01<00:03,  6.26it/s]
(28/65): Propagating:  41%|████      | 13/32 [00:02<00:03,  6.27it/s]
(28/65): Propagating:  44%|████▍     | 14/32 [00:02<00:02,  6.27it/s]
(28/65): Propagating:  47%|████▋     | 15/32 [00:02<00:02,  6.28it/s]
(28/65): Propagating:  50%|█████     | 16/32 [00:02<00:02,  6.19it/s]
(28/65): Propagating:  53%|█████▎    | 17/32 [00:02<00:02,  6.22it/s]
(28/65): Propagating:  56%|█████▋    | 18/32 [00:02<00:02,  6.25it/s]
(28/65): Propagating:  59%|█████▉    | 19/32 [00:03<00:02,  6.26it/s]
(28/65): Propagating:  62%|██████▎   | 20/32 [00:03<00:01,  6.23it/s]
(28/65): Propagating:  66%|██████▌   | 21/32 [00:03<00:01,  6.25it/s]
(28/65): Propagating:  69%|██████▉   | 22/32 [00:03<00:01,  6.28it/s]
(28/65): Propagating:  72%|███████▏  | 23/32 [00:03<00:01,  6.28it/s]
(28/65): Propagating:  75%|███████▌  | 24/32 [00:03<00:01,  6.29it/s]
(28/65): Propagating:  78%|███████▊  | 25/32 [00:04<00:01,  6.30it/s]
(28/65): Propagating:  81%|████████▏ | 26/32 [00:04<00:00,  6.30it/s]
(28/65): Propagating:  84%|████████▍ | 27/32 [00:04<00:00,  6.30it/s]
(28/65): Propagating:  88%|████████▊ | 28/32 [00:04<00:00,  6.30it/s]
(28/65): Propagating:  91%|█████████ | 29/32 [00:04<00:00,  6.31it/s]
(28/65): Propagating:  94%|█████████▍| 30/32 [00:04<00:00,  6.31it/s]
(28/65): Propagating:  97%|█████████▋| 31/32 [00:04<00:00,  6.30it/s]
(28/65): Propagating: 100%|██████████| 32/32 [00:05<00:00,  6.30it/s]
(28/65): Propagating: 100%|██████████| 32/32 [00:05<00:00,  6.24it/s]

(29/65): Calibrating:   0%|          | 0/32 [00:00<?, ?it/s]
(29/65): Calibrating:   9%|▉         | 3/32 [00:00<00:01, 16.44it/s]
(29/65): Calibrating:  16%|█▌        | 5/32 [00:00<00:01, 13.81it/s]
(29/65): Calibrating:  22%|██▏       | 7/32 [00:00<00:01, 12.90it/s]
(29/65): Calibrating:  28%|██▊       | 9/32 [00:00<00:01, 12.48it/s]
(29/65): Calibrating:  34%|███▍      | 11/32 [00:00<00:01, 12.24it/s]
(29/65): Calibrating:  41%|████      | 13/32 [00:01<00:01, 12.09it/s]
(29/65): Calibrating:  47%|████▋     | 15/32 [00:01<00:01, 11.98it/s]
(29/65): Calibrating:  53%|█████▎    | 17/32 [00:01<00:01, 11.92it/s]
(29/65): Calibrating:  59%|█████▉    | 19/32 [00:01<00:01, 11.89it/s]
(29/65): Calibrating:  66%|██████▌   | 21/32 [00:01<00:00, 11.86it/s]
(29/65): Calibrating:  72%|███████▏  | 23/32 [00:01<00:00, 11.85it/s]
(29/65): Calibrating:  78%|███████▊  | 25/32 [00:02<00:00, 11.82it/s]
(29/65): Calibrating:  84%|████████▍ | 27/32 [00:02<00:00, 11.82it/s]
(29/65): Calibrating:  91%|█████████ | 29/32 [00:02<00:00, 11.80it/s]
(29/65): Calibrating:  97%|█████████▋| 31/32 [00:02<00:00, 11.81it/s]
(29/65): Calibrating: 100%|██████████| 32/32 [00:02<00:00, 12.12it/s]

(29/65): Propagating:   0%|          | 0/32 [00:00<?, ?it/s]
(29/65): Propagating:   3%|▎         | 1/32 [00:00<00:04,  7.64it/s]
(29/65): Propagating:   6%|▋         | 2/32 [00:00<00:03,  7.61it/s]
(29/65): Propagating:   9%|▉         | 3/32 [00:00<00:03,  7.58it/s]
(29/65): Propagating:  12%|█▎        | 4/32 [00:00<00:03,  7.54it/s]
(29/65): Propagating:  16%|█▌        | 5/32 [00:00<00:03,  7.54it/s]
(29/65): Propagating:  19%|█▉        | 6/32 [00:00<00:03,  7.59it/s]
(29/65): Propagating:  22%|██▏       | 7/32 [00:00<00:03,  7.60it/s]
(29/65): Propagating:  25%|██▌       | 8/32 [00:01<00:03,  7.20it/s]
(29/65): Propagating:  28%|██▊       | 9/32 [00:01<00:03,  7.25it/s]
(29/65): Propagating:  31%|███▏      | 10/32 [00:01<00:02,  7.36it/s]
(29/65): Propagating:  34%|███▍      | 11/32 [00:01<00:02,  7.44it/s]
(29/65): Propagating:  38%|███▊      | 12/32 [00:01<00:02,  7.51it/s]
(29/65): Propagating:  41%|████      | 13/32 [00:01<00:02,  7.57it/s]
(29/65): Propagating:  44%|████▍     | 14/32 [00:01<00:02,  7.61it/s]
(29/65): Propagating:  47%|████▋     | 15/32 [00:01<00:02,  7.63it/s]
(29/65): Propagating:  50%|█████     | 16/32 [00:02<00:02,  7.65it/s]
(29/65): Propagating:  53%|█████▎    | 17/32 [00:02<00:01,  7.67it/s]
(29/65): Propagating:  56%|█████▋    | 18/32 [00:02<00:01,  7.68it/s]
(29/65): Propagating:  59%|█████▉    | 19/32 [00:02<00:01,  7.68it/s]
(29/65): Propagating:  62%|██████▎   | 20/32 [00:02<00:01,  7.68it/s]
(29/65): Propagating:  66%|██████▌   | 21/32 [00:02<00:01,  7.68it/s]
(29/65): Propagating:  69%|██████▉   | 22/32 [00:02<00:01,  7.71it/s]
(29/65): Propagating:  72%|███████▏  | 23/32 [00:03<00:01,  7.71it/s]
(29/65): Propagating:  75%|███████▌  | 24/32 [00:03<00:01,  7.72it/s]
(29/65): Propagating:  78%|███████▊  | 25/32 [00:03<00:00,  7.71it/s]
(29/65): Propagating:  81%|████████▏ | 26/32 [00:03<00:00,  7.71it/s]
(29/65): Propagating:  84%|████████▍ | 27/32 [00:03<00:00,  7.72it/s]
(29/65): Propagating:  88%|████████▊ | 28/32 [00:03<00:00,  7.72it/s]
(29/65): Propagating:  91%|█████████ | 29/32 [00:03<00:00,  7.72it/s]
(29/65): Propagating:  94%|█████████▍| 30/32 [00:03<00:00,  7.72it/s]
(29/65): Propagating:  97%|█████████▋| 31/32 [00:04<00:00,  7.72it/s]
(29/65): Propagating: 100%|██████████| 32/32 [00:04<00:00,  7.73it/s]
(29/65): Propagating: 100%|██████████| 32/32 [00:04<00:00,  7.62it/s]

(30/65): Calibrating:   0%|          | 0/32 [00:00<?, ?it/s]
(30/65): Calibrating:   6%|▋         | 2/32 [00:00<00:01, 15.01it/s]
(30/65): Calibrating:  12%|█▎        | 4/32 [00:00<00:02, 10.76it/s]
(30/65): Calibrating:  19%|█▉        | 6/32 [00:00<00:02,  9.87it/s]
(30/65): Calibrating:  25%|██▌       | 8/32 [00:00<00:02,  9.53it/s]
(30/65): Calibrating:  28%|██▊       | 9/32 [00:00<00:02,  9.41it/s]
(30/65): Calibrating:  31%|███▏      | 10/32 [00:01<00:02,  9.30it/s]
(30/65): Calibrating:  34%|███▍      | 11/32 [00:01<00:02,  9.22it/s]
(30/65): Calibrating:  38%|███▊      | 12/32 [00:01<00:02,  9.15it/s]
(30/65): Calibrating:  41%|████      | 13/32 [00:01<00:02,  9.10it/s]
(30/65): Calibrating:  44%|████▍     | 14/32 [00:01<00:01,  9.08it/s]
(30/65): Calibrating:  47%|████▋     | 15/32 [00:01<00:01,  9.05it/s]
(30/65): Calibrating:  50%|█████     | 16/32 [00:01<00:01,  9.04it/s]
(30/65): Calibrating:  53%|█████▎    | 17/32 [00:01<00:01,  9.02it/s]
(30/65): Calibrating:  56%|█████▋    | 18/32 [00:01<00:01,  9.02it/s]
(30/65): Calibrating:  59%|█████▉    | 19/32 [00:02<00:01,  9.01it/s]
(30/65): Calibrating:  62%|██████▎   | 20/32 [00:02<00:01,  9.00it/s]
(30/65): Calibrating:  66%|██████▌   | 21/32 [00:02<00:01,  9.00it/s]
(30/65): Calibrating:  69%|██████▉   | 22/32 [00:02<00:01,  8.99it/s]
(30/65): Calibrating:  72%|███████▏  | 23/32 [00:02<00:01,  8.99it/s]
(30/65): Calibrating:  75%|███████▌  | 24/32 [00:02<00:00,  8.98it/s]
(30/65): Calibrating:  78%|███████▊  | 25/32 [00:02<00:00,  8.99it/s]
(30/65): Calibrating:  81%|████████▏ | 26/32 [00:02<00:00,  8.98it/s]
(30/65): Calibrating:  84%|████████▍ | 27/32 [00:02<00:00,  9.00it/s]
(30/65): Calibrating:  88%|████████▊ | 28/32 [00:03<00:00,  9.00it/s]
(30/65): Calibrating:  91%|█████████ | 29/32 [00:03<00:00,  8.99it/s]
(30/65): Calibrating:  94%|█████████▍| 30/32 [00:03<00:00,  8.99it/s]
(30/65): Calibrating:  97%|█████████▋| 31/32 [00:03<00:00,  8.98it/s]
(30/65): Calibrating: 100%|██████████| 32/32 [00:03<00:00,  8.99it/s]
(30/65): Calibrating: 100%|██████████| 32/32 [00:03<00:00,  9.22it/s]

(30/65): Propagating:   0%|          | 0/32 [00:00<?, ?it/s]
(30/65): Propagating:   3%|▎         | 1/32 [00:00<00:04,  6.40it/s]
(30/65): Propagating:   6%|▋         | 2/32 [00:00<00:04,  6.38it/s]
(30/65): Propagating:   9%|▉         | 3/32 [00:00<00:04,  6.34it/s]
(30/65): Propagating:  12%|█▎        | 4/32 [00:00<00:04,  6.31it/s]
(30/65): Propagating:  16%|█▌        | 5/32 [00:00<00:04,  6.29it/s]
(30/65): Propagating:  19%|█▉        | 6/32 [00:00<00:04,  6.29it/s]
(30/65): Propagating:  22%|██▏       | 7/32 [00:01<00:03,  6.31it/s]
(30/65): Propagating:  25%|██▌       | 8/32 [00:01<00:03,  6.32it/s]
(30/65): Propagating:  28%|██▊       | 9/32 [00:01<00:03,  6.33it/s]
(30/65): Propagating:  31%|███▏      | 10/32 [00:01<00:03,  6.33it/s]
(30/65): Propagating:  34%|███▍      | 11/32 [00:01<00:03,  6.34it/s]
(30/65): Propagating:  38%|███▊      | 12/32 [00:01<00:03,  6.35it/s]
(30/65): Propagating:  41%|████      | 13/32 [00:02<00:02,  6.37it/s]
(30/65): Propagating:  44%|████▍     | 14/32 [00:02<00:02,  6.38it/s]
(30/65): Propagating:  47%|████▋     | 15/32 [00:02<00:02,  6.38it/s]
(30/65): Propagating:  50%|█████     | 16/32 [00:02<00:02,  6.38it/s]
(30/65): Propagating:  53%|█████▎    | 17/32 [00:02<00:02,  6.31it/s]
(30/65): Propagating:  56%|█████▋    | 18/32 [00:02<00:02,  6.23it/s]
(30/65): Propagating:  59%|█████▉    | 19/32 [00:03<00:02,  6.16it/s]
(30/65): Propagating:  62%|██████▎   | 20/32 [00:03<00:01,  6.15it/s]
(30/65): Propagating:  66%|██████▌   | 21/32 [00:03<00:01,  6.14it/s]
(30/65): Propagating:  69%|██████▉   | 22/32 [00:03<00:01,  6.14it/s]
(30/65): Propagating:  72%|███████▏  | 23/32 [00:03<00:01,  6.15it/s]
(30/65): Propagating:  75%|███████▌  | 24/32 [00:03<00:01,  6.15it/s]
(30/65): Propagating:  78%|███████▊  | 25/32 [00:03<00:01,  6.16it/s]
(30/65): Propagating:  81%|████████▏ | 26/32 [00:04<00:00,  6.18it/s]
(30/65): Propagating:  84%|████████▍ | 27/32 [00:04<00:00,  6.18it/s]
(30/65): Propagating:  88%|████████▊ | 28/32 [00:04<00:00,  6.19it/s]
(30/65): Propagating:  91%|█████████ | 29/32 [00:04<00:00,  6.19it/s]
(30/65): Propagating:  94%|█████████▍| 30/32 [00:04<00:00,  6.19it/s]
(30/65): Propagating:  97%|█████████▋| 31/32 [00:04<00:00,  6.18it/s]
(30/65): Propagating: 100%|██████████| 32/32 [00:05<00:00,  6.18it/s]
(30/65): Propagating: 100%|██████████| 32/32 [00:05<00:00,  6.25it/s]

(31/65): Calibrating:   0%|          | 0/32 [00:00<?, ?it/s]
(31/65): Calibrating:   6%|▋         | 2/32 [00:00<00:02, 11.33it/s]
(31/65): Calibrating:  12%|█▎        | 4/32 [00:00<00:02,  9.75it/s]
(31/65): Calibrating:  16%|█▌        | 5/32 [00:00<00:02,  9.41it/s]
(31/65): Calibrating:  19%|█▉        | 6/32 [00:00<00:02,  9.21it/s]
(31/65): Calibrating:  22%|██▏       | 7/32 [00:00<00:02,  9.07it/s]
(31/65): Calibrating:  25%|██▌       | 8/32 [00:00<00:02,  8.98it/s]
(31/65): Calibrating:  28%|██▊       | 9/32 [00:00<00:02,  8.92it/s]
(31/65): Calibrating:  31%|███▏      | 10/32 [00:01<00:02,  8.60it/s]
(31/65): Calibrating:  34%|███▍      | 11/32 [00:01<00:02,  8.50it/s]
(31/65): Calibrating:  38%|███▊      | 12/32 [00:01<00:02,  8.44it/s]
(31/65): Calibrating:  41%|████      | 13/32 [00:01<00:02,  8.40it/s]
(31/65): Calibrating:  44%|████▍     | 14/32 [00:01<00:02,  8.39it/s]
(31/65): Calibrating:  47%|████▋     | 15/32 [00:01<00:02,  8.04it/s]
(31/65): Calibrating:  50%|█████     | 16/32 [00:01<00:02,  7.70it/s]
(31/65): Calibrating:  53%|█████▎    | 17/32 [00:01<00:01,  7.98it/s]
(31/65): Calibrating:  56%|█████▋    | 18/32 [00:02<00:01,  8.19it/s]
(31/65): Calibrating:  59%|█████▉    | 19/32 [00:02<00:01,  8.32it/s]
(31/65): Calibrating:  62%|██████▎   | 20/32 [00:02<00:01,  8.69it/s]
(31/65): Calibrating:  66%|██████▌   | 21/32 [00:02<00:01,  8.78it/s]
(31/65): Calibrating:  69%|██████▉   | 22/32 [00:02<00:01,  8.85it/s]
(31/65): Calibrating:  72%|███████▏  | 23/32 [00:02<00:01,  8.89it/s]
(31/65): Calibrating:  75%|███████▌  | 24/32 [00:02<00:00,  8.91it/s]
(31/65): Calibrating:  78%|███████▊  | 25/32 [00:02<00:00,  8.95it/s]
(31/65): Calibrating:  81%|████████▏ | 26/32 [00:02<00:00,  8.96it/s]
(31/65): Calibrating:  84%|████████▍ | 27/32 [00:03<00:00,  8.97it/s]
(31/65): Calibrating:  88%|████████▊ | 28/32 [00:03<00:00,  8.98it/s]
(31/65): Calibrating:  91%|█████████ | 29/32 [00:03<00:00,  8.98it/s]
(31/65): Calibrating:  94%|█████████▍| 30/32 [00:03<00:00,  8.98it/s]
(31/65): Calibrating:  97%|█████████▋| 31/32 [00:03<00:00,  8.99it/s]
(31/65): Calibrating: 100%|██████████| 32/32 [00:03<00:00,  8.99it/s]
(31/65): Calibrating: 100%|██████████| 32/32 [00:03<00:00,  8.79it/s]

(31/65): Propagating:   0%|          | 0/32 [00:00<?, ?it/s]
(31/65): Propagating:   3%|▎         | 1/32 [00:00<00:05,  5.80it/s]
(31/65): Propagating:   6%|▋         | 2/32 [00:00<00:05,  5.82it/s]
(31/65): Propagating:   9%|▉         | 3/32 [00:00<00:04,  5.95it/s]
(31/65): Propagating:  12%|█▎        | 4/32 [00:00<00:04,  5.93it/s]
(31/65): Propagating:  16%|█▌        | 5/32 [00:00<00:04,  5.84it/s]
(31/65): Propagating:  19%|█▉        | 6/32 [00:01<00:04,  5.80it/s]
(31/65): Propagating:  22%|██▏       | 7/32 [00:01<00:04,  5.81it/s]
(31/65): Propagating:  25%|██▌       | 8/32 [00:01<00:04,  5.81it/s]
(31/65): Propagating:  28%|██▊       | 9/32 [00:01<00:03,  5.80it/s]
(31/65): Propagating:  31%|███▏      | 10/32 [00:01<00:03,  5.80it/s]
(31/65): Propagating:  34%|███▍      | 11/32 [00:01<00:03,  5.80it/s]
(31/65): Propagating:  38%|███▊      | 12/32 [00:02<00:03,  5.84it/s]
(31/65): Propagating:  41%|████      | 13/32 [00:02<00:03,  5.86it/s]
(31/65): Propagating:  44%|████▍     | 14/32 [00:02<00:03,  5.85it/s]
(31/65): Propagating:  47%|████▋     | 15/32 [00:02<00:02,  5.92it/s]
(31/65): Propagating:  50%|█████     | 16/32 [00:02<00:02,  6.00it/s]
(31/65): Propagating:  53%|█████▎    | 17/32 [00:02<00:02,  6.09it/s]
(31/65): Propagating:  56%|█████▋    | 18/32 [00:03<00:02,  6.12it/s]
(31/65): Propagating:  59%|█████▉    | 19/32 [00:03<00:02,  6.15it/s]
(31/65): Propagating:  62%|██████▎   | 20/32 [00:03<00:01,  6.18it/s]
(31/65): Propagating:  66%|██████▌   | 21/32 [00:03<00:01,  6.20it/s]
(31/65): Propagating:  69%|██████▉   | 22/32 [00:03<00:01,  6.24it/s]
(31/65): Propagating:  72%|███████▏  | 23/32 [00:03<00:01,  6.26it/s]
(31/65): Propagating:  75%|███████▌  | 24/32 [00:04<00:01,  6.27it/s]
(31/65): Propagating:  78%|███████▊  | 25/32 [00:04<00:01,  6.28it/s]
(31/65): Propagating:  81%|████████▏ | 26/32 [00:04<00:00,  6.29it/s]
(31/65): Propagating:  84%|████████▍ | 27/32 [00:04<00:00,  6.31it/s]
(31/65): Propagating:  88%|████████▊ | 28/32 [00:04<00:00,  6.33it/s]
(31/65): Propagating:  91%|█████████ | 29/32 [00:04<00:00,  6.34it/s]
(31/65): Propagating:  94%|█████████▍| 30/32 [00:04<00:00,  6.34it/s]
(31/65): Propagating:  97%|█████████▋| 31/32 [00:05<00:00,  6.34it/s]
(31/65): Propagating: 100%|██████████| 32/32 [00:05<00:00,  6.33it/s]
(31/65): Propagating: 100%|██████████| 32/32 [00:05<00:00,  6.08it/s]

(32/65): Calibrating:   0%|          | 0/32 [00:00<?, ?it/s]
(32/65): Calibrating:   6%|▋         | 2/32 [00:00<00:02, 12.00it/s]
(32/65): Calibrating:  12%|█▎        | 4/32 [00:00<00:02, 10.06it/s]
(32/65): Calibrating:  19%|█▉        | 6/32 [00:00<00:02,  9.57it/s]
(32/65): Calibrating:  22%|██▏       | 7/32 [00:00<00:02,  9.43it/s]
(32/65): Calibrating:  25%|██▌       | 8/32 [00:00<00:02,  9.32it/s]
(32/65): Calibrating:  28%|██▊       | 9/32 [00:00<00:02,  9.23it/s]
(32/65): Calibrating:  31%|███▏      | 10/32 [00:01<00:02,  9.18it/s]
(32/65): Calibrating:  34%|███▍      | 11/32 [00:01<00:02,  9.14it/s]
(32/65): Calibrating:  38%|███▊      | 12/32 [00:01<00:02,  9.10it/s]
(32/65): Calibrating:  41%|████      | 13/32 [00:01<00:02,  9.07it/s]
(32/65): Calibrating:  44%|████▍     | 14/32 [00:01<00:01,  9.05it/s]
(32/65): Calibrating:  47%|████▋     | 15/32 [00:01<00:01,  9.02it/s]
(32/65): Calibrating:  50%|█████     | 16/32 [00:01<00:01,  9.04it/s]
(32/65): Calibrating:  53%|█████▎    | 17/32 [00:01<00:01,  9.03it/s]
(32/65): Calibrating:  56%|█████▋    | 18/32 [00:01<00:01,  9.01it/s]
(32/65): Calibrating:  59%|█████▉    | 19/32 [00:02<00:01,  8.99it/s]
(32/65): Calibrating:  62%|██████▎   | 20/32 [00:02<00:01,  9.00it/s]
(32/65): Calibrating:  66%|██████▌   | 21/32 [00:02<00:01,  9.01it/s]
(32/65): Calibrating:  69%|██████▉   | 22/32 [00:02<00:01,  9.01it/s]
(32/65): Calibrating:  72%|███████▏  | 23/32 [00:02<00:01,  8.99it/s]
(32/65): Calibrating:  75%|███████▌  | 24/32 [00:02<00:00,  8.89it/s]
(32/65): Calibrating:  78%|███████▊  | 25/32 [00:02<00:00,  8.89it/s]
(32/65): Calibrating:  81%|████████▏ | 26/32 [00:02<00:00,  9.02it/s]
(32/65): Calibrating:  84%|████████▍ | 27/32 [00:02<00:00,  8.75it/s]
(32/65): Calibrating:  88%|████████▊ | 28/32 [00:03<00:00,  8.71it/s]
(32/65): Calibrating:  91%|█████████ | 29/32 [00:03<00:00,  8.68it/s]
(32/65): Calibrating:  94%|█████████▍| 30/32 [00:03<00:00,  8.69it/s]
(32/65): Calibrating:  97%|█████████▋| 31/32 [00:03<00:00,  8.69it/s]
(32/65): Calibrating: 100%|██████████| 32/32 [00:03<00:00,  8.73it/s]
(32/65): Calibrating: 100%|██████████| 32/32 [00:03<00:00,  9.07it/s]

(32/65): Propagating:   0%|          | 0/32 [00:00<?, ?it/s]
(32/65): Propagating:   3%|▎         | 1/32 [00:00<00:05,  5.37it/s]
(32/65): Propagating:   6%|▋         | 2/32 [00:00<00:05,  5.83it/s]
(32/65): Propagating:   9%|▉         | 3/32 [00:00<00:04,  6.04it/s]
(32/65): Propagating:  12%|█▎        | 4/32 [00:00<00:04,  6.16it/s]
(32/65): Propagating:  16%|█▌        | 5/32 [00:00<00:04,  6.23it/s]
(32/65): Propagating:  19%|█▉        | 6/32 [00:00<00:04,  6.28it/s]
(32/65): Propagating:  22%|██▏       | 7/32 [00:01<00:03,  6.30it/s]
(32/65): Propagating:  25%|██▌       | 8/32 [00:01<00:03,  6.32it/s]
(32/65): Propagating:  28%|██▊       | 9/32 [00:01<00:03,  6.33it/s]
(32/65): Propagating:  31%|███▏      | 10/32 [00:01<00:03,  6.34it/s]
(32/65): Propagating:  34%|███▍      | 11/32 [00:01<00:03,  6.35it/s]
(32/65): Propagating:  38%|███▊      | 12/32 [00:01<00:03,  6.36it/s]
(32/65): Propagating:  41%|████      | 13/32 [00:02<00:02,  6.36it/s]
(32/65): Propagating:  44%|████▍     | 14/32 [00:02<00:02,  6.36it/s]
(32/65): Propagating:  47%|████▋     | 15/32 [00:02<00:02,  6.35it/s]
(32/65): Propagating:  50%|█████     | 16/32 [00:02<00:02,  6.35it/s]
(32/65): Propagating:  53%|█████▎    | 17/32 [00:02<00:02,  6.35it/s]
(32/65): Propagating:  56%|█████▋    | 18/32 [00:02<00:02,  6.34it/s]
(32/65): Propagating:  59%|█████▉    | 19/32 [00:03<00:02,  6.30it/s]
(32/65): Propagating:  62%|██████▎   | 20/32 [00:03<00:01,  6.28it/s]
(32/65): Propagating:  66%|██████▌   | 21/32 [00:03<00:01,  6.27it/s]
(32/65): Propagating:  69%|██████▉   | 22/32 [00:03<00:01,  6.27it/s]
(32/65): Propagating:  72%|███████▏  | 23/32 [00:03<00:01,  6.29it/s]
(32/65): Propagating:  75%|███████▌  | 24/32 [00:03<00:01,  6.30it/s]
(32/65): Propagating:  78%|███████▊  | 25/32 [00:03<00:01,  6.31it/s]
(32/65): Propagating:  81%|████████▏ | 26/32 [00:04<00:00,  6.31it/s]
(32/65): Propagating:  84%|████████▍ | 27/32 [00:04<00:00,  6.31it/s]
(32/65): Propagating:  88%|████████▊ | 28/32 [00:04<00:00,  6.32it/s]
(32/65): Propagating:  91%|█████████ | 29/32 [00:04<00:00,  6.34it/s]
(32/65): Propagating:  94%|█████████▍| 30/32 [00:04<00:00,  6.34it/s]
(32/65): Propagating:  97%|█████████▋| 31/32 [00:04<00:00,  6.34it/s]
(32/65): Propagating: 100%|██████████| 32/32 [00:05<00:00,  6.34it/s]
(32/65): Propagating: 100%|██████████| 32/32 [00:05<00:00,  6.29it/s]

(33/65): Calibrating:   0%|          | 0/32 [00:00<?, ?it/s]
(33/65): Calibrating:   6%|▋         | 2/32 [00:00<00:01, 15.12it/s]
(33/65): Calibrating:  12%|█▎        | 4/32 [00:00<00:02, 12.82it/s]
(33/65): Calibrating:  19%|█▉        | 6/32 [00:00<00:02, 12.24it/s]
(33/65): Calibrating:  25%|██▌       | 8/32 [00:00<00:02, 11.92it/s]
(33/65): Calibrating:  31%|███▏      | 10/32 [00:00<00:01, 11.77it/s]
(33/65): Calibrating:  38%|███▊      | 12/32 [00:00<00:01, 11.71it/s]
(33/65): Calibrating:  44%|████▍     | 14/32 [00:01<00:01, 11.63it/s]
(33/65): Calibrating:  50%|█████     | 16/32 [00:01<00:01, 11.59it/s]
(33/65): Calibrating:  56%|█████▋    | 18/32 [00:01<00:01, 11.64it/s]
(33/65): Calibrating:  62%|██████▎   | 20/32 [00:01<00:01, 11.63it/s]
(33/65): Calibrating:  69%|██████▉   | 22/32 [00:01<00:00, 11.64it/s]
(33/65): Calibrating:  75%|███████▌  | 24/32 [00:02<00:00, 11.62it/s]
(33/65): Calibrating:  81%|████████▏ | 26/32 [00:02<00:00, 11.63it/s]
(33/65): Calibrating:  88%|████████▊ | 28/32 [00:02<00:00, 11.61it/s]
(33/65): Calibrating:  94%|█████████▍| 30/32 [00:02<00:00, 11.61it/s]
(33/65): Calibrating: 100%|██████████| 32/32 [00:02<00:00, 11.55it/s]
(33/65): Calibrating: 100%|██████████| 32/32 [00:02<00:00, 11.75it/s]

(33/65): Propagating:   0%|          | 0/32 [00:00<?, ?it/s]
(33/65): Propagating:   3%|▎         | 1/32 [00:00<00:04,  7.54it/s]
(33/65): Propagating:   6%|▋         | 2/32 [00:00<00:03,  7.56it/s]
(33/65): Propagating:   9%|▉         | 3/32 [00:00<00:03,  7.56it/s]
(33/65): Propagating:  12%|█▎        | 4/32 [00:00<00:03,  7.57it/s]
(33/65): Propagating:  16%|█▌        | 5/32 [00:00<00:03,  7.57it/s]
(33/65): Propagating:  19%|█▉        | 6/32 [00:00<00:03,  7.59it/s]
(33/65): Propagating:  22%|██▏       | 7/32 [00:00<00:03,  7.60it/s]
(33/65): Propagating:  25%|██▌       | 8/32 [00:01<00:03,  7.62it/s]
(33/65): Propagating:  28%|██▊       | 9/32 [00:01<00:03,  7.63it/s]
(33/65): Propagating:  31%|███▏      | 10/32 [00:01<00:02,  7.64it/s]
(33/65): Propagating:  34%|███▍      | 11/32 [00:01<00:02,  7.64it/s]
(33/65): Propagating:  38%|███▊      | 12/32 [00:01<00:02,  7.65it/s]
(33/65): Propagating:  41%|████      | 13/32 [00:01<00:02,  7.50it/s]
(33/65): Propagating:  44%|████▍     | 14/32 [00:01<00:02,  7.54it/s]
(33/65): Propagating:  47%|████▋     | 15/32 [00:01<00:02,  7.57it/s]
(33/65): Propagating:  50%|█████     | 16/32 [00:02<00:02,  7.59it/s]
(33/65): Propagating:  53%|█████▎    | 17/32 [00:02<00:01,  7.60it/s]
(33/65): Propagating:  56%|█████▋    | 18/32 [00:02<00:01,  7.58it/s]
(33/65): Propagating:  59%|█████▉    | 19/32 [00:02<00:01,  7.57it/s]
(33/65): Propagating:  62%|██████▎   | 20/32 [00:02<00:01,  7.53it/s]
(33/65): Propagating:  66%|██████▌   | 21/32 [00:02<00:01,  7.50it/s]
(33/65): Propagating:  69%|██████▉   | 22/32 [00:02<00:01,  7.49it/s]
(33/65): Propagating:  72%|███████▏  | 23/32 [00:03<00:01,  7.50it/s]
(33/65): Propagating:  75%|███████▌  | 24/32 [00:03<00:01,  7.52it/s]
(33/65): Propagating:  78%|███████▊  | 25/32 [00:03<00:00,  7.54it/s]
(33/65): Propagating:  81%|████████▏ | 26/32 [00:03<00:00,  7.54it/s]
(33/65): Propagating:  84%|████████▍ | 27/32 [00:03<00:00,  7.54it/s]
(33/65): Propagating:  88%|████████▊ | 28/32 [00:03<00:00,  7.56it/s]
(33/65): Propagating:  91%|█████████ | 29/32 [00:03<00:00,  7.59it/s]
(33/65): Propagating:  94%|█████████▍| 30/32 [00:03<00:00,  7.60it/s]
(33/65): Propagating:  97%|█████████▋| 31/32 [00:04<00:00,  7.61it/s]
(33/65): Propagating: 100%|██████████| 32/32 [00:04<00:00,  7.61it/s]
(33/65): Propagating: 100%|██████████| 32/32 [00:04<00:00,  7.57it/s]

(34/65): Calibrating:   0%|          | 0/32 [00:00<?, ?it/s]
(34/65): Calibrating:   6%|▋         | 2/32 [00:00<00:02, 11.96it/s]
(34/65): Calibrating:  12%|█▎        | 4/32 [00:00<00:02, 10.05it/s]
(34/65): Calibrating:  19%|█▉        | 6/32 [00:00<00:02,  9.57it/s]
(34/65): Calibrating:  22%|██▏       | 7/32 [00:00<00:02,  9.44it/s]
(34/65): Calibrating:  25%|██▌       | 8/32 [00:00<00:02,  9.33it/s]
(34/65): Calibrating:  28%|██▊       | 9/32 [00:00<00:02,  9.23it/s]
(34/65): Calibrating:  31%|███▏      | 10/32 [00:01<00:02,  9.17it/s]
(34/65): Calibrating:  34%|███▍      | 11/32 [00:01<00:02,  9.13it/s]
(34/65): Calibrating:  38%|███▊      | 12/32 [00:01<00:02,  9.09it/s]
(34/65): Calibrating:  41%|████      | 13/32 [00:01<00:02,  9.05it/s]
(34/65): Calibrating:  44%|████▍     | 14/32 [00:01<00:01,  9.05it/s]
(34/65): Calibrating:  47%|████▋     | 15/32 [00:01<00:01,  9.03it/s]
(34/65): Calibrating:  50%|█████     | 16/32 [00:01<00:01,  9.04it/s]
(34/65): Calibrating:  53%|█████▎    | 17/32 [00:01<00:01,  9.02it/s]
(34/65): Calibrating:  56%|█████▋    | 18/32 [00:01<00:01,  9.02it/s]
(34/65): Calibrating:  59%|█████▉    | 19/32 [00:02<00:01,  9.01it/s]
(34/65): Calibrating:  62%|██████▎   | 20/32 [00:02<00:01,  9.00it/s]
(34/65): Calibrating:  66%|██████▌   | 21/32 [00:02<00:01,  9.00it/s]
(34/65): Calibrating:  69%|██████▉   | 22/32 [00:02<00:01,  9.00it/s]
(34/65): Calibrating:  72%|███████▏  | 23/32 [00:02<00:00,  9.01it/s]
(34/65): Calibrating:  75%|███████▌  | 24/32 [00:02<00:00,  9.00it/s]
(34/65): Calibrating:  78%|███████▊  | 25/32 [00:02<00:00,  9.01it/s]
(34/65): Calibrating:  81%|████████▏ | 26/32 [00:02<00:00,  9.01it/s]
(34/65): Calibrating:  84%|████████▍ | 27/32 [00:02<00:00,  9.01it/s]
(34/65): Calibrating:  88%|████████▊ | 28/32 [00:03<00:00,  8.78it/s]
(34/65): Calibrating:  91%|█████████ | 29/32 [00:03<00:00,  8.75it/s]
(34/65): Calibrating:  94%|█████████▍| 30/32 [00:03<00:00,  8.76it/s]
(34/65): Calibrating:  97%|█████████▋| 31/32 [00:03<00:00,  8.52it/s]
(34/65): Calibrating: 100%|██████████| 32/32 [00:03<00:00,  8.58it/s]
(34/65): Calibrating: 100%|██████████| 32/32 [00:03<00:00,  9.07it/s]

(34/65): Propagating:   0%|          | 0/32 [00:00<?, ?it/s]
(34/65): Propagating:   3%|▎         | 1/32 [00:00<00:05,  5.49it/s]
(34/65): Propagating:   6%|▋         | 2/32 [00:00<00:05,  5.30it/s]
(34/65): Propagating:   9%|▉         | 3/32 [00:00<00:05,  5.21it/s]
(34/65): Propagating:  12%|█▎        | 4/32 [00:00<00:05,  5.28it/s]
(34/65): Propagating:  16%|█▌        | 5/32 [00:00<00:04,  5.40it/s]
(34/65): Propagating:  19%|█▉        | 6/32 [00:01<00:04,  5.60it/s]
(34/65): Propagating:  22%|██▏       | 7/32 [00:01<00:04,  5.75it/s]
(34/65): Propagating:  25%|██▌       | 8/32 [00:01<00:04,  5.84it/s]
(34/65): Propagating:  28%|██▊       | 9/32 [00:01<00:03,  5.88it/s]
(34/65): Propagating:  31%|███▏      | 10/32 [00:01<00:03,  5.90it/s]
(34/65): Propagating:  34%|███▍      | 11/32 [00:01<00:03,  5.91it/s]
(34/65): Propagating:  38%|███▊      | 12/32 [00:02<00:03,  5.92it/s]
(34/65): Propagating:  41%|████      | 13/32 [00:02<00:03,  5.93it/s]
(34/65): Propagating:  44%|████▍     | 14/32 [00:02<00:03,  5.93it/s]
(34/65): Propagating:  47%|████▋     | 15/32 [00:02<00:02,  5.94it/s]
(34/65): Propagating:  50%|█████     | 16/32 [00:02<00:02,  5.95it/s]
(34/65): Propagating:  53%|█████▎    | 17/32 [00:02<00:02,  5.95it/s]
(34/65): Propagating:  56%|█████▋    | 18/32 [00:03<00:02,  6.04it/s]
(34/65): Propagating:  59%|█████▉    | 19/32 [00:03<00:02,  6.11it/s]
(34/65): Propagating:  62%|██████▎   | 20/32 [00:03<00:01,  6.15it/s]
(34/65): Propagating:  66%|██████▌   | 21/32 [00:03<00:01,  6.07it/s]
(34/65): Propagating:  69%|██████▉   | 22/32 [00:03<00:01,  6.02it/s]
(34/65): Propagating:  72%|███████▏  | 23/32 [00:03<00:01,  5.99it/s]
(34/65): Propagating:  75%|███████▌  | 24/32 [00:04<00:01,  5.97it/s]
(34/65): Propagating:  78%|███████▊  | 25/32 [00:04<00:01,  5.96it/s]
(34/65): Propagating:  81%|████████▏ | 26/32 [00:04<00:01,  5.95it/s]
(34/65): Propagating:  84%|████████▍ | 27/32 [00:04<00:00,  5.99it/s]
(34/65): Propagating:  88%|████████▊ | 28/32 [00:04<00:00,  5.98it/s]
(34/65): Propagating:  91%|█████████ | 29/32 [00:04<00:00,  6.04it/s]
(34/65): Propagating:  94%|█████████▍| 30/32 [00:05<00:00,  6.02it/s]
(34/65): Propagating:  97%|█████████▋| 31/32 [00:05<00:00,  6.07it/s]
(34/65): Propagating: 100%|██████████| 32/32 [00:05<00:00,  6.03it/s]
(34/65): Propagating: 100%|██████████| 32/32 [00:05<00:00,  5.90it/s]

(35/65): Calibrating:   0%|          | 0/32 [00:00<?, ?it/s]
(35/65): Calibrating:   6%|▋         | 2/32 [00:00<00:02, 11.96it/s]
(35/65): Calibrating:  12%|█▎        | 4/32 [00:00<00:02, 10.03it/s]
(35/65): Calibrating:  19%|█▉        | 6/32 [00:00<00:02,  9.54it/s]
(35/65): Calibrating:  22%|██▏       | 7/32 [00:00<00:02,  9.40it/s]
(35/65): Calibrating:  25%|██▌       | 8/32 [00:00<00:02,  9.31it/s]
(35/65): Calibrating:  28%|██▊       | 9/32 [00:00<00:02,  9.24it/s]
(35/65): Calibrating:  31%|███▏      | 10/32 [00:01<00:02,  9.18it/s]
(35/65): Calibrating:  34%|███▍      | 11/32 [00:01<00:02,  9.13it/s]
(35/65): Calibrating:  38%|███▊      | 12/32 [00:01<00:02,  9.09it/s]
(35/65): Calibrating:  41%|████      | 13/32 [00:01<00:02,  9.07it/s]
(35/65): Calibrating:  44%|████▍     | 14/32 [00:01<00:01,  9.07it/s]
(35/65): Calibrating:  47%|████▋     | 15/32 [00:01<00:01,  9.07it/s]
(35/65): Calibrating:  50%|█████     | 16/32 [00:01<00:01,  9.07it/s]
(35/65): Calibrating:  53%|█████▎    | 17/32 [00:01<00:01,  9.06it/s]
(35/65): Calibrating:  56%|█████▋    | 18/32 [00:01<00:01,  9.04it/s]
(35/65): Calibrating:  59%|█████▉    | 19/32 [00:02<00:01,  9.03it/s]
(35/65): Calibrating:  62%|██████▎   | 20/32 [00:02<00:01,  9.04it/s]
(35/65): Calibrating:  66%|██████▌   | 21/32 [00:02<00:01,  9.04it/s]
(35/65): Calibrating:  69%|██████▉   | 22/32 [00:02<00:01,  9.04it/s]
(35/65): Calibrating:  72%|███████▏  | 23/32 [00:02<00:00,  9.02it/s]
(35/65): Calibrating:  75%|███████▌  | 24/32 [00:02<00:00,  9.01it/s]
(35/65): Calibrating:  78%|███████▊  | 25/32 [00:02<00:00,  9.01it/s]
(35/65): Calibrating:  81%|████████▏ | 26/32 [00:02<00:00,  9.03it/s]
(35/65): Calibrating:  84%|████████▍ | 27/32 [00:02<00:00,  9.02it/s]
(35/65): Calibrating:  88%|████████▊ | 28/32 [00:03<00:00,  9.01it/s]
(35/65): Calibrating:  91%|█████████ | 29/32 [00:03<00:00,  9.02it/s]
(35/65): Calibrating:  94%|█████████▍| 30/32 [00:03<00:00,  9.03it/s]
(35/65): Calibrating:  97%|█████████▋| 31/32 [00:03<00:00,  9.02it/s]
(35/65): Calibrating: 100%|██████████| 32/32 [00:03<00:00,  9.04it/s]
(35/65): Calibrating: 100%|██████████| 32/32 [00:03<00:00,  9.17it/s]

(35/65): Propagating:   0%|          | 0/32 [00:00<?, ?it/s]
(35/65): Propagating:   3%|▎         | 1/32 [00:00<00:04,  6.29it/s]
(35/65): Propagating:   6%|▋         | 2/32 [00:00<00:04,  6.27it/s]
(35/65): Propagating:   9%|▉         | 3/32 [00:00<00:04,  6.28it/s]
(35/65): Propagating:  12%|█▎        | 4/32 [00:00<00:04,  6.29it/s]
(35/65): Propagating:  16%|█▌        | 5/32 [00:00<00:04,  6.30it/s]
(35/65): Propagating:  19%|█▉        | 6/32 [00:00<00:04,  6.30it/s]
(35/65): Propagating:  22%|██▏       | 7/32 [00:01<00:03,  6.31it/s]
(35/65): Propagating:  25%|██▌       | 8/32 [00:01<00:03,  6.31it/s]
(35/65): Propagating:  28%|██▊       | 9/32 [00:01<00:03,  6.31it/s]
(35/65): Propagating:  31%|███▏      | 10/32 [00:01<00:03,  6.31it/s]
(35/65): Propagating:  34%|███▍      | 11/32 [00:01<00:03,  6.31it/s]
(35/65): Propagating:  38%|███▊      | 12/32 [00:01<00:03,  6.32it/s]
(35/65): Propagating:  41%|████      | 13/32 [00:02<00:03,  6.32it/s]
(35/65): Propagating:  44%|████▍     | 14/32 [00:02<00:02,  6.33it/s]
(35/65): Propagating:  47%|████▋     | 15/32 [00:02<00:02,  6.33it/s]
(35/65): Propagating:  50%|█████     | 16/32 [00:02<00:02,  6.34it/s]
(35/65): Propagating:  53%|█████▎    | 17/32 [00:02<00:02,  6.35it/s]
(35/65): Propagating:  56%|█████▋    | 18/32 [00:02<00:02,  6.35it/s]
(35/65): Propagating:  59%|█████▉    | 19/32 [00:03<00:02,  6.34it/s]
(35/65): Propagating:  62%|██████▎   | 20/32 [00:03<00:01,  6.34it/s]
(35/65): Propagating:  66%|██████▌   | 21/32 [00:03<00:01,  6.33it/s]
(35/65): Propagating:  69%|██████▉   | 22/32 [00:03<00:01,  6.29it/s]
(35/65): Propagating:  72%|███████▏  | 23/32 [00:03<00:01,  6.29it/s]
(35/65): Propagating:  75%|███████▌  | 24/32 [00:03<00:01,  6.29it/s]
(35/65): Propagating:  78%|███████▊  | 25/32 [00:03<00:01,  6.30it/s]
(35/65): Propagating:  81%|████████▏ | 26/32 [00:04<00:00,  6.31it/s]
(35/65): Propagating:  84%|████████▍ | 27/32 [00:04<00:00,  6.32it/s]
(35/65): Propagating:  88%|████████▊ | 28/32 [00:04<00:00,  6.33it/s]
(35/65): Propagating:  91%|█████████ | 29/32 [00:04<00:00,  6.33it/s]
(35/65): Propagating:  94%|█████████▍| 30/32 [00:04<00:00,  6.34it/s]
(35/65): Propagating:  97%|█████████▋| 31/32 [00:04<00:00,  6.35it/s]
(35/65): Propagating: 100%|██████████| 32/32 [00:05<00:00,  6.35it/s]
(35/65): Propagating: 100%|██████████| 32/32 [00:05<00:00,  6.32it/s]

(36/65): Calibrating:   0%|          | 0/32 [00:00<?, ?it/s]
(36/65): Calibrating:   6%|▋         | 2/32 [00:00<00:02, 12.02it/s]
(36/65): Calibrating:  12%|█▎        | 4/32 [00:00<00:02, 10.04it/s]
(36/65): Calibrating:  19%|█▉        | 6/32 [00:00<00:02,  9.56it/s]
(36/65): Calibrating:  22%|██▏       | 7/32 [00:00<00:02,  9.43it/s]
(36/65): Calibrating:  25%|██▌       | 8/32 [00:00<00:02,  9.32it/s]
(36/65): Calibrating:  28%|██▊       | 9/32 [00:00<00:02,  9.23it/s]
(36/65): Calibrating:  31%|███▏      | 10/32 [00:01<00:02,  9.17it/s]
(36/65): Calibrating:  34%|███▍      | 11/32 [00:01<00:02,  9.11it/s]
(36/65): Calibrating:  38%|███▊      | 12/32 [00:01<00:02,  9.09it/s]
(36/65): Calibrating:  41%|████      | 13/32 [00:01<00:02,  9.06it/s]
(36/65): Calibrating:  44%|████▍     | 14/32 [00:01<00:01,  9.05it/s]
(36/65): Calibrating:  47%|████▋     | 15/32 [00:01<00:01,  9.03it/s]
(36/65): Calibrating:  50%|█████     | 16/32 [00:01<00:01,  9.04it/s]
(36/65): Calibrating:  53%|█████▎    | 17/32 [00:01<00:01,  9.03it/s]
(36/65): Calibrating:  56%|█████▋    | 18/32 [00:01<00:01,  9.03it/s]
(36/65): Calibrating:  59%|█████▉    | 19/32 [00:02<00:01,  9.02it/s]
(36/65): Calibrating:  62%|██████▎   | 20/32 [00:02<00:01,  9.02it/s]
(36/65): Calibrating:  66%|██████▌   | 21/32 [00:02<00:01,  9.01it/s]
(36/65): Calibrating:  69%|██████▉   | 22/32 [00:02<00:01,  9.01it/s]
(36/65): Calibrating:  72%|███████▏  | 23/32 [00:02<00:00,  9.01it/s]
(36/65): Calibrating:  75%|███████▌  | 24/32 [00:02<00:00,  9.00it/s]
(36/65): Calibrating:  78%|███████▊  | 25/32 [00:02<00:00,  9.01it/s]
(36/65): Calibrating:  81%|████████▏ | 26/32 [00:02<00:00,  9.01it/s]
(36/65): Calibrating:  84%|████████▍ | 27/32 [00:02<00:00,  9.02it/s]
(36/65): Calibrating:  88%|████████▊ | 28/32 [00:03<00:00,  9.02it/s]
(36/65): Calibrating:  91%|█████████ | 29/32 [00:03<00:00,  9.01it/s]
(36/65): Calibrating:  94%|█████████▍| 30/32 [00:03<00:00,  9.01it/s]
(36/65): Calibrating:  97%|█████████▋| 31/32 [00:03<00:00,  9.01it/s]
(36/65): Calibrating: 100%|██████████| 32/32 [00:03<00:00,  9.01it/s]
(36/65): Calibrating: 100%|██████████| 32/32 [00:03<00:00,  9.16it/s]

(36/65): Propagating:   0%|          | 0/32 [00:00<?, ?it/s]
(36/65): Propagating:   3%|▎         | 1/32 [00:00<00:04,  6.31it/s]
(36/65): Propagating:   6%|▋         | 2/32 [00:00<00:04,  6.18it/s]
(36/65): Propagating:   9%|▉         | 3/32 [00:00<00:04,  6.19it/s]
(36/65): Propagating:  12%|█▎        | 4/32 [00:00<00:04,  6.20it/s]
(36/65): Propagating:  16%|█▌        | 5/32 [00:00<00:04,  6.23it/s]
(36/65): Propagating:  19%|█▉        | 6/32 [00:00<00:04,  6.26it/s]
(36/65): Propagating:  22%|██▏       | 7/32 [00:01<00:03,  6.27it/s]
(36/65): Propagating:  25%|██▌       | 8/32 [00:01<00:03,  6.29it/s]
(36/65): Propagating:  28%|██▊       | 9/32 [00:01<00:03,  6.30it/s]
(36/65): Propagating:  31%|███▏      | 10/32 [00:01<00:03,  6.31it/s]
(36/65): Propagating:  34%|███▍      | 11/32 [00:01<00:03,  6.31it/s]
(36/65): Propagating:  38%|███▊      | 12/32 [00:01<00:03,  6.31it/s]
(36/65): Propagating:  41%|████      | 13/32 [00:02<00:03,  6.31it/s]
(36/65): Propagating:  44%|████▍     | 14/32 [00:02<00:02,  6.32it/s]
(36/65): Propagating:  47%|████▋     | 15/32 [00:02<00:02,  6.33it/s]
(36/65): Propagating:  50%|█████     | 16/32 [00:02<00:02,  6.34it/s]
(36/65): Propagating:  53%|█████▎    | 17/32 [00:02<00:02,  6.34it/s]
(36/65): Propagating:  56%|█████▋    | 18/32 [00:02<00:02,  6.34it/s]
(36/65): Propagating:  59%|█████▉    | 19/32 [00:03<00:02,  6.35it/s]
(36/65): Propagating:  62%|██████▎   | 20/32 [00:03<00:01,  6.34it/s]
(36/65): Propagating:  66%|██████▌   | 21/32 [00:03<00:01,  6.35it/s]
(36/65): Propagating:  69%|██████▉   | 22/32 [00:03<00:01,  6.33it/s]
(36/65): Propagating:  72%|███████▏  | 23/32 [00:03<00:01,  6.30it/s]
(36/65): Propagating:  75%|███████▌  | 24/32 [00:03<00:01,  6.28it/s]
(36/65): Propagating:  78%|███████▊  | 25/32 [00:03<00:01,  6.28it/s]
(36/65): Propagating:  81%|████████▏ | 26/32 [00:04<00:00,  6.29it/s]
(36/65): Propagating:  84%|████████▍ | 27/32 [00:04<00:00,  6.31it/s]
(36/65): Propagating:  88%|████████▊ | 28/32 [00:04<00:00,  6.32it/s]
(36/65): Propagating:  91%|█████████ | 29/32 [00:04<00:00,  6.33it/s]
(36/65): Propagating:  94%|█████████▍| 30/32 [00:04<00:00,  6.33it/s]
(36/65): Propagating:  97%|█████████▋| 31/32 [00:04<00:00,  6.34it/s]
(36/65): Propagating: 100%|██████████| 32/32 [00:05<00:00,  6.35it/s]
(36/65): Propagating: 100%|██████████| 32/32 [00:05<00:00,  6.31it/s]

(37/65): Calibrating:   0%|          | 0/32 [00:00<?, ?it/s]
(37/65): Calibrating:   6%|▋         | 2/32 [00:00<00:01, 15.35it/s]
(37/65): Calibrating:  12%|█▎        | 4/32 [00:00<00:02, 13.05it/s]
(37/65): Calibrating:  19%|█▉        | 6/32 [00:00<00:02, 12.41it/s]
(37/65): Calibrating:  25%|██▌       | 8/32 [00:00<00:01, 12.15it/s]
(37/65): Calibrating:  31%|███▏      | 10/32 [00:00<00:01, 12.00it/s]
(37/65): Calibrating:  38%|███▊      | 12/32 [00:00<00:01, 11.92it/s]
(37/65): Calibrating:  44%|████▍     | 14/32 [00:01<00:01, 11.82it/s]
(37/65): Calibrating:  50%|█████     | 16/32 [00:01<00:01, 11.80it/s]
(37/65): Calibrating:  56%|█████▋    | 18/32 [00:01<00:01, 11.78it/s]
(37/65): Calibrating:  62%|██████▎   | 20/32 [00:01<00:01, 11.76it/s]
(37/65): Calibrating:  69%|██████▉   | 22/32 [00:01<00:00, 11.73it/s]
(37/65): Calibrating:  75%|███████▌  | 24/32 [00:02<00:00, 11.71it/s]
(37/65): Calibrating:  81%|████████▏ | 26/32 [00:02<00:00, 11.72it/s]
(37/65): Calibrating:  88%|████████▊ | 28/32 [00:02<00:00, 11.72it/s]
(37/65): Calibrating:  94%|█████████▍| 30/32 [00:02<00:00, 11.73it/s]
(37/65): Calibrating: 100%|██████████| 32/32 [00:02<00:00, 11.73it/s]
(37/65): Calibrating: 100%|██████████| 32/32 [00:02<00:00, 11.90it/s]

(37/65): Propagating:   0%|          | 0/32 [00:00<?, ?it/s]
(37/65): Propagating:   3%|▎         | 1/32 [00:00<00:04,  7.55it/s]
(37/65): Propagating:   6%|▋         | 2/32 [00:00<00:03,  7.56it/s]
(37/65): Propagating:   9%|▉         | 3/32 [00:00<00:03,  7.54it/s]
(37/65): Propagating:  12%|█▎        | 4/32 [00:00<00:03,  7.50it/s]
(37/65): Propagating:  16%|█▌        | 5/32 [00:00<00:03,  7.51it/s]
(37/65): Propagating:  19%|█▉        | 6/32 [00:00<00:03,  7.52it/s]
(37/65): Propagating:  22%|██▏       | 7/32 [00:00<00:03,  7.52it/s]
(37/65): Propagating:  25%|██▌       | 8/32 [00:01<00:03,  7.52it/s]
(37/65): Propagating:  28%|██▊       | 9/32 [00:01<00:03,  7.54it/s]
(37/65): Propagating:  31%|███▏      | 10/32 [00:01<00:02,  7.54it/s]
(37/65): Propagating:  34%|███▍      | 11/32 [00:01<00:02,  7.54it/s]
(37/65): Propagating:  38%|███▊      | 12/32 [00:01<00:02,  7.54it/s]
(37/65): Propagating:  41%|████      | 13/32 [00:01<00:02,  7.54it/s]
(37/65): Propagating:  44%|████▍     | 14/32 [00:01<00:02,  7.41it/s]
(37/65): Propagating:  47%|████▋     | 15/32 [00:01<00:02,  7.47it/s]
(37/65): Propagating:  50%|█████     | 16/32 [00:02<00:02,  7.52it/s]
(37/65): Propagating:  53%|█████▎    | 17/32 [00:02<00:01,  7.55it/s]
(37/65): Propagating:  56%|█████▋    | 18/32 [00:02<00:01,  7.57it/s]
(37/65): Propagating:  59%|█████▉    | 19/32 [00:02<00:01,  7.58it/s]
(37/65): Propagating:  62%|██████▎   | 20/32 [00:02<00:01,  7.59it/s]
(37/65): Propagating:  66%|██████▌   | 21/32 [00:02<00:01,  7.59it/s]
(37/65): Propagating:  69%|██████▉   | 22/32 [00:02<00:01,  7.58it/s]
(37/65): Propagating:  72%|███████▏  | 23/32 [00:03<00:01,  7.58it/s]
(37/65): Propagating:  75%|███████▌  | 24/32 [00:03<00:01,  7.54it/s]
(37/65): Propagating:  78%|███████▊  | 25/32 [00:03<00:00,  7.52it/s]
(37/65): Propagating:  81%|████████▏ | 26/32 [00:03<00:00,  7.52it/s]
(37/65): Propagating:  84%|████████▍ | 27/32 [00:03<00:00,  7.53it/s]
(37/65): Propagating:  88%|████████▊ | 28/32 [00:03<00:00,  7.56it/s]
(37/65): Propagating:  91%|█████████ | 29/32 [00:03<00:00,  7.57it/s]
(37/65): Propagating:  94%|█████████▍| 30/32 [00:03<00:00,  7.58it/s]
(37/65): Propagating:  97%|█████████▋| 31/32 [00:04<00:00,  7.57it/s]
(37/65): Propagating: 100%|██████████| 32/32 [00:04<00:00,  7.58it/s]
(37/65): Propagating: 100%|██████████| 32/32 [00:04<00:00,  7.54it/s]

(38/65): Calibrating:   0%|          | 0/32 [00:00<?, ?it/s]
(38/65): Calibrating:   6%|▋         | 2/32 [00:00<00:02, 12.01it/s]
(38/65): Calibrating:  12%|█▎        | 4/32 [00:00<00:02, 10.08it/s]
(38/65): Calibrating:  19%|█▉        | 6/32 [00:00<00:02,  9.57it/s]
(38/65): Calibrating:  22%|██▏       | 7/32 [00:00<00:02,  9.43it/s]
(38/65): Calibrating:  25%|██▌       | 8/32 [00:00<00:02,  9.32it/s]
(38/65): Calibrating:  28%|██▊       | 9/32 [00:00<00:02,  9.24it/s]
(38/65): Calibrating:  31%|███▏      | 10/32 [00:01<00:02,  9.19it/s]
(38/65): Calibrating:  34%|███▍      | 11/32 [00:01<00:02,  9.14it/s]
(38/65): Calibrating:  38%|███▊      | 12/32 [00:01<00:02,  9.09it/s]
(38/65): Calibrating:  41%|████      | 13/32 [00:01<00:02,  9.07it/s]
(38/65): Calibrating:  44%|████▍     | 14/32 [00:01<00:01,  9.05it/s]
(38/65): Calibrating:  47%|████▋     | 15/32 [00:01<00:01,  9.05it/s]
(38/65): Calibrating:  50%|█████     | 16/32 [00:01<00:01,  9.03it/s]
(38/65): Calibrating:  53%|█████▎    | 17/32 [00:01<00:01,  9.02it/s]
(38/65): Calibrating:  56%|█████▋    | 18/32 [00:01<00:01,  9.02it/s]
(38/65): Calibrating:  59%|█████▉    | 19/32 [00:02<00:01,  9.01it/s]
(38/65): Calibrating:  62%|██████▎   | 20/32 [00:02<00:01,  9.01it/s]
(38/65): Calibrating:  66%|██████▌   | 21/32 [00:02<00:01,  9.00it/s]
(38/65): Calibrating:  69%|██████▉   | 22/32 [00:02<00:01,  9.01it/s]
(38/65): Calibrating:  72%|███████▏  | 23/32 [00:02<00:01,  8.99it/s]
(38/65): Calibrating:  75%|███████▌  | 24/32 [00:02<00:00,  8.99it/s]
(38/65): Calibrating:  78%|███████▊  | 25/32 [00:02<00:00,  9.01it/s]
(38/65): Calibrating:  81%|████████▏ | 26/32 [00:02<00:00,  9.00it/s]
(38/65): Calibrating:  84%|████████▍ | 27/32 [00:02<00:00,  9.00it/s]
(38/65): Calibrating:  88%|████████▊ | 28/32 [00:03<00:00,  9.00it/s]
(38/65): Calibrating:  91%|█████████ | 29/32 [00:03<00:00,  9.00it/s]
(38/65): Calibrating:  94%|█████████▍| 30/32 [00:03<00:00,  9.00it/s]
(38/65): Calibrating:  97%|█████████▋| 31/32 [00:03<00:00,  9.02it/s]
(38/65): Calibrating: 100%|██████████| 32/32 [00:03<00:00,  9.01it/s]
(38/65): Calibrating: 100%|██████████| 32/32 [00:03<00:00,  9.16it/s]

(38/65): Propagating:   0%|          | 0/32 [00:00<?, ?it/s]
(38/65): Propagating:   3%|▎         | 1/32 [00:00<00:04,  6.34it/s]
(38/65): Propagating:   6%|▋         | 2/32 [00:00<00:04,  6.33it/s]
(38/65): Propagating:   9%|▉         | 3/32 [00:00<00:04,  6.33it/s]
(38/65): Propagating:  12%|█▎        | 4/32 [00:00<00:04,  6.31it/s]
(38/65): Propagating:  16%|█▌        | 5/32 [00:00<00:04,  6.29it/s]
(38/65): Propagating:  19%|█▉        | 6/32 [00:00<00:04,  6.08it/s]
(38/65): Propagating:  22%|██▏       | 7/32 [00:01<00:04,  5.90it/s]
(38/65): Propagating:  25%|██▌       | 8/32 [00:01<00:04,  5.80it/s]
(38/65): Propagating:  28%|██▊       | 9/32 [00:01<00:04,  5.64it/s]
(38/65): Propagating:  31%|███▏      | 10/32 [00:01<00:03,  5.73it/s]
(38/65): Propagating:  34%|███▍      | 11/32 [00:01<00:03,  5.81it/s]
(38/65): Propagating:  38%|███▊      | 12/32 [00:02<00:03,  5.86it/s]
(38/65): Propagating:  41%|████      | 13/32 [00:02<00:03,  5.90it/s]
(38/65): Propagating:  44%|████▍     | 14/32 [00:02<00:03,  5.98it/s]
(38/65): Propagating:  47%|████▋     | 15/32 [00:02<00:02,  6.07it/s]
(38/65): Propagating:  50%|█████     | 16/32 [00:02<00:02,  6.13it/s]
(38/65): Propagating:  53%|█████▎    | 17/32 [00:02<00:02,  6.17it/s]
(38/65): Propagating:  56%|█████▋    | 18/32 [00:02<00:02,  6.19it/s]
(38/65): Propagating:  59%|█████▉    | 19/32 [00:03<00:02,  6.18it/s]
(38/65): Propagating:  62%|██████▎   | 20/32 [00:03<00:01,  6.17it/s]
(38/65): Propagating:  66%|██████▌   | 21/32 [00:03<00:01,  6.17it/s]
(38/65): Propagating:  69%|██████▉   | 22/32 [00:03<00:01,  6.15it/s]
(38/65): Propagating:  72%|███████▏  | 23/32 [00:03<00:01,  6.09it/s]
(38/65): Propagating:  75%|███████▌  | 24/32 [00:03<00:01,  6.15it/s]
(38/65): Propagating:  78%|███████▊  | 25/32 [00:04<00:01,  6.18it/s]
(38/65): Propagating:  81%|████████▏ | 26/32 [00:04<00:00,  6.20it/s]
(38/65): Propagating:  84%|████████▍ | 27/32 [00:04<00:00,  6.22it/s]
(38/65): Propagating:  88%|████████▊ | 28/32 [00:04<00:00,  6.25it/s]
(38/65): Propagating:  91%|█████████ | 29/32 [00:04<00:00,  6.24it/s]
(38/65): Propagating:  94%|█████████▍| 30/32 [00:04<00:00,  6.17it/s]
(38/65): Propagating:  97%|█████████▋| 31/32 [00:05<00:00,  6.22it/s]
(38/65): Propagating: 100%|██████████| 32/32 [00:05<00:00,  6.26it/s]
(38/65): Propagating: 100%|██████████| 32/32 [00:05<00:00,  6.11it/s]

(39/65): Calibrating:   0%|          | 0/32 [00:00<?, ?it/s]
(39/65): Calibrating:   6%|▋         | 2/32 [00:00<00:02, 11.71it/s]
(39/65): Calibrating:  12%|█▎        | 4/32 [00:00<00:02,  9.91it/s]
(39/65): Calibrating:  19%|█▉        | 6/32 [00:00<00:02,  9.17it/s]
(39/65): Calibrating:  22%|██▏       | 7/32 [00:00<00:02,  9.08it/s]
(39/65): Calibrating:  25%|██▌       | 8/32 [00:00<00:02,  9.02it/s]
(39/65): Calibrating:  28%|██▊       | 9/32 [00:00<00:02,  8.97it/s]
(39/65): Calibrating:  31%|███▏      | 10/32 [00:01<00:02,  8.97it/s]
(39/65): Calibrating:  34%|███▍      | 11/32 [00:01<00:02,  8.97it/s]
(39/65): Calibrating:  38%|███▊      | 12/32 [00:01<00:02,  8.98it/s]
(39/65): Calibrating:  41%|████      | 13/32 [00:01<00:02,  8.98it/s]
(39/65): Calibrating:  44%|████▍     | 14/32 [00:01<00:02,  8.99it/s]
(39/65): Calibrating:  47%|████▋     | 15/32 [00:01<00:01,  8.98it/s]
(39/65): Calibrating:  50%|█████     | 16/32 [00:01<00:01,  8.99it/s]
(39/65): Calibrating:  53%|█████▎    | 17/32 [00:01<00:01,  8.99it/s]
(39/65): Calibrating:  56%|█████▋    | 18/32 [00:01<00:01,  8.99it/s]
(39/65): Calibrating:  59%|█████▉    | 19/32 [00:02<00:01,  9.00it/s]
(39/65): Calibrating:  62%|██████▎   | 20/32 [00:02<00:01,  8.99it/s]
(39/65): Calibrating:  66%|██████▌   | 21/32 [00:02<00:01,  9.00it/s]
(39/65): Calibrating:  69%|██████▉   | 22/32 [00:02<00:01,  9.01it/s]
(39/65): Calibrating:  72%|███████▏  | 23/32 [00:02<00:00,  9.01it/s]
(39/65): Calibrating:  75%|███████▌  | 24/32 [00:02<00:00,  9.00it/s]
(39/65): Calibrating:  78%|███████▊  | 25/32 [00:02<00:00,  9.01it/s]
(39/65): Calibrating:  81%|████████▏ | 26/32 [00:02<00:00,  9.02it/s]
(39/65): Calibrating:  84%|████████▍ | 27/32 [00:02<00:00,  9.02it/s]
(39/65): Calibrating:  88%|████████▊ | 28/32 [00:03<00:00,  9.02it/s]
(39/65): Calibrating:  91%|█████████ | 29/32 [00:03<00:00,  9.01it/s]
(39/65): Calibrating:  94%|█████████▍| 30/32 [00:03<00:00,  9.01it/s]
(39/65): Calibrating:  97%|█████████▋| 31/32 [00:03<00:00,  9.03it/s]
(39/65): Calibrating: 100%|██████████| 32/32 [00:03<00:00,  9.03it/s]
(39/65): Calibrating: 100%|██████████| 32/32 [00:03<00:00,  9.08it/s]

(39/65): Propagating:   0%|          | 0/32 [00:00<?, ?it/s]
(39/65): Propagating:   3%|▎         | 1/32 [00:00<00:04,  6.28it/s]
(39/65): Propagating:   6%|▋         | 2/32 [00:00<00:04,  6.31it/s]
(39/65): Propagating:   9%|▉         | 3/32 [00:00<00:04,  6.32it/s]
(39/65): Propagating:  12%|█▎        | 4/32 [00:00<00:04,  6.33it/s]
(39/65): Propagating:  16%|█▌        | 5/32 [00:00<00:04,  6.32it/s]
(39/65): Propagating:  19%|█▉        | 6/32 [00:00<00:04,  6.31it/s]
(39/65): Propagating:  22%|██▏       | 7/32 [00:01<00:03,  6.30it/s]
(39/65): Propagating:  25%|██▌       | 8/32 [00:01<00:03,  6.30it/s]
(39/65): Propagating:  28%|██▊       | 9/32 [00:01<00:03,  6.29it/s]
(39/65): Propagating:  31%|███▏      | 10/32 [00:01<00:03,  6.28it/s]
(39/65): Propagating:  34%|███▍      | 11/32 [00:01<00:03,  6.29it/s]
(39/65): Propagating:  38%|███▊      | 12/32 [00:01<00:03,  6.30it/s]
(39/65): Propagating:  41%|████      | 13/32 [00:02<00:03,  6.31it/s]
(39/65): Propagating:  44%|████▍     | 14/32 [00:02<00:02,  6.33it/s]
(39/65): Propagating:  47%|████▋     | 15/32 [00:02<00:02,  6.33it/s]
(39/65): Propagating:  50%|█████     | 16/32 [00:02<00:02,  6.33it/s]
(39/65): Propagating:  53%|█████▎    | 17/32 [00:02<00:02,  6.33it/s]
(39/65): Propagating:  56%|█████▋    | 18/32 [00:02<00:02,  6.32it/s]
(39/65): Propagating:  59%|█████▉    | 19/32 [00:03<00:02,  6.32it/s]
(39/65): Propagating:  62%|██████▎   | 20/32 [00:03<00:01,  6.32it/s]
(39/65): Propagating:  66%|██████▌   | 21/32 [00:03<00:01,  6.31it/s]
(39/65): Propagating:  69%|██████▉   | 22/32 [00:03<00:01,  6.31it/s]
(39/65): Propagating:  72%|███████▏  | 23/32 [00:03<00:01,  6.32it/s]
(39/65): Propagating:  75%|███████▌  | 24/32 [00:03<00:01,  6.31it/s]
(39/65): Propagating:  78%|███████▊  | 25/32 [00:03<00:01,  6.30it/s]
(39/65): Propagating:  81%|████████▏ | 26/32 [00:04<00:00,  6.28it/s]
(39/65): Propagating:  84%|████████▍ | 27/32 [00:04<00:00,  6.28it/s]
(39/65): Propagating:  88%|████████▊ | 28/32 [00:04<00:00,  6.28it/s]
(39/65): Propagating:  91%|█████████ | 29/32 [00:04<00:00,  6.29it/s]
(39/65): Propagating:  94%|█████████▍| 30/32 [00:04<00:00,  6.31it/s]
(39/65): Propagating:  97%|█████████▋| 31/32 [00:04<00:00,  6.32it/s]
(39/65): Propagating: 100%|██████████| 32/32 [00:05<00:00,  6.33it/s]
(39/65): Propagating: 100%|██████████| 32/32 [00:05<00:00,  6.31it/s]

(40/65): Calibrating:   0%|          | 0/32 [00:00<?, ?it/s]
(40/65): Calibrating:   6%|▋         | 2/32 [00:00<00:02, 12.02it/s]
(40/65): Calibrating:  12%|█▎        | 4/32 [00:00<00:02, 10.05it/s]
(40/65): Calibrating:  19%|█▉        | 6/32 [00:00<00:02,  9.55it/s]
(40/65): Calibrating:  22%|██▏       | 7/32 [00:00<00:02,  9.40it/s]
(40/65): Calibrating:  25%|██▌       | 8/32 [00:00<00:02,  9.30it/s]
(40/65): Calibrating:  28%|██▊       | 9/32 [00:00<00:02,  9.21it/s]
(40/65): Calibrating:  31%|███▏      | 10/32 [00:01<00:02,  9.16it/s]
(40/65): Calibrating:  34%|███▍      | 11/32 [00:01<00:02,  9.11it/s]
(40/65): Calibrating:  38%|███▊      | 12/32 [00:01<00:02,  9.09it/s]
(40/65): Calibrating:  41%|████      | 13/32 [00:01<00:02,  9.06it/s]
(40/65): Calibrating:  44%|████▍     | 14/32 [00:01<00:01,  9.04it/s]
(40/65): Calibrating:  47%|████▋     | 15/32 [00:01<00:01,  9.03it/s]
(40/65): Calibrating:  50%|█████     | 16/32 [00:01<00:01,  9.02it/s]
(40/65): Calibrating:  53%|█████▎    | 17/32 [00:01<00:01,  9.02it/s]
(40/65): Calibrating:  56%|█████▋    | 18/32 [00:01<00:01,  9.01it/s]
(40/65): Calibrating:  59%|█████▉    | 19/32 [00:02<00:01,  9.01it/s]
(40/65): Calibrating:  62%|██████▎   | 20/32 [00:02<00:01,  9.02it/s]
(40/65): Calibrating:  66%|██████▌   | 21/32 [00:02<00:01,  9.03it/s]
(40/65): Calibrating:  69%|██████▉   | 22/32 [00:02<00:01,  9.03it/s]
(40/65): Calibrating:  72%|███████▏  | 23/32 [00:02<00:00,  9.02it/s]
(40/65): Calibrating:  75%|███████▌  | 24/32 [00:02<00:00,  9.00it/s]
(40/65): Calibrating:  78%|███████▊  | 25/32 [00:02<00:00,  8.99it/s]
(40/65): Calibrating:  81%|████████▏ | 26/32 [00:02<00:00,  9.01it/s]
(40/65): Calibrating:  84%|████████▍ | 27/32 [00:02<00:00,  9.01it/s]
(40/65): Calibrating:  88%|████████▊ | 28/32 [00:03<00:00,  9.00it/s]
(40/65): Calibrating:  91%|█████████ | 29/32 [00:03<00:00,  9.01it/s]
(40/65): Calibrating:  94%|█████████▍| 30/32 [00:03<00:00,  9.02it/s]
(40/65): Calibrating:  97%|█████████▋| 31/32 [00:03<00:00,  9.02it/s]
(40/65): Calibrating: 100%|██████████| 32/32 [00:03<00:00,  9.03it/s]
(40/65): Calibrating: 100%|██████████| 32/32 [00:03<00:00,  9.15it/s]

(40/65): Propagating:   0%|          | 0/32 [00:00<?, ?it/s]
(40/65): Propagating:   3%|▎         | 1/32 [00:00<00:04,  6.30it/s]
(40/65): Propagating:   6%|▋         | 2/32 [00:00<00:04,  6.31it/s]
(40/65): Propagating:   9%|▉         | 3/32 [00:00<00:04,  6.33it/s]
(40/65): Propagating:  12%|█▎        | 4/32 [00:00<00:04,  6.34it/s]
(40/65): Propagating:  16%|█▌        | 5/32 [00:00<00:04,  6.23it/s]
(40/65): Propagating:  19%|█▉        | 6/32 [00:00<00:04,  6.24it/s]
(40/65): Propagating:  22%|██▏       | 7/32 [00:01<00:03,  6.26it/s]
(40/65): Propagating:  25%|██▌       | 8/32 [00:01<00:03,  6.27it/s]
(40/65): Propagating:  28%|██▊       | 9/32 [00:01<00:03,  6.27it/s]
(40/65): Propagating:  31%|███▏      | 10/32 [00:01<00:03,  6.27it/s]
(40/65): Propagating:  34%|███▍      | 11/32 [00:01<00:03,  6.27it/s]
(40/65): Propagating:  38%|███▊      | 12/32 [00:01<00:03,  6.28it/s]
(40/65): Propagating:  41%|████      | 13/32 [00:02<00:03,  6.29it/s]
(40/65): Propagating:  44%|████▍     | 14/32 [00:02<00:02,  6.30it/s]
(40/65): Propagating:  47%|████▋     | 15/32 [00:02<00:02,  6.30it/s]
(40/65): Propagating:  50%|█████     | 16/32 [00:02<00:02,  6.31it/s]
(40/65): Propagating:  53%|█████▎    | 17/32 [00:02<00:02,  6.31it/s]
(40/65): Propagating:  56%|█████▋    | 18/32 [00:02<00:02,  6.31it/s]
(40/65): Propagating:  59%|█████▉    | 19/32 [00:03<00:02,  6.30it/s]
(40/65): Propagating:  62%|██████▎   | 20/32 [00:03<00:01,  6.30it/s]
(40/65): Propagating:  66%|██████▌   | 21/32 [00:03<00:01,  6.30it/s]
(40/65): Propagating:  69%|██████▉   | 22/32 [00:03<00:01,  6.30it/s]
(40/65): Propagating:  72%|███████▏  | 23/32 [00:03<00:01,  6.31it/s]
(40/65): Propagating:  75%|███████▌  | 24/32 [00:03<00:01,  6.30it/s]
(40/65): Propagating:  78%|███████▊  | 25/32 [00:03<00:01,  6.31it/s]
(40/65): Propagating:  81%|████████▏ | 26/32 [00:04<00:00,  6.30it/s]
(40/65): Propagating:  84%|████████▍ | 27/32 [00:04<00:00,  6.28it/s]
(40/65): Propagating:  88%|████████▊ | 28/32 [00:04<00:00,  6.28it/s]
(40/65): Propagating:  91%|█████████ | 29/32 [00:04<00:00,  6.29it/s]
(40/65): Propagating:  94%|█████████▍| 30/32 [00:04<00:00,  6.30it/s]
(40/65): Propagating:  97%|█████████▋| 31/32 [00:04<00:00,  6.32it/s]
(40/65): Propagating: 100%|██████████| 32/32 [00:05<00:00,  6.33it/s]
(40/65): Propagating: 100%|██████████| 32/32 [00:05<00:00,  6.30it/s]

(41/65): Calibrating:   0%|          | 0/32 [00:00<?, ?it/s]
(41/65): Calibrating:   6%|▋         | 2/32 [00:00<00:01, 15.36it/s]
(41/65): Calibrating:  12%|█▎        | 4/32 [00:00<00:02, 13.05it/s]
(41/65): Calibrating:  19%|█▉        | 6/32 [00:00<00:02, 12.41it/s]
(41/65): Calibrating:  25%|██▌       | 8/32 [00:00<00:01, 12.13it/s]
(41/65): Calibrating:  31%|███▏      | 10/32 [00:00<00:01, 11.97it/s]
(41/65): Calibrating:  38%|███▊      | 12/32 [00:00<00:01, 11.89it/s]
(41/65): Calibrating:  44%|████▍     | 14/32 [00:01<00:01, 11.83it/s]
(41/65): Calibrating:  50%|█████     | 16/32 [00:01<00:01, 11.81it/s]
(41/65): Calibrating:  56%|█████▋    | 18/32 [00:01<00:01, 11.77it/s]
(41/65): Calibrating:  62%|██████▎   | 20/32 [00:01<00:01, 11.76it/s]
(41/65): Calibrating:  69%|██████▉   | 22/32 [00:01<00:00, 11.74it/s]
(41/65): Calibrating:  75%|███████▌  | 24/32 [00:02<00:00, 11.74it/s]
(41/65): Calibrating:  81%|████████▏ | 26/32 [00:02<00:00, 11.72it/s]
(41/65): Calibrating:  88%|████████▊ | 28/32 [00:02<00:00, 11.73it/s]
(41/65): Calibrating:  94%|█████████▍| 30/32 [00:02<00:00, 11.71it/s]
(41/65): Calibrating: 100%|██████████| 32/32 [00:02<00:00, 11.72it/s]
(41/65): Calibrating: 100%|██████████| 32/32 [00:02<00:00, 11.90it/s]

(41/65): Propagating:   0%|          | 0/32 [00:00<?, ?it/s]
(41/65): Propagating:   3%|▎         | 1/32 [00:00<00:04,  7.51it/s]
(41/65): Propagating:   6%|▋         | 2/32 [00:00<00:03,  7.53it/s]
(41/65): Propagating:   9%|▉         | 3/32 [00:00<00:03,  7.55it/s]
(41/65): Propagating:  12%|█▎        | 4/32 [00:00<00:03,  7.56it/s]
(41/65): Propagating:  16%|█▌        | 5/32 [00:00<00:03,  7.57it/s]
(41/65): Propagating:  19%|█▉        | 6/32 [00:00<00:03,  7.58it/s]
(41/65): Propagating:  22%|██▏       | 7/32 [00:00<00:03,  7.56it/s]
(41/65): Propagating:  25%|██▌       | 8/32 [00:01<00:03,  7.55it/s]
(41/65): Propagating:  28%|██▊       | 9/32 [00:01<00:03,  7.54it/s]
(41/65): Propagating:  31%|███▏      | 10/32 [00:01<00:02,  7.53it/s]
(41/65): Propagating:  34%|███▍      | 11/32 [00:01<00:02,  7.51it/s]
(41/65): Propagating:  38%|███▊      | 12/32 [00:01<00:02,  7.51it/s]
(41/65): Propagating:  41%|████      | 13/32 [00:01<00:02,  7.51it/s]
(41/65): Propagating:  44%|████▍     | 14/32 [00:01<00:02,  7.52it/s]
(41/65): Propagating:  47%|████▋     | 15/32 [00:01<00:02,  7.54it/s]
(41/65): Propagating:  50%|█████     | 16/32 [00:02<00:02,  7.56it/s]
(41/65): Propagating:  53%|█████▎    | 17/32 [00:02<00:02,  7.24it/s]
(41/65): Propagating:  56%|█████▋    | 18/32 [00:02<00:01,  7.15it/s]
(41/65): Propagating:  59%|█████▉    | 19/32 [00:02<00:01,  7.27it/s]
(41/65): Propagating:  62%|██████▎   | 20/32 [00:02<00:01,  7.36it/s]
(41/65): Propagating:  66%|██████▌   | 21/32 [00:02<00:01,  7.42it/s]
(41/65): Propagating:  69%|██████▉   | 22/32 [00:02<00:01,  7.46it/s]
(41/65): Propagating:  72%|███████▏  | 23/32 [00:03<00:01,  7.50it/s]
(41/65): Propagating:  75%|███████▌  | 24/32 [00:03<00:01,  7.52it/s]
(41/65): Propagating:  78%|███████▊  | 25/32 [00:03<00:00,  7.54it/s]
(41/65): Propagating:  81%|████████▏ | 26/32 [00:03<00:00,  7.54it/s]
(41/65): Propagating:  84%|████████▍ | 27/32 [00:03<00:00,  7.54it/s]
(41/65): Propagating:  88%|████████▊ | 28/32 [00:03<00:00,  7.51it/s]
(41/65): Propagating:  91%|█████████ | 29/32 [00:03<00:00,  7.51it/s]
(41/65): Propagating:  94%|█████████▍| 30/32 [00:04<00:00,  7.50it/s]
(41/65): Propagating:  97%|█████████▋| 31/32 [00:04<00:00,  7.51it/s]
(41/65): Propagating: 100%|██████████| 32/32 [00:04<00:00,  7.52it/s]
(41/65): Propagating: 100%|██████████| 32/32 [00:04<00:00,  7.49it/s]

(42/65): Calibrating:   0%|          | 0/32 [00:00<?, ?it/s]
(42/65): Calibrating:   6%|▋         | 2/32 [00:00<00:02, 11.99it/s]
(42/65): Calibrating:  12%|█▎        | 4/32 [00:00<00:02, 10.06it/s]
(42/65): Calibrating:  19%|█▉        | 6/32 [00:00<00:02,  9.53it/s]
(42/65): Calibrating:  22%|██▏       | 7/32 [00:00<00:02,  9.38it/s]
(42/65): Calibrating:  25%|██▌       | 8/32 [00:00<00:02,  9.29it/s]
(42/65): Calibrating:  28%|██▊       | 9/32 [00:00<00:02,  9.19it/s]
(42/65): Calibrating:  31%|███▏      | 10/32 [00:01<00:02,  9.15it/s]
(42/65): Calibrating:  34%|███▍      | 11/32 [00:01<00:02,  9.09it/s]
(42/65): Calibrating:  38%|███▊      | 12/32 [00:01<00:02,  9.06it/s]
(42/65): Calibrating:  41%|████      | 13/32 [00:01<00:02,  9.04it/s]
(42/65): Calibrating:  44%|████▍     | 14/32 [00:01<00:01,  9.02it/s]
(42/65): Calibrating:  47%|████▋     | 15/32 [00:01<00:01,  9.02it/s]
(42/65): Calibrating:  50%|█████     | 16/32 [00:01<00:01,  9.01it/s]
(42/65): Calibrating:  53%|█████▎    | 17/32 [00:01<00:01,  9.01it/s]
(42/65): Calibrating:  56%|█████▋    | 18/32 [00:01<00:01,  9.01it/s]
(42/65): Calibrating:  59%|█████▉    | 19/32 [00:02<00:01,  9.01it/s]
(42/65): Calibrating:  62%|██████▎   | 20/32 [00:02<00:01,  9.00it/s]
(42/65): Calibrating:  66%|██████▌   | 21/32 [00:02<00:01,  9.00it/s]
(42/65): Calibrating:  69%|██████▉   | 22/32 [00:02<00:01,  9.01it/s]
(42/65): Calibrating:  72%|███████▏  | 23/32 [00:02<00:01,  8.99it/s]
(42/65): Calibrating:  75%|███████▌  | 24/32 [00:02<00:00,  9.00it/s]
(42/65): Calibrating:  78%|███████▊  | 25/32 [00:02<00:00,  8.98it/s]
(42/65): Calibrating:  81%|████████▏ | 26/32 [00:02<00:00,  9.01it/s]
(42/65): Calibrating:  84%|████████▍ | 27/32 [00:02<00:00,  9.01it/s]
(42/65): Calibrating:  88%|████████▊ | 28/32 [00:03<00:00,  9.01it/s]
(42/65): Calibrating:  91%|█████████ | 29/32 [00:03<00:00,  9.00it/s]
(42/65): Calibrating:  94%|█████████▍| 30/32 [00:03<00:00,  9.00it/s]
(42/65): Calibrating:  97%|█████████▋| 31/32 [00:03<00:00,  9.01it/s]
(42/65): Calibrating: 100%|██████████| 32/32 [00:03<00:00,  9.03it/s]
(42/65): Calibrating: 100%|██████████| 32/32 [00:03<00:00,  9.14it/s]

(42/65): Propagating:   0%|          | 0/32 [00:00<?, ?it/s]
(42/65): Propagating:   3%|▎         | 1/32 [00:00<00:04,  6.24it/s]
(42/65): Propagating:   6%|▋         | 2/32 [00:00<00:04,  6.26it/s]
(42/65): Propagating:   9%|▉         | 3/32 [00:00<00:04,  6.28it/s]
(42/65): Propagating:  12%|█▎        | 4/32 [00:00<00:04,  6.29it/s]
(42/65): Propagating:  16%|█▌        | 5/32 [00:00<00:04,  6.31it/s]
(42/65): Propagating:  19%|█▉        | 6/32 [00:00<00:04,  6.32it/s]
(42/65): Propagating:  22%|██▏       | 7/32 [00:01<00:03,  6.33it/s]
(42/65): Propagating:  25%|██▌       | 8/32 [00:01<00:03,  6.32it/s]
(42/65): Propagating:  28%|██▊       | 9/32 [00:01<00:03,  6.31it/s]
(42/65): Propagating:  31%|███▏      | 10/32 [00:01<00:03,  6.24it/s]
(42/65): Propagating:  34%|███▍      | 11/32 [00:01<00:03,  6.03it/s]
(42/65): Propagating:  38%|███▊      | 12/32 [00:01<00:03,  5.89it/s]
(42/65): Propagating:  41%|████      | 13/32 [00:02<00:03,  5.93it/s]
(42/65): Propagating:  44%|████▍     | 14/32 [00:02<00:02,  6.01it/s]
(42/65): Propagating:  47%|████▋     | 15/32 [00:02<00:02,  6.10it/s]
(42/65): Propagating:  50%|█████     | 16/32 [00:02<00:02,  6.17it/s]
(42/65): Propagating:  53%|█████▎    | 17/32 [00:02<00:02,  6.21it/s]
(42/65): Propagating:  56%|█████▋    | 18/32 [00:02<00:02,  6.24it/s]
(42/65): Propagating:  59%|█████▉    | 19/32 [00:03<00:02,  6.23it/s]
(42/65): Propagating:  62%|██████▎   | 20/32 [00:03<00:01,  6.21it/s]
(42/65): Propagating:  66%|██████▌   | 21/32 [00:03<00:01,  6.18it/s]
(42/65): Propagating:  69%|██████▉   | 22/32 [00:03<00:01,  6.15it/s]
(42/65): Propagating:  72%|███████▏  | 23/32 [00:03<00:01,  6.14it/s]
(42/65): Propagating:  75%|███████▌  | 24/32 [00:03<00:01,  6.14it/s]
(42/65): Propagating:  78%|███████▊  | 25/32 [00:04<00:01,  6.14it/s]
(42/65): Propagating:  81%|████████▏ | 26/32 [00:04<00:00,  6.12it/s]
(42/65): Propagating:  84%|████████▍ | 27/32 [00:04<00:00,  6.13it/s]
(42/65): Propagating:  88%|████████▊ | 28/32 [00:04<00:00,  6.18it/s]
(42/65): Propagating:  91%|█████████ | 29/32 [00:04<00:00,  6.19it/s]
(42/65): Propagating:  94%|█████████▍| 30/32 [00:04<00:00,  6.21it/s]
(42/65): Propagating:  97%|█████████▋| 31/32 [00:05<00:00,  6.23it/s]
(42/65): Propagating: 100%|██████████| 32/32 [00:05<00:00,  6.23it/s]
(42/65): Propagating: 100%|██████████| 32/32 [00:05<00:00,  6.18it/s]

(43/65): Calibrating:   0%|          | 0/32 [00:00<?, ?it/s]
(43/65): Calibrating:   6%|▋         | 2/32 [00:00<00:02, 11.99it/s]
(43/65): Calibrating:  12%|█▎        | 4/32 [00:00<00:02, 10.02it/s]
(43/65): Calibrating:  19%|█▉        | 6/32 [00:00<00:02,  9.53it/s]
(43/65): Calibrating:  22%|██▏       | 7/32 [00:00<00:02,  9.40it/s]
(43/65): Calibrating:  25%|██▌       | 8/32 [00:00<00:02,  9.29it/s]
(43/65): Calibrating:  28%|██▊       | 9/32 [00:00<00:02,  9.20it/s]
(43/65): Calibrating:  31%|███▏      | 10/32 [00:01<00:02,  9.05it/s]
(43/65): Calibrating:  34%|███▍      | 11/32 [00:01<00:02,  9.03it/s]
(43/65): Calibrating:  38%|███▊      | 12/32 [00:01<00:02,  9.02it/s]
(43/65): Calibrating:  41%|████      | 13/32 [00:01<00:02,  9.01it/s]
(43/65): Calibrating:  44%|████▍     | 14/32 [00:01<00:01,  9.00it/s]
(43/65): Calibrating:  47%|████▋     | 15/32 [00:01<00:01,  9.00it/s]
(43/65): Calibrating:  50%|█████     | 16/32 [00:01<00:01,  9.00it/s]
(43/65): Calibrating:  53%|█████▎    | 17/32 [00:01<00:01,  9.00it/s]
(43/65): Calibrating:  56%|█████▋    | 18/32 [00:01<00:01,  9.00it/s]
(43/65): Calibrating:  59%|█████▉    | 19/32 [00:02<00:01,  8.99it/s]
(43/65): Calibrating:  62%|██████▎   | 20/32 [00:02<00:01,  9.00it/s]
(43/65): Calibrating:  66%|██████▌   | 21/32 [00:02<00:01,  9.01it/s]
(43/65): Calibrating:  69%|██████▉   | 22/32 [00:02<00:01,  9.01it/s]
(43/65): Calibrating:  72%|███████▏  | 23/32 [00:02<00:01,  9.00it/s]
(43/65): Calibrating:  75%|███████▌  | 24/32 [00:02<00:00,  9.00it/s]
(43/65): Calibrating:  78%|███████▊  | 25/32 [00:02<00:00,  8.98it/s]
(43/65): Calibrating:  81%|████████▏ | 26/32 [00:02<00:00,  9.00it/s]
(43/65): Calibrating:  84%|████████▍ | 27/32 [00:02<00:00,  9.00it/s]
(43/65): Calibrating:  88%|████████▊ | 28/32 [00:03<00:00,  8.98it/s]
(43/65): Calibrating:  91%|█████████ | 29/32 [00:03<00:00,  8.97it/s]
(43/65): Calibrating:  94%|█████████▍| 30/32 [00:03<00:00,  8.97it/s]
(43/65): Calibrating:  97%|█████████▋| 31/32 [00:03<00:00,  8.99it/s]
(43/65): Calibrating: 100%|██████████| 32/32 [00:03<00:00,  8.99it/s]
(43/65): Calibrating: 100%|██████████| 32/32 [00:03<00:00,  9.12it/s]

(43/65): Propagating:   0%|          | 0/32 [00:00<?, ?it/s]
(43/65): Propagating:   3%|▎         | 1/32 [00:00<00:04,  6.25it/s]
(43/65): Propagating:   6%|▋         | 2/32 [00:00<00:04,  6.27it/s]
(43/65): Propagating:   9%|▉         | 3/32 [00:00<00:04,  6.28it/s]
(43/65): Propagating:  12%|█▎        | 4/32 [00:00<00:04,  6.29it/s]
(43/65): Propagating:  16%|█▌        | 5/32 [00:00<00:04,  6.30it/s]
(43/65): Propagating:  19%|█▉        | 6/32 [00:00<00:04,  6.30it/s]
(43/65): Propagating:  22%|██▏       | 7/32 [00:01<00:03,  6.31it/s]
(43/65): Propagating:  25%|██▌       | 8/32 [00:01<00:03,  6.31it/s]
(43/65): Propagating:  28%|██▊       | 9/32 [00:01<00:03,  6.31it/s]
(43/65): Propagating:  31%|███▏      | 10/32 [00:01<00:03,  6.31it/s]
(43/65): Propagating:  34%|███▍      | 11/32 [00:01<00:03,  6.30it/s]
(43/65): Propagating:  38%|███▊      | 12/32 [00:01<00:03,  6.29it/s]
(43/65): Propagating:  41%|████      | 13/32 [00:02<00:03,  6.28it/s]
(43/65): Propagating:  44%|████▍     | 14/32 [00:02<00:02,  6.27it/s]
(43/65): Propagating:  47%|████▋     | 15/32 [00:02<00:02,  6.28it/s]
(43/65): Propagating:  50%|█████     | 16/32 [00:02<00:02,  6.29it/s]
(43/65): Propagating:  53%|█████▎    | 17/32 [00:02<00:02,  6.30it/s]
(43/65): Propagating:  56%|█████▋    | 18/32 [00:02<00:02,  6.30it/s]
(43/65): Propagating:  59%|█████▉    | 19/32 [00:03<00:02,  6.31it/s]
(43/65): Propagating:  62%|██████▎   | 20/32 [00:03<00:01,  6.31it/s]
(43/65): Propagating:  66%|██████▌   | 21/32 [00:03<00:01,  6.31it/s]
(43/65): Propagating:  69%|██████▉   | 22/32 [00:03<00:01,  6.31it/s]
(43/65): Propagating:  72%|███████▏  | 23/32 [00:03<00:01,  6.32it/s]
(43/65): Propagating:  75%|███████▌  | 24/32 [00:03<00:01,  6.32it/s]
(43/65): Propagating:  78%|███████▊  | 25/32 [00:03<00:01,  6.32it/s]
(43/65): Propagating:  81%|████████▏ | 26/32 [00:04<00:00,  6.32it/s]
(43/65): Propagating:  84%|████████▍ | 27/32 [00:04<00:00,  6.32it/s]
(43/65): Propagating:  88%|████████▊ | 28/32 [00:04<00:00,  6.32it/s]
(43/65): Propagating:  91%|█████████ | 29/32 [00:04<00:00,  6.31it/s]
(43/65): Propagating:  94%|█████████▍| 30/32 [00:04<00:00,  6.28it/s]
(43/65): Propagating:  97%|█████████▋| 31/32 [00:04<00:00,  6.28it/s]
(43/65): Propagating: 100%|██████████| 32/32 [00:05<00:00,  6.28it/s]
(43/65): Propagating: 100%|██████████| 32/32 [00:05<00:00,  6.30it/s]

(44/65): Calibrating:   0%|          | 0/32 [00:00<?, ?it/s]
(44/65): Calibrating:   6%|▋         | 2/32 [00:00<00:02, 12.01it/s]
(44/65): Calibrating:  12%|█▎        | 4/32 [00:00<00:02, 10.06it/s]
(44/65): Calibrating:  19%|█▉        | 6/32 [00:00<00:02,  9.55it/s]
(44/65): Calibrating:  22%|██▏       | 7/32 [00:00<00:02,  9.41it/s]
(44/65): Calibrating:  25%|██▌       | 8/32 [00:00<00:02,  9.30it/s]
(44/65): Calibrating:  28%|██▊       | 9/32 [00:00<00:02,  9.22it/s]
(44/65): Calibrating:  31%|███▏      | 10/32 [00:01<00:02,  9.17it/s]
(44/65): Calibrating:  34%|███▍      | 11/32 [00:01<00:02,  9.14it/s]
(44/65): Calibrating:  38%|███▊      | 12/32 [00:01<00:02,  9.10it/s]
(44/65): Calibrating:  41%|████      | 13/32 [00:01<00:02,  9.06it/s]
(44/65): Calibrating:  44%|████▍     | 14/32 [00:01<00:01,  9.04it/s]
(44/65): Calibrating:  47%|████▋     | 15/32 [00:01<00:01,  9.01it/s]
(44/65): Calibrating:  50%|█████     | 16/32 [00:01<00:01,  9.00it/s]
(44/65): Calibrating:  53%|█████▎    | 17/32 [00:01<00:01,  9.01it/s]
(44/65): Calibrating:  56%|█████▋    | 18/32 [00:01<00:01,  9.00it/s]
(44/65): Calibrating:  59%|█████▉    | 19/32 [00:02<00:01,  9.00it/s]
(44/65): Calibrating:  62%|██████▎   | 20/32 [00:02<00:01,  8.99it/s]
(44/65): Calibrating:  66%|██████▌   | 21/32 [00:02<00:01,  8.99it/s]
(44/65): Calibrating:  69%|██████▉   | 22/32 [00:02<00:01,  8.99it/s]
(44/65): Calibrating:  72%|███████▏  | 23/32 [00:02<00:01,  8.97it/s]
(44/65): Calibrating:  75%|███████▌  | 24/32 [00:02<00:00,  8.98it/s]
(44/65): Calibrating:  78%|███████▊  | 25/32 [00:02<00:00,  8.97it/s]
(44/65): Calibrating:  81%|████████▏ | 26/32 [00:02<00:00,  8.98it/s]
(44/65): Calibrating:  84%|████████▍ | 27/32 [00:02<00:00,  8.98it/s]
(44/65): Calibrating:  88%|████████▊ | 28/32 [00:03<00:00,  8.99it/s]
(44/65): Calibrating:  91%|█████████ | 29/32 [00:03<00:00,  8.98it/s]
(44/65): Calibrating:  94%|█████████▍| 30/32 [00:03<00:00,  8.98it/s]
(44/65): Calibrating:  97%|█████████▋| 31/32 [00:03<00:00,  8.99it/s]
(44/65): Calibrating: 100%|██████████| 32/32 [00:03<00:00,  8.98it/s]
(44/65): Calibrating: 100%|██████████| 32/32 [00:03<00:00,  9.14it/s]

(44/65): Propagating:   0%|          | 0/32 [00:00<?, ?it/s]
(44/65): Propagating:   3%|▎         | 1/32 [00:00<00:04,  6.24it/s]
(44/65): Propagating:   6%|▋         | 2/32 [00:00<00:04,  6.25it/s]
(44/65): Propagating:   9%|▉         | 3/32 [00:00<00:04,  6.27it/s]
(44/65): Propagating:  12%|█▎        | 4/32 [00:00<00:04,  6.27it/s]
(44/65): Propagating:  16%|█▌        | 5/32 [00:00<00:04,  6.27it/s]
(44/65): Propagating:  19%|█▉        | 6/32 [00:00<00:04,  6.28it/s]
(44/65): Propagating:  22%|██▏       | 7/32 [00:01<00:04,  6.16it/s]
(44/65): Propagating:  25%|██▌       | 8/32 [00:01<00:03,  6.10it/s]
(44/65): Propagating:  28%|██▊       | 9/32 [00:01<00:03,  6.15it/s]
(44/65): Propagating:  31%|███▏      | 10/32 [00:01<00:03,  6.20it/s]
(44/65): Propagating:  34%|███▍      | 11/32 [00:01<00:03,  6.23it/s]
(44/65): Propagating:  38%|███▊      | 12/32 [00:01<00:03,  6.25it/s]
(44/65): Propagating:  41%|████      | 13/32 [00:02<00:03,  6.25it/s]
(44/65): Propagating:  44%|████▍     | 14/32 [00:02<00:02,  6.26it/s]
(44/65): Propagating:  47%|████▋     | 15/32 [00:02<00:02,  6.26it/s]
(44/65): Propagating:  50%|█████     | 16/32 [00:02<00:02,  6.25it/s]
(44/65): Propagating:  53%|█████▎    | 17/32 [00:02<00:02,  6.27it/s]
(44/65): Propagating:  56%|█████▋    | 18/32 [00:02<00:02,  6.29it/s]
(44/65): Propagating:  59%|█████▉    | 19/32 [00:03<00:02,  6.30it/s]
(44/65): Propagating:  62%|██████▎   | 20/32 [00:03<00:01,  6.31it/s]
(44/65): Propagating:  66%|██████▌   | 21/32 [00:03<00:01,  6.30it/s]
(44/65): Propagating:  69%|██████▉   | 22/32 [00:03<00:01,  6.30it/s]
(44/65): Propagating:  72%|███████▏  | 23/32 [00:03<00:01,  6.30it/s]
(44/65): Propagating:  75%|███████▌  | 24/32 [00:03<00:01,  6.30it/s]
(44/65): Propagating:  78%|███████▊  | 25/32 [00:03<00:01,  6.31it/s]
(44/65): Propagating:  81%|████████▏ | 26/32 [00:04<00:00,  6.31it/s]
(44/65): Propagating:  84%|████████▍ | 27/32 [00:04<00:00,  6.31it/s]
(44/65): Propagating:  88%|████████▊ | 28/32 [00:04<00:00,  6.32it/s]
(44/65): Propagating:  91%|█████████ | 29/32 [00:04<00:00,  6.32it/s]
(44/65): Propagating:  94%|█████████▍| 30/32 [00:04<00:00,  6.30it/s]
(44/65): Propagating:  97%|█████████▋| 31/32 [00:04<00:00,  6.28it/s]
(44/65): Propagating: 100%|██████████| 32/32 [00:05<00:00,  6.27it/s]
(44/65): Propagating: 100%|██████████| 32/32 [00:05<00:00,  6.27it/s]

(45/65): Calibrating:   0%|          | 0/32 [00:00<?, ?it/s]
(45/65): Calibrating:   6%|▋         | 2/32 [00:00<00:01, 15.33it/s]
(45/65): Calibrating:  12%|█▎        | 4/32 [00:00<00:02, 12.95it/s]
(45/65): Calibrating:  19%|█▉        | 6/32 [00:00<00:02, 12.36it/s]
(45/65): Calibrating:  25%|██▌       | 8/32 [00:00<00:01, 12.07it/s]
(45/65): Calibrating:  31%|███▏      | 10/32 [00:00<00:01, 11.91it/s]
(45/65): Calibrating:  38%|███▊      | 12/32 [00:00<00:01, 11.83it/s]
(45/65): Calibrating:  44%|████▍     | 14/32 [00:01<00:01, 11.76it/s]
(45/65): Calibrating:  50%|█████     | 16/32 [00:01<00:01, 11.74it/s]
(45/65): Calibrating:  56%|█████▋    | 18/32 [00:01<00:01, 11.70it/s]
(45/65): Calibrating:  62%|██████▎   | 20/32 [00:01<00:01, 11.71it/s]
(45/65): Calibrating:  69%|██████▉   | 22/32 [00:01<00:00, 11.69it/s]
(45/65): Calibrating:  75%|███████▌  | 24/32 [00:02<00:00, 11.70it/s]
(45/65): Calibrating:  81%|████████▏ | 26/32 [00:02<00:00, 11.69it/s]
(45/65): Calibrating:  88%|████████▊ | 28/32 [00:02<00:00, 11.71it/s]
(45/65): Calibrating:  94%|█████████▍| 30/32 [00:02<00:00, 11.70it/s]
(45/65): Calibrating: 100%|██████████| 32/32 [00:02<00:00, 11.70it/s]
(45/65): Calibrating: 100%|██████████| 32/32 [00:02<00:00, 11.85it/s]

(45/65): Propagating:   0%|          | 0/32 [00:00<?, ?it/s]
(45/65): Propagating:   3%|▎         | 1/32 [00:00<00:04,  7.38it/s]
(45/65): Propagating:   6%|▋         | 2/32 [00:00<00:04,  7.46it/s]
(45/65): Propagating:   9%|▉         | 3/32 [00:00<00:03,  7.50it/s]
(45/65): Propagating:  12%|█▎        | 4/32 [00:00<00:03,  7.51it/s]
(45/65): Propagating:  16%|█▌        | 5/32 [00:00<00:03,  7.52it/s]
(45/65): Propagating:  19%|█▉        | 6/32 [00:00<00:03,  7.52it/s]
(45/65): Propagating:  22%|██▏       | 7/32 [00:00<00:03,  7.54it/s]
(45/65): Propagating:  25%|██▌       | 8/32 [00:01<00:03,  7.55it/s]
(45/65): Propagating:  28%|██▊       | 9/32 [00:01<00:03,  7.55it/s]
(45/65): Propagating:  31%|███▏      | 10/32 [00:01<00:02,  7.56it/s]
(45/65): Propagating:  34%|███▍      | 11/32 [00:01<00:02,  7.56it/s]
(45/65): Propagating:  38%|███▊      | 12/32 [00:01<00:02,  7.55it/s]
(45/65): Propagating:  41%|████      | 13/32 [00:01<00:02,  7.54it/s]
(45/65): Propagating:  44%|████▍     | 14/32 [00:01<00:02,  7.53it/s]
(45/65): Propagating:  47%|████▋     | 15/32 [00:01<00:02,  7.51it/s]
(45/65): Propagating:  50%|█████     | 16/32 [00:02<00:02,  7.51it/s]
(45/65): Propagating:  53%|█████▎    | 17/32 [00:02<00:02,  7.50it/s]
(45/65): Propagating:  56%|█████▋    | 18/32 [00:02<00:01,  7.51it/s]
(45/65): Propagating:  59%|█████▉    | 19/32 [00:02<00:01,  7.07it/s]
(45/65): Propagating:  62%|██████▎   | 20/32 [00:02<00:01,  7.12it/s]
(45/65): Propagating:  66%|██████▌   | 21/32 [00:02<00:01,  7.25it/s]
(45/65): Propagating:  69%|██████▉   | 22/32 [00:02<00:01,  7.33it/s]
(45/65): Propagating:  72%|███████▏  | 23/32 [00:03<00:01,  7.40it/s]
(45/65): Propagating:  75%|███████▌  | 24/32 [00:03<00:01,  7.45it/s]
(45/65): Propagating:  78%|███████▊  | 25/32 [00:03<00:00,  7.49it/s]
(45/65): Propagating:  81%|████████▏ | 26/32 [00:03<00:00,  7.52it/s]
(45/65): Propagating:  84%|████████▍ | 27/32 [00:03<00:00,  7.54it/s]
(45/65): Propagating:  88%|████████▊ | 28/32 [00:03<00:00,  7.54it/s]
(45/65): Propagating:  91%|█████████ | 29/32 [00:03<00:00,  7.55it/s]
(45/65): Propagating:  94%|█████████▍| 30/32 [00:04<00:00,  7.56it/s]
(45/65): Propagating:  97%|█████████▋| 31/32 [00:04<00:00,  7.55it/s]
(45/65): Propagating: 100%|██████████| 32/32 [00:04<00:00,  7.51it/s]
(45/65): Propagating: 100%|██████████| 32/32 [00:04<00:00,  7.48it/s]

(46/65): Calibrating:   0%|          | 0/32 [00:00<?, ?it/s]
(46/65): Calibrating:   6%|▋         | 2/32 [00:00<00:02, 12.01it/s]
(46/65): Calibrating:  12%|█▎        | 4/32 [00:00<00:02, 10.06it/s]
(46/65): Calibrating:  19%|█▉        | 6/32 [00:00<00:02,  9.56it/s]
(46/65): Calibrating:  22%|██▏       | 7/32 [00:00<00:02,  9.41it/s]
(46/65): Calibrating:  25%|██▌       | 8/32 [00:00<00:02,  9.29it/s]
(46/65): Calibrating:  28%|██▊       | 9/32 [00:00<00:02,  9.21it/s]
(46/65): Calibrating:  31%|███▏      | 10/32 [00:01<00:02,  9.14it/s]
(46/65): Calibrating:  34%|███▍      | 11/32 [00:01<00:02,  9.10it/s]
(46/65): Calibrating:  38%|███▊      | 12/32 [00:01<00:02,  9.07it/s]
(46/65): Calibrating:  41%|████      | 13/32 [00:01<00:02,  9.06it/s]
(46/65): Calibrating:  44%|████▍     | 14/32 [00:01<00:01,  9.04it/s]
(46/65): Calibrating:  47%|████▋     | 15/32 [00:01<00:01,  9.02it/s]
(46/65): Calibrating:  50%|█████     | 16/32 [00:01<00:01,  9.01it/s]
(46/65): Calibrating:  53%|█████▎    | 17/32 [00:01<00:01,  9.00it/s]
(46/65): Calibrating:  56%|█████▋    | 18/32 [00:01<00:01,  9.01it/s]
(46/65): Calibrating:  59%|█████▉    | 19/32 [00:02<00:01,  9.02it/s]
(46/65): Calibrating:  62%|██████▎   | 20/32 [00:02<00:01,  9.02it/s]
(46/65): Calibrating:  66%|██████▌   | 21/32 [00:02<00:01,  9.00it/s]
(46/65): Calibrating:  69%|██████▉   | 22/32 [00:02<00:01,  9.00it/s]
(46/65): Calibrating:  72%|███████▏  | 23/32 [00:02<00:00,  9.01it/s]
(46/65): Calibrating:  75%|███████▌  | 24/32 [00:02<00:00,  9.02it/s]
(46/65): Calibrating:  78%|███████▊  | 25/32 [00:02<00:00,  9.02it/s]
(46/65): Calibrating:  81%|████████▏ | 26/32 [00:02<00:00,  9.00it/s]
(46/65): Calibrating:  84%|████████▍ | 27/32 [00:02<00:00,  9.00it/s]
(46/65): Calibrating:  88%|████████▊ | 28/32 [00:03<00:00,  9.01it/s]
(46/65): Calibrating:  91%|█████████ | 29/32 [00:03<00:00,  9.02it/s]
(46/65): Calibrating:  94%|█████████▍| 30/32 [00:03<00:00,  9.02it/s]
(46/65): Calibrating:  97%|█████████▋| 31/32 [00:03<00:00,  8.99it/s]
(46/65): Calibrating: 100%|██████████| 32/32 [00:03<00:00,  8.97it/s]
(46/65): Calibrating: 100%|██████████| 32/32 [00:03<00:00,  9.14it/s]

(46/65): Propagating:   0%|          | 0/32 [00:00<?, ?it/s]
(46/65): Propagating:   3%|▎         | 1/32 [00:00<00:04,  6.20it/s]
(46/65): Propagating:   6%|▋         | 2/32 [00:00<00:04,  6.22it/s]
(46/65): Propagating:   9%|▉         | 3/32 [00:00<00:04,  6.26it/s]
(46/65): Propagating:  12%|█▎        | 4/32 [00:00<00:04,  6.29it/s]
(46/65): Propagating:  16%|█▌        | 5/32 [00:00<00:04,  6.29it/s]
(46/65): Propagating:  19%|█▉        | 6/32 [00:00<00:04,  6.30it/s]
(46/65): Propagating:  22%|██▏       | 7/32 [00:01<00:03,  6.31it/s]
(46/65): Propagating:  25%|██▌       | 8/32 [00:01<00:03,  6.30it/s]
(46/65): Propagating:  28%|██▊       | 9/32 [00:01<00:03,  6.31it/s]
(46/65): Propagating:  31%|███▏      | 10/32 [00:01<00:03,  6.32it/s]
(46/65): Propagating:  34%|███▍      | 11/32 [00:01<00:03,  6.33it/s]
(46/65): Propagating:  38%|███▊      | 12/32 [00:01<00:03,  6.32it/s]
(46/65): Propagating:  41%|████      | 13/32 [00:02<00:03,  6.26it/s]
(46/65): Propagating:  44%|████▍     | 14/32 [00:02<00:02,  6.04it/s]
(46/65): Propagating:  47%|████▋     | 15/32 [00:02<00:02,  5.88it/s]
(46/65): Propagating:  50%|█████     | 16/32 [00:02<00:02,  5.92it/s]
(46/65): Propagating:  53%|█████▎    | 17/32 [00:02<00:02,  5.96it/s]
(46/65): Propagating:  56%|█████▋    | 18/32 [00:02<00:02,  6.05it/s]
(46/65): Propagating:  59%|█████▉    | 19/32 [00:03<00:02,  6.12it/s]
(46/65): Propagating:  62%|██████▎   | 20/32 [00:03<00:01,  6.16it/s]
(46/65): Propagating:  66%|██████▌   | 21/32 [00:03<00:01,  6.20it/s]
(46/65): Propagating:  69%|██████▉   | 22/32 [00:03<00:01,  6.24it/s]
(46/65): Propagating:  72%|███████▏  | 23/32 [00:03<00:01,  6.26it/s]
(46/65): Propagating:  75%|███████▌  | 24/32 [00:03<00:01,  6.27it/s]
(46/65): Propagating:  78%|███████▊  | 25/32 [00:04<00:01,  6.27it/s]
(46/65): Propagating:  81%|████████▏ | 26/32 [00:04<00:00,  6.26it/s]
(46/65): Propagating:  84%|████████▍ | 27/32 [00:04<00:00,  6.25it/s]
(46/65): Propagating:  88%|████████▊ | 28/32 [00:04<00:00,  6.23it/s]
(46/65): Propagating:  91%|█████████ | 29/32 [00:04<00:00,  6.24it/s]
(46/65): Propagating:  94%|█████████▍| 30/32 [00:04<00:00,  6.26it/s]
(46/65): Propagating:  97%|█████████▋| 31/32 [00:04<00:00,  6.26it/s]
(46/65): Propagating: 100%|██████████| 32/32 [00:05<00:00,  6.26it/s]
(46/65): Propagating: 100%|██████████| 32/32 [00:05<00:00,  6.21it/s]

(47/65): Calibrating:   0%|          | 0/32 [00:00<?, ?it/s]
(47/65): Calibrating:   6%|▋         | 2/32 [00:00<00:02, 11.98it/s]
(47/65): Calibrating:  12%|█▎        | 4/32 [00:00<00:02,  9.81it/s]
(47/65): Calibrating:  19%|█▉        | 6/32 [00:00<00:02,  9.40it/s]
(47/65): Calibrating:  22%|██▏       | 7/32 [00:00<00:02,  9.27it/s]
(47/65): Calibrating:  25%|██▌       | 8/32 [00:00<00:02,  9.18it/s]
(47/65): Calibrating:  28%|██▊       | 9/32 [00:00<00:02,  9.04it/s]
(47/65): Calibrating:  31%|███▏      | 10/32 [00:01<00:02,  8.95it/s]
(47/65): Calibrating:  34%|███▍      | 11/32 [00:01<00:02,  8.91it/s]
(47/65): Calibrating:  38%|███▊      | 12/32 [00:01<00:02,  8.85it/s]
(47/65): Calibrating:  41%|████      | 13/32 [00:01<00:02,  8.89it/s]
(47/65): Calibrating:  44%|████▍     | 14/32 [00:01<00:02,  8.92it/s]
(47/65): Calibrating:  47%|████▋     | 15/32 [00:01<00:01,  8.93it/s]
(47/65): Calibrating:  50%|█████     | 16/32 [00:01<00:01,  8.94it/s]
(47/65): Calibrating:  53%|█████▎    | 17/32 [00:01<00:01,  8.97it/s]
(47/65): Calibrating:  56%|█████▋    | 18/32 [00:01<00:01,  8.98it/s]
(47/65): Calibrating:  59%|█████▉    | 19/32 [00:02<00:01,  8.99it/s]
(47/65): Calibrating:  62%|██████▎   | 20/32 [00:02<00:01,  9.01it/s]
(47/65): Calibrating:  66%|██████▌   | 21/32 [00:02<00:01,  9.01it/s]
(47/65): Calibrating:  69%|██████▉   | 22/32 [00:02<00:01,  9.02it/s]
(47/65): Calibrating:  72%|███████▏  | 23/32 [00:02<00:00,  9.01it/s]
(47/65): Calibrating:  75%|███████▌  | 24/32 [00:02<00:00,  9.01it/s]
(47/65): Calibrating:  78%|███████▊  | 25/32 [00:02<00:00,  9.01it/s]
(47/65): Calibrating:  81%|████████▏ | 26/32 [00:02<00:00,  9.02it/s]
(47/65): Calibrating:  84%|████████▍ | 27/32 [00:02<00:00,  9.03it/s]
(47/65): Calibrating:  88%|████████▊ | 28/32 [00:03<00:00,  9.03it/s]
(47/65): Calibrating:  91%|█████████ | 29/32 [00:03<00:00,  9.01it/s]
(47/65): Calibrating:  94%|█████████▍| 30/32 [00:03<00:00,  9.01it/s]
(47/65): Calibrating:  97%|█████████▋| 31/32 [00:03<00:00,  9.02it/s]
(47/65): Calibrating: 100%|██████████| 32/32 [00:03<00:00,  9.03it/s]
(47/65): Calibrating: 100%|██████████| 32/32 [00:03<00:00,  9.09it/s]

(47/65): Propagating:   0%|          | 0/32 [00:00<?, ?it/s]
(47/65): Propagating:   3%|▎         | 1/32 [00:00<00:05,  6.17it/s]
(47/65): Propagating:   6%|▋         | 2/32 [00:00<00:04,  6.21it/s]
(47/65): Propagating:   9%|▉         | 3/32 [00:00<00:04,  6.23it/s]
(47/65): Propagating:  12%|█▎        | 4/32 [00:00<00:04,  6.26it/s]
(47/65): Propagating:  16%|█▌        | 5/32 [00:00<00:04,  6.29it/s]
(47/65): Propagating:  19%|█▉        | 6/32 [00:00<00:04,  6.30it/s]
(47/65): Propagating:  22%|██▏       | 7/32 [00:01<00:03,  6.31it/s]
(47/65): Propagating:  25%|██▌       | 8/32 [00:01<00:03,  6.31it/s]
(47/65): Propagating:  28%|██▊       | 9/32 [00:01<00:03,  6.31it/s]
(47/65): Propagating:  31%|███▏      | 10/32 [00:01<00:03,  6.32it/s]
(47/65): Propagating:  34%|███▍      | 11/32 [00:01<00:03,  6.32it/s]
(47/65): Propagating:  38%|███▊      | 12/32 [00:01<00:03,  6.33it/s]
(47/65): Propagating:  41%|████      | 13/32 [00:02<00:03,  6.33it/s]
(47/65): Propagating:  44%|████▍     | 14/32 [00:02<00:02,  6.32it/s]
(47/65): Propagating:  47%|████▋     | 15/32 [00:02<00:02,  6.30it/s]
(47/65): Propagating:  50%|█████     | 16/32 [00:02<00:02,  6.29it/s]
(47/65): Propagating:  53%|█████▎    | 17/32 [00:02<00:02,  6.29it/s]
(47/65): Propagating:  56%|█████▋    | 18/32 [00:02<00:02,  6.29it/s]
(47/65): Propagating:  59%|█████▉    | 19/32 [00:03<00:02,  6.30it/s]
(47/65): Propagating:  62%|██████▎   | 20/32 [00:03<00:01,  6.29it/s]
(47/65): Propagating:  66%|██████▌   | 21/32 [00:03<00:01,  6.29it/s]
(47/65): Propagating:  69%|██████▉   | 22/32 [00:03<00:01,  6.30it/s]
(47/65): Propagating:  72%|███████▏  | 23/32 [00:03<00:01,  6.31it/s]
(47/65): Propagating:  75%|███████▌  | 24/32 [00:03<00:01,  6.31it/s]
(47/65): Propagating:  78%|███████▊  | 25/32 [00:03<00:01,  6.32it/s]
(47/65): Propagating:  81%|████████▏ | 26/32 [00:04<00:00,  6.32it/s]
(47/65): Propagating:  84%|████████▍ | 27/32 [00:04<00:00,  6.32it/s]
(47/65): Propagating:  88%|████████▊ | 28/32 [00:04<00:00,  6.33it/s]
(47/65): Propagating:  91%|█████████ | 29/32 [00:04<00:00,  6.33it/s]
(47/65): Propagating:  94%|█████████▍| 30/32 [00:04<00:00,  6.33it/s]
(47/65): Propagating:  97%|█████████▋| 31/32 [00:04<00:00,  6.33it/s]
(47/65): Propagating: 100%|██████████| 32/32 [00:05<00:00,  6.33it/s]
(47/65): Propagating: 100%|██████████| 32/32 [00:05<00:00,  6.31it/s]

(48/65): Calibrating:   0%|          | 0/32 [00:00<?, ?it/s]
(48/65): Calibrating:   6%|▋         | 2/32 [00:00<00:02, 12.01it/s]
(48/65): Calibrating:  12%|█▎        | 4/32 [00:00<00:02, 10.07it/s]
(48/65): Calibrating:  19%|█▉        | 6/32 [00:00<00:02,  9.54it/s]
(48/65): Calibrating:  22%|██▏       | 7/32 [00:00<00:02,  9.40it/s]
(48/65): Calibrating:  25%|██▌       | 8/32 [00:00<00:02,  9.29it/s]
(48/65): Calibrating:  28%|██▊       | 9/32 [00:00<00:02,  9.21it/s]
(48/65): Calibrating:  31%|███▏      | 10/32 [00:01<00:02,  9.15it/s]
(48/65): Calibrating:  34%|███▍      | 11/32 [00:01<00:02,  9.11it/s]
(48/65): Calibrating:  38%|███▊      | 12/32 [00:01<00:02,  9.08it/s]
(48/65): Calibrating:  41%|████      | 13/32 [00:01<00:02,  9.05it/s]
(48/65): Calibrating:  44%|████▍     | 14/32 [00:01<00:01,  9.04it/s]
(48/65): Calibrating:  47%|████▋     | 15/32 [00:01<00:01,  9.02it/s]
(48/65): Calibrating:  50%|█████     | 16/32 [00:01<00:01,  9.02it/s]
(48/65): Calibrating:  53%|█████▎    | 17/32 [00:01<00:01,  9.01it/s]
(48/65): Calibrating:  56%|█████▋    | 18/32 [00:01<00:01,  9.01it/s]
(48/65): Calibrating:  59%|█████▉    | 19/32 [00:02<00:01,  9.00it/s]
(48/65): Calibrating:  62%|██████▎   | 20/32 [00:02<00:01,  9.01it/s]
(48/65): Calibrating:  66%|██████▌   | 21/32 [00:02<00:01,  8.99it/s]
(48/65): Calibrating:  69%|██████▉   | 22/32 [00:02<00:01,  9.00it/s]
(48/65): Calibrating:  72%|███████▏  | 23/32 [00:02<00:01,  9.00it/s]
(48/65): Calibrating:  75%|███████▌  | 24/32 [00:02<00:00,  8.98it/s]
(48/65): Calibrating:  78%|███████▊  | 25/32 [00:02<00:00,  8.98it/s]
(48/65): Calibrating:  81%|████████▏ | 26/32 [00:02<00:00,  8.98it/s]
(48/65): Calibrating:  84%|████████▍ | 27/32 [00:02<00:00,  9.00it/s]
(48/65): Calibrating:  88%|████████▊ | 28/32 [00:03<00:00,  9.00it/s]
(48/65): Calibrating:  91%|█████████ | 29/32 [00:03<00:00,  8.98it/s]
(48/65): Calibrating:  94%|█████████▍| 30/32 [00:03<00:00,  8.98it/s]
(48/65): Calibrating:  97%|█████████▋| 31/32 [00:03<00:00,  8.98it/s]
(48/65): Calibrating: 100%|██████████| 32/32 [00:03<00:00,  8.99it/s]
(48/65): Calibrating: 100%|██████████| 32/32 [00:03<00:00,  9.14it/s]

(48/65): Propagating:   0%|          | 0/32 [00:00<?, ?it/s]
(48/65): Propagating:   3%|▎         | 1/32 [00:00<00:04,  6.25it/s]
(48/65): Propagating:   6%|▋         | 2/32 [00:00<00:04,  6.23it/s]
(48/65): Propagating:   9%|▉         | 3/32 [00:00<00:04,  6.23it/s]
(48/65): Propagating:  12%|█▎        | 4/32 [00:00<00:04,  6.25it/s]
(48/65): Propagating:  16%|█▌        | 5/32 [00:00<00:04,  6.28it/s]
(48/65): Propagating:  19%|█▉        | 6/32 [00:00<00:04,  6.29it/s]
(48/65): Propagating:  22%|██▏       | 7/32 [00:01<00:03,  6.30it/s]
(48/65): Propagating:  25%|██▌       | 8/32 [00:01<00:03,  6.29it/s]
(48/65): Propagating:  28%|██▊       | 9/32 [00:01<00:03,  6.29it/s]
(48/65): Propagating:  31%|███▏      | 10/32 [00:01<00:03,  6.19it/s]
(48/65): Propagating:  34%|███▍      | 11/32 [00:01<00:03,  6.20it/s]
(48/65): Propagating:  38%|███▊      | 12/32 [00:01<00:03,  6.24it/s]
(48/65): Propagating:  41%|████      | 13/32 [00:02<00:03,  6.26it/s]
(48/65): Propagating:  44%|████▍     | 14/32 [00:02<00:02,  6.28it/s]
(48/65): Propagating:  47%|████▋     | 15/32 [00:02<00:02,  6.28it/s]
(48/65): Propagating:  50%|█████     | 16/32 [00:02<00:02,  6.27it/s]
(48/65): Propagating:  53%|█████▎    | 17/32 [00:02<00:02,  6.28it/s]
(48/65): Propagating:  56%|█████▋    | 18/32 [00:02<00:02,  6.27it/s]
(48/65): Propagating:  59%|█████▉    | 19/32 [00:03<00:02,  6.28it/s]
(48/65): Propagating:  62%|██████▎   | 20/32 [00:03<00:01,  6.28it/s]
(48/65): Propagating:  66%|██████▌   | 21/32 [00:03<00:01,  6.27it/s]
(48/65): Propagating:  69%|██████▉   | 22/32 [00:03<00:01,  6.27it/s]
(48/65): Propagating:  72%|███████▏  | 23/32 [00:03<00:01,  6.27it/s]
(48/65): Propagating:  75%|███████▌  | 24/32 [00:03<00:01,  6.28it/s]
(48/65): Propagating:  78%|███████▊  | 25/32 [00:03<00:01,  6.28it/s]
(48/65): Propagating:  81%|████████▏ | 26/32 [00:04<00:00,  6.30it/s]
(48/65): Propagating:  84%|████████▍ | 27/32 [00:04<00:00,  6.31it/s]
(48/65): Propagating:  88%|████████▊ | 28/32 [00:04<00:00,  6.32it/s]
(48/65): Propagating:  91%|█████████ | 29/32 [00:04<00:00,  6.32it/s]
(48/65): Propagating:  94%|█████████▍| 30/32 [00:04<00:00,  6.32it/s]
(48/65): Propagating:  97%|█████████▋| 31/32 [00:04<00:00,  6.33it/s]
(48/65): Propagating: 100%|██████████| 32/32 [00:05<00:00,  6.33it/s]
(48/65): Propagating: 100%|██████████| 32/32 [00:05<00:00,  6.28it/s]

(49/65): Calibrating:   0%|          | 0/32 [00:00<?, ?it/s]
(49/65): Calibrating:   6%|▋         | 2/32 [00:00<00:01, 15.35it/s]
(49/65): Calibrating:  12%|█▎        | 4/32 [00:00<00:02, 12.99it/s]
(49/65): Calibrating:  19%|█▉        | 6/32 [00:00<00:02, 12.39it/s]
(49/65): Calibrating:  25%|██▌       | 8/32 [00:00<00:01, 12.10it/s]
(49/65): Calibrating:  31%|███▏      | 10/32 [00:00<00:01, 11.97it/s]
(49/65): Calibrating:  38%|███▊      | 12/32 [00:00<00:01, 11.86it/s]
(49/65): Calibrating:  44%|████▍     | 14/32 [00:01<00:01, 11.81it/s]
(49/65): Calibrating:  50%|█████     | 16/32 [00:01<00:01, 11.77it/s]
(49/65): Calibrating:  56%|█████▋    | 18/32 [00:01<00:01, 11.74it/s]
(49/65): Calibrating:  62%|██████▎   | 20/32 [00:01<00:01, 11.71it/s]
(49/65): Calibrating:  69%|██████▉   | 22/32 [00:01<00:00, 11.68it/s]
(49/65): Calibrating:  75%|███████▌  | 24/32 [00:02<00:00, 11.68it/s]
(49/65): Calibrating:  81%|████████▏ | 26/32 [00:02<00:00, 11.66it/s]
(49/65): Calibrating:  88%|████████▊ | 28/32 [00:02<00:00, 11.68it/s]
(49/65): Calibrating:  94%|█████████▍| 30/32 [00:02<00:00, 11.67it/s]
(49/65): Calibrating: 100%|██████████| 32/32 [00:02<00:00, 11.70it/s]
(49/65): Calibrating: 100%|██████████| 32/32 [00:02<00:00, 11.86it/s]

(49/65): Propagating:   0%|          | 0/32 [00:00<?, ?it/s]
(49/65): Propagating:   3%|▎         | 1/32 [00:00<00:04,  7.40it/s]
(49/65): Propagating:   6%|▋         | 2/32 [00:00<00:04,  7.46it/s]
(49/65): Propagating:   9%|▉         | 3/32 [00:00<00:03,  7.45it/s]
(49/65): Propagating:  12%|█▎        | 4/32 [00:00<00:03,  7.46it/s]
(49/65): Propagating:  16%|█▌        | 5/32 [00:00<00:03,  7.47it/s]
(49/65): Propagating:  19%|█▉        | 6/32 [00:00<00:03,  7.50it/s]
(49/65): Propagating:  22%|██▏       | 7/32 [00:00<00:03,  7.53it/s]
(49/65): Propagating:  25%|██▌       | 8/32 [00:01<00:03,  7.54it/s]
(49/65): Propagating:  28%|██▊       | 9/32 [00:01<00:03,  7.54it/s]
(49/65): Propagating:  31%|███▏      | 10/32 [00:01<00:02,  7.56it/s]
(49/65): Propagating:  34%|███▍      | 11/32 [00:01<00:02,  7.55it/s]
(49/65): Propagating:  38%|███▊      | 12/32 [00:01<00:02,  7.56it/s]
(49/65): Propagating:  41%|████      | 13/32 [00:01<00:02,  7.55it/s]
(49/65): Propagating:  44%|████▍     | 14/32 [00:01<00:02,  7.54it/s]
(49/65): Propagating:  47%|████▋     | 15/32 [00:01<00:02,  7.54it/s]
(49/65): Propagating:  50%|█████     | 16/32 [00:02<00:02,  7.54it/s]
(49/65): Propagating:  53%|█████▎    | 17/32 [00:02<00:01,  7.54it/s]
(49/65): Propagating:  56%|█████▋    | 18/32 [00:02<00:01,  7.54it/s]
(49/65): Propagating:  59%|█████▉    | 19/32 [00:02<00:01,  7.53it/s]
(49/65): Propagating:  62%|██████▎   | 20/32 [00:02<00:01,  7.52it/s]
(49/65): Propagating:  66%|██████▌   | 21/32 [00:02<00:01,  7.30it/s]
(49/65): Propagating:  69%|██████▉   | 22/32 [00:02<00:01,  7.20it/s]
(49/65): Propagating:  72%|███████▏  | 23/32 [00:03<00:01,  7.28it/s]
(49/65): Propagating:  75%|███████▌  | 24/32 [00:03<00:01,  7.35it/s]
(49/65): Propagating:  78%|███████▊  | 25/32 [00:03<00:00,  7.41it/s]
(49/65): Propagating:  81%|████████▏ | 26/32 [00:03<00:00,  7.45it/s]
(49/65): Propagating:  84%|████████▍ | 27/32 [00:03<00:00,  7.49it/s]
(49/65): Propagating:  88%|████████▊ | 28/32 [00:03<00:00,  7.52it/s]
(49/65): Propagating:  91%|█████████ | 29/32 [00:03<00:00,  7.53it/s]
(49/65): Propagating:  94%|█████████▍| 30/32 [00:04<00:00,  7.55it/s]
(49/65): Propagating:  97%|█████████▋| 31/32 [00:04<00:00,  7.57it/s]
(49/65): Propagating: 100%|██████████| 32/32 [00:04<00:00,  7.57it/s]
(49/65): Propagating: 100%|██████████| 32/32 [00:04<00:00,  7.49it/s]

(50/65): Calibrating:   0%|          | 0/32 [00:00<?, ?it/s]
(50/65): Calibrating:   6%|▋         | 2/32 [00:00<00:02, 12.03it/s]
(50/65): Calibrating:  12%|█▎        | 4/32 [00:00<00:02, 10.04it/s]
(50/65): Calibrating:  19%|█▉        | 6/32 [00:00<00:02,  9.55it/s]
(50/65): Calibrating:  22%|██▏       | 7/32 [00:00<00:02,  9.39it/s]
(50/65): Calibrating:  25%|██▌       | 8/32 [00:00<00:02,  9.27it/s]
(50/65): Calibrating:  28%|██▊       | 9/32 [00:00<00:02,  9.19it/s]
(50/65): Calibrating:  31%|███▏      | 10/32 [00:01<00:02,  9.14it/s]
(50/65): Calibrating:  34%|███▍      | 11/32 [00:01<00:02,  9.07it/s]
(50/65): Calibrating:  38%|███▊      | 12/32 [00:01<00:02,  9.07it/s]
(50/65): Calibrating:  41%|████      | 13/32 [00:01<00:02,  9.02it/s]
(50/65): Calibrating:  44%|████▍     | 14/32 [00:01<00:01,  9.02it/s]
(50/65): Calibrating:  47%|████▋     | 15/32 [00:01<00:01,  9.01it/s]
(50/65): Calibrating:  50%|█████     | 16/32 [00:01<00:01,  9.02it/s]
(50/65): Calibrating:  53%|█████▎    | 17/32 [00:01<00:01,  9.01it/s]
(50/65): Calibrating:  56%|█████▋    | 18/32 [00:01<00:01,  9.02it/s]
(50/65): Calibrating:  59%|█████▉    | 19/32 [00:02<00:01,  9.00it/s]
(50/65): Calibrating:  62%|██████▎   | 20/32 [00:02<00:01,  9.00it/s]
(50/65): Calibrating:  66%|██████▌   | 21/32 [00:02<00:01,  9.00it/s]
(50/65): Calibrating:  69%|██████▉   | 22/32 [00:02<00:01,  9.01it/s]
(50/65): Calibrating:  72%|███████▏  | 23/32 [00:02<00:00,  9.02it/s]
(50/65): Calibrating:  75%|███████▌  | 24/32 [00:02<00:00,  9.02it/s]
(50/65): Calibrating:  78%|███████▊  | 25/32 [00:02<00:00,  9.02it/s]
(50/65): Calibrating:  81%|████████▏ | 26/32 [00:02<00:00,  9.01it/s]
(50/65): Calibrating:  84%|████████▍ | 27/32 [00:02<00:00,  9.01it/s]
(50/65): Calibrating:  88%|████████▊ | 28/32 [00:03<00:00,  9.02it/s]
(50/65): Calibrating:  91%|█████████ | 29/32 [00:03<00:00,  9.02it/s]
(50/65): Calibrating:  94%|█████████▍| 30/32 [00:03<00:00,  9.02it/s]
(50/65): Calibrating:  97%|█████████▋| 31/32 [00:03<00:00,  9.00it/s]
(50/65): Calibrating: 100%|██████████| 32/32 [00:03<00:00,  9.01it/s]
(50/65): Calibrating: 100%|██████████| 32/32 [00:03<00:00,  9.14it/s]

(50/65): Propagating:   0%|          | 0/32 [00:00<?, ?it/s]
(50/65): Propagating:   3%|▎         | 1/32 [00:00<00:04,  6.28it/s]
(50/65): Propagating:   6%|▋         | 2/32 [00:00<00:04,  6.30it/s]
(50/65): Propagating:   9%|▉         | 3/32 [00:00<00:04,  6.30it/s]
(50/65): Propagating:  12%|█▎        | 4/32 [00:00<00:04,  6.29it/s]
(50/65): Propagating:  16%|█▌        | 5/32 [00:00<00:04,  6.27it/s]
(50/65): Propagating:  19%|█▉        | 6/32 [00:00<00:04,  6.26it/s]
(50/65): Propagating:  22%|██▏       | 7/32 [00:01<00:03,  6.27it/s]
(50/65): Propagating:  25%|██▌       | 8/32 [00:01<00:03,  6.28it/s]
(50/65): Propagating:  28%|██▊       | 9/32 [00:01<00:03,  6.26it/s]
(50/65): Propagating:  31%|███▏      | 10/32 [00:01<00:03,  6.28it/s]
(50/65): Propagating:  34%|███▍      | 11/32 [00:01<00:03,  6.30it/s]
(50/65): Propagating:  38%|███▊      | 12/32 [00:01<00:03,  6.30it/s]
(50/65): Propagating:  41%|████      | 13/32 [00:02<00:03,  6.30it/s]
(50/65): Propagating:  44%|████▍     | 14/32 [00:02<00:02,  6.31it/s]
(50/65): Propagating:  47%|████▋     | 15/32 [00:02<00:02,  6.31it/s]
(50/65): Propagating:  50%|█████     | 16/32 [00:02<00:02,  6.31it/s]
(50/65): Propagating:  53%|█████▎    | 17/32 [00:02<00:02,  6.13it/s]
(50/65): Propagating:  56%|█████▋    | 18/32 [00:02<00:02,  5.95it/s]
(50/65): Propagating:  59%|█████▉    | 19/32 [00:03<00:02,  6.01it/s]
(50/65): Propagating:  62%|██████▎   | 20/32 [00:03<00:01,  6.07it/s]
(50/65): Propagating:  66%|██████▌   | 21/32 [00:03<00:01,  6.11it/s]
(50/65): Propagating:  69%|██████▉   | 22/32 [00:03<00:01,  6.12it/s]
(50/65): Propagating:  72%|███████▏  | 23/32 [00:03<00:01,  6.13it/s]
(50/65): Propagating:  75%|███████▌  | 24/32 [00:03<00:01,  6.17it/s]
(50/65): Propagating:  78%|███████▊  | 25/32 [00:04<00:01,  6.20it/s]
(50/65): Propagating:  81%|████████▏ | 26/32 [00:04<00:00,  6.21it/s]
(50/65): Propagating:  84%|████████▍ | 27/32 [00:04<00:00,  6.24it/s]
(50/65): Propagating:  88%|████████▊ | 28/32 [00:04<00:00,  6.25it/s]
(50/65): Propagating:  91%|█████████ | 29/32 [00:04<00:00,  6.28it/s]
(50/65): Propagating:  94%|█████████▍| 30/32 [00:04<00:00,  6.29it/s]
(50/65): Propagating:  97%|█████████▋| 31/32 [00:04<00:00,  6.30it/s]
(50/65): Propagating: 100%|██████████| 32/32 [00:05<00:00,  6.31it/s]
(50/65): Propagating: 100%|██████████| 32/32 [00:05<00:00,  6.23it/s]

(51/65): Calibrating:   0%|          | 0/32 [00:00<?, ?it/s]
(51/65): Calibrating:   6%|▋         | 2/32 [00:00<00:02, 11.96it/s]
(51/65): Calibrating:  12%|█▎        | 4/32 [00:00<00:02,  9.84it/s]
(51/65): Calibrating:  19%|█▉        | 6/32 [00:00<00:02,  9.38it/s]
(51/65): Calibrating:  22%|██▏       | 7/32 [00:00<00:02,  9.24it/s]
(51/65): Calibrating:  25%|██▌       | 8/32 [00:00<00:02,  9.19it/s]
(51/65): Calibrating:  28%|██▊       | 9/32 [00:00<00:02,  9.13it/s]
(51/65): Calibrating:  31%|███▏      | 10/32 [00:01<00:02,  9.10it/s]
(51/65): Calibrating:  34%|███▍      | 11/32 [00:01<00:02,  9.05it/s]
(51/65): Calibrating:  38%|███▊      | 12/32 [00:01<00:02,  9.03it/s]
(51/65): Calibrating:  41%|████      | 13/32 [00:01<00:02,  9.01it/s]
(51/65): Calibrating:  44%|████▍     | 14/32 [00:01<00:02,  8.91it/s]
(51/65): Calibrating:  47%|████▋     | 15/32 [00:01<00:01,  8.86it/s]
(51/65): Calibrating:  50%|█████     | 16/32 [00:01<00:01,  8.88it/s]
(51/65): Calibrating:  53%|█████▎    | 17/32 [00:01<00:01,  8.93it/s]
(51/65): Calibrating:  56%|█████▋    | 18/32 [00:01<00:01,  8.96it/s]
(51/65): Calibrating:  59%|█████▉    | 19/32 [00:02<00:01,  8.97it/s]
(51/65): Calibrating:  62%|██████▎   | 20/32 [00:02<00:01,  8.98it/s]
(51/65): Calibrating:  66%|██████▌   | 21/32 [00:02<00:01,  8.99it/s]
(51/65): Calibrating:  69%|██████▉   | 22/32 [00:02<00:01,  9.00it/s]
(51/65): Calibrating:  72%|███████▏  | 23/32 [00:02<00:01,  8.98it/s]
(51/65): Calibrating:  75%|███████▌  | 24/32 [00:02<00:00,  8.99it/s]
(51/65): Calibrating:  78%|███████▊  | 25/32 [00:02<00:00,  8.98it/s]
(51/65): Calibrating:  81%|████████▏ | 26/32 [00:02<00:00,  8.97it/s]
(51/65): Calibrating:  84%|████████▍ | 27/32 [00:02<00:00,  9.00it/s]
(51/65): Calibrating:  88%|████████▊ | 28/32 [00:03<00:00,  8.98it/s]
(51/65): Calibrating:  91%|█████████ | 29/32 [00:03<00:00,  8.98it/s]
(51/65): Calibrating:  94%|█████████▍| 30/32 [00:03<00:00,  8.97it/s]
(51/65): Calibrating:  97%|█████████▋| 31/32 [00:03<00:00,  8.98it/s]
(51/65): Calibrating: 100%|██████████| 32/32 [00:03<00:00,  8.99it/s]
(51/65): Calibrating: 100%|██████████| 32/32 [00:03<00:00,  9.08it/s]

(51/65): Propagating:   0%|          | 0/32 [00:00<?, ?it/s]
(51/65): Propagating:   3%|▎         | 1/32 [00:00<00:04,  6.26it/s]
(51/65): Propagating:   6%|▋         | 2/32 [00:00<00:04,  6.28it/s]
(51/65): Propagating:   9%|▉         | 3/32 [00:00<00:04,  6.30it/s]
(51/65): Propagating:  12%|█▎        | 4/32 [00:00<00:04,  6.29it/s]
(51/65): Propagating:  16%|█▌        | 5/32 [00:00<00:04,  6.29it/s]
(51/65): Propagating:  19%|█▉        | 6/32 [00:00<00:04,  6.28it/s]
(51/65): Propagating:  22%|██▏       | 7/32 [00:01<00:03,  6.29it/s]
(51/65): Propagating:  25%|██▌       | 8/32 [00:01<00:03,  6.30it/s]
(51/65): Propagating:  28%|██▊       | 9/32 [00:01<00:03,  6.30it/s]
(51/65): Propagating:  31%|███▏      | 10/32 [00:01<00:03,  6.29it/s]
(51/65): Propagating:  34%|███▍      | 11/32 [00:01<00:03,  6.29it/s]
(51/65): Propagating:  38%|███▊      | 12/32 [00:01<00:03,  6.30it/s]
(51/65): Propagating:  41%|████      | 13/32 [00:02<00:03,  6.31it/s]
(51/65): Propagating:  44%|████▍     | 14/32 [00:02<00:02,  6.32it/s]
(51/65): Propagating:  47%|████▋     | 15/32 [00:02<00:02,  6.32it/s]
(51/65): Propagating:  50%|█████     | 16/32 [00:02<00:02,  6.32it/s]
(51/65): Propagating:  53%|█████▎    | 17/32 [00:02<00:02,  6.32it/s]
(51/65): Propagating:  56%|█████▋    | 18/32 [00:02<00:02,  6.30it/s]
(51/65): Propagating:  59%|█████▉    | 19/32 [00:03<00:02,  6.28it/s]
(51/65): Propagating:  62%|██████▎   | 20/32 [00:03<00:01,  6.27it/s]
(51/65): Propagating:  66%|██████▌   | 21/32 [00:03<00:01,  6.28it/s]
(51/65): Propagating:  69%|██████▉   | 22/32 [00:03<00:01,  6.28it/s]
(51/65): Propagating:  72%|███████▏  | 23/32 [00:03<00:01,  6.28it/s]
(51/65): Propagating:  75%|███████▌  | 24/32 [00:03<00:01,  6.29it/s]
(51/65): Propagating:  78%|███████▊  | 25/32 [00:03<00:01,  6.29it/s]
(51/65): Propagating:  81%|████████▏ | 26/32 [00:04<00:00,  6.29it/s]
(51/65): Propagating:  84%|████████▍ | 27/32 [00:04<00:00,  6.29it/s]
(51/65): Propagating:  88%|████████▊ | 28/32 [00:04<00:00,  6.29it/s]
(51/65): Propagating:  91%|█████████ | 29/32 [00:04<00:00,  6.30it/s]
(51/65): Propagating:  94%|█████████▍| 30/32 [00:04<00:00,  6.31it/s]
(51/65): Propagating:  97%|█████████▋| 31/32 [00:04<00:00,  6.31it/s]
(51/65): Propagating: 100%|██████████| 32/32 [00:05<00:00,  6.31it/s]
(51/65): Propagating: 100%|██████████| 32/32 [00:05<00:00,  6.30it/s]

(52/65): Calibrating:   0%|          | 0/32 [00:00<?, ?it/s]
(52/65): Calibrating:   6%|▋         | 2/32 [00:00<00:02, 11.99it/s]
(52/65): Calibrating:  12%|█▎        | 4/32 [00:00<00:02, 10.05it/s]
(52/65): Calibrating:  19%|█▉        | 6/32 [00:00<00:02,  9.54it/s]
(52/65): Calibrating:  22%|██▏       | 7/32 [00:00<00:02,  9.40it/s]
(52/65): Calibrating:  25%|██▌       | 8/32 [00:00<00:02,  9.29it/s]
(52/65): Calibrating:  28%|██▊       | 9/32 [00:00<00:02,  9.21it/s]
(52/65): Calibrating:  31%|███▏      | 10/32 [00:01<00:02,  9.14it/s]
(52/65): Calibrating:  34%|███▍      | 11/32 [00:01<00:02,  9.10it/s]
(52/65): Calibrating:  38%|███▊      | 12/32 [00:01<00:02,  9.06it/s]
(52/65): Calibrating:  41%|████      | 13/32 [00:01<00:02,  9.05it/s]
(52/65): Calibrating:  44%|████▍     | 14/32 [00:01<00:01,  9.03it/s]
(52/65): Calibrating:  47%|████▋     | 15/32 [00:01<00:01,  9.01it/s]
(52/65): Calibrating:  50%|█████     | 16/32 [00:01<00:01,  9.02it/s]
(52/65): Calibrating:  53%|█████▎    | 17/32 [00:01<00:01,  9.03it/s]
(52/65): Calibrating:  56%|█████▋    | 18/32 [00:01<00:01,  9.03it/s]
(52/65): Calibrating:  59%|█████▉    | 19/32 [00:02<00:01,  9.01it/s]
(52/65): Calibrating:  62%|██████▎   | 20/32 [00:02<00:01,  9.00it/s]
(52/65): Calibrating:  66%|██████▌   | 21/32 [00:02<00:01,  9.01it/s]
(52/65): Calibrating:  69%|██████▉   | 22/32 [00:02<00:01,  9.03it/s]
(52/65): Calibrating:  72%|███████▏  | 23/32 [00:02<00:00,  9.02it/s]
(52/65): Calibrating:  75%|███████▌  | 24/32 [00:02<00:00,  9.00it/s]
(52/65): Calibrating:  78%|███████▊  | 25/32 [00:02<00:00,  8.99it/s]
(52/65): Calibrating:  81%|████████▏ | 26/32 [00:02<00:00,  9.01it/s]
(52/65): Calibrating:  84%|████████▍ | 27/32 [00:02<00:00,  9.02it/s]
(52/65): Calibrating:  88%|████████▊ | 28/32 [00:03<00:00,  9.02it/s]
(52/65): Calibrating:  91%|█████████ | 29/32 [00:03<00:00,  8.98it/s]
(52/65): Calibrating:  94%|█████████▍| 30/32 [00:03<00:00,  8.97it/s]
(52/65): Calibrating:  97%|█████████▋| 31/32 [00:03<00:00,  8.97it/s]
(52/65): Calibrating: 100%|██████████| 32/32 [00:03<00:00,  8.99it/s]
(52/65): Calibrating: 100%|██████████| 32/32 [00:03<00:00,  9.14it/s]

(52/65): Propagating:   0%|          | 0/32 [00:00<?, ?it/s]
(52/65): Propagating:   3%|▎         | 1/32 [00:00<00:04,  6.23it/s]
(52/65): Propagating:   6%|▋         | 2/32 [00:00<00:04,  6.26it/s]
(52/65): Propagating:   9%|▉         | 3/32 [00:00<00:04,  6.28it/s]
(52/65): Propagating:  12%|█▎        | 4/32 [00:00<00:04,  6.29it/s]
(52/65): Propagating:  16%|█▌        | 5/32 [00:00<00:04,  6.30it/s]
(52/65): Propagating:  19%|█▉        | 6/32 [00:00<00:04,  6.30it/s]
(52/65): Propagating:  22%|██▏       | 7/32 [00:01<00:03,  6.28it/s]
(52/65): Propagating:  25%|██▌       | 8/32 [00:01<00:03,  6.28it/s]
(52/65): Propagating:  28%|██▊       | 9/32 [00:01<00:03,  6.29it/s]
(52/65): Propagating:  31%|███▏      | 10/32 [00:01<00:03,  6.29it/s]
(52/65): Propagating:  34%|███▍      | 11/32 [00:01<00:03,  6.28it/s]
(52/65): Propagating:  38%|███▊      | 12/32 [00:01<00:03,  6.16it/s]
(52/65): Propagating:  41%|████      | 13/32 [00:02<00:03,  6.14it/s]
(52/65): Propagating:  44%|████▍     | 14/32 [00:02<00:02,  6.18it/s]
(52/65): Propagating:  47%|████▋     | 15/32 [00:02<00:02,  6.22it/s]
(52/65): Propagating:  50%|█████     | 16/32 [00:02<00:02,  6.25it/s]
(52/65): Propagating:  53%|█████▎    | 17/32 [00:02<00:02,  6.27it/s]
(52/65): Propagating:  56%|█████▋    | 18/32 [00:02<00:02,  6.28it/s]
(52/65): Propagating:  59%|█████▉    | 19/32 [00:03<00:02,  6.27it/s]
(52/65): Propagating:  62%|██████▎   | 20/32 [00:03<00:01,  6.26it/s]
(52/65): Propagating:  66%|██████▌   | 21/32 [00:03<00:01,  6.26it/s]
(52/65): Propagating:  69%|██████▉   | 22/32 [00:03<00:01,  6.26it/s]
(52/65): Propagating:  72%|███████▏  | 23/32 [00:03<00:01,  6.26it/s]
(52/65): Propagating:  75%|███████▌  | 24/32 [00:03<00:01,  6.27it/s]
(52/65): Propagating:  78%|███████▊  | 25/32 [00:03<00:01,  6.28it/s]
(52/65): Propagating:  81%|████████▏ | 26/32 [00:04<00:00,  6.28it/s]
(52/65): Propagating:  84%|████████▍ | 27/32 [00:04<00:00,  6.29it/s]
(52/65): Propagating:  88%|████████▊ | 28/32 [00:04<00:00,  6.29it/s]
(52/65): Propagating:  91%|█████████ | 29/32 [00:04<00:00,  6.29it/s]
(52/65): Propagating:  94%|█████████▍| 30/32 [00:04<00:00,  6.30it/s]
(52/65): Propagating:  97%|█████████▋| 31/32 [00:04<00:00,  6.31it/s]
(52/65): Propagating: 100%|██████████| 32/32 [00:05<00:00,  6.31it/s]
(52/65): Propagating: 100%|██████████| 32/32 [00:05<00:00,  6.27it/s]

(53/65): Calibrating:   0%|          | 0/32 [00:00<?, ?it/s]
(53/65): Calibrating:   6%|▋         | 2/32 [00:00<00:01, 15.35it/s]
(53/65): Calibrating:  12%|█▎        | 4/32 [00:00<00:02, 13.03it/s]
(53/65): Calibrating:  19%|█▉        | 6/32 [00:00<00:02, 12.40it/s]
(53/65): Calibrating:  25%|██▌       | 8/32 [00:00<00:01, 12.11it/s]
(53/65): Calibrating:  31%|███▏      | 10/32 [00:00<00:01, 11.95it/s]
(53/65): Calibrating:  38%|███▊      | 12/32 [00:00<00:01, 11.87it/s]
(53/65): Calibrating:  44%|████▍     | 14/32 [00:01<00:01, 11.81it/s]
(53/65): Calibrating:  50%|█████     | 16/32 [00:01<00:01, 11.78it/s]
(53/65): Calibrating:  56%|█████▋    | 18/32 [00:01<00:01, 11.74it/s]
(53/65): Calibrating:  62%|██████▎   | 20/32 [00:01<00:01, 11.73it/s]
(53/65): Calibrating:  69%|██████▉   | 22/32 [00:01<00:00, 11.71it/s]
(53/65): Calibrating:  75%|███████▌  | 24/32 [00:02<00:00, 11.71it/s]
(53/65): Calibrating:  81%|████████▏ | 26/32 [00:02<00:00, 11.70it/s]
(53/65): Calibrating:  88%|████████▊ | 28/32 [00:02<00:00, 11.69it/s]
(53/65): Calibrating:  94%|█████████▍| 30/32 [00:02<00:00, 11.70it/s]
(53/65): Calibrating: 100%|██████████| 32/32 [00:02<00:00, 11.71it/s]
(53/65): Calibrating: 100%|██████████| 32/32 [00:02<00:00, 11.88it/s]

(53/65): Propagating:   0%|          | 0/32 [00:00<?, ?it/s]
(53/65): Propagating:   3%|▎         | 1/32 [00:00<00:04,  7.42it/s]
(53/65): Propagating:   6%|▋         | 2/32 [00:00<00:04,  7.49it/s]
(53/65): Propagating:   9%|▉         | 3/32 [00:00<00:03,  7.52it/s]
(53/65): Propagating:  12%|█▎        | 4/32 [00:00<00:03,  7.54it/s]
(53/65): Propagating:  16%|█▌        | 5/32 [00:00<00:03,  7.54it/s]
(53/65): Propagating:  19%|█▉        | 6/32 [00:00<00:03,  7.54it/s]
(53/65): Propagating:  22%|██▏       | 7/32 [00:00<00:03,  7.53it/s]
(53/65): Propagating:  25%|██▌       | 8/32 [00:01<00:03,  7.52it/s]
(53/65): Propagating:  28%|██▊       | 9/32 [00:01<00:03,  7.51it/s]
(53/65): Propagating:  31%|███▏      | 10/32 [00:01<00:02,  7.53it/s]
(53/65): Propagating:  34%|███▍      | 11/32 [00:01<00:02,  7.53it/s]
(53/65): Propagating:  38%|███▊      | 12/32 [00:01<00:02,  7.52it/s]
(53/65): Propagating:  41%|████      | 13/32 [00:01<00:02,  7.53it/s]
(53/65): Propagating:  44%|████▍     | 14/32 [00:01<00:02,  7.54it/s]
(53/65): Propagating:  47%|████▋     | 15/32 [00:01<00:02,  7.55it/s]
(53/65): Propagating:  50%|█████     | 16/32 [00:02<00:02,  7.54it/s]
(53/65): Propagating:  53%|█████▎    | 17/32 [00:02<00:01,  7.57it/s]
(53/65): Propagating:  56%|█████▋    | 18/32 [00:02<00:01,  7.57it/s]
(53/65): Propagating:  59%|█████▉    | 19/32 [00:02<00:01,  7.55it/s]
(53/65): Propagating:  62%|██████▎   | 20/32 [00:02<00:01,  7.50it/s]
(53/65): Propagating:  66%|██████▌   | 21/32 [00:02<00:01,  7.49it/s]
(53/65): Propagating:  69%|██████▉   | 22/32 [00:02<00:01,  7.48it/s]
(53/65): Propagating:  72%|███████▏  | 23/32 [00:03<00:01,  7.47it/s]
(53/65): Propagating:  75%|███████▌  | 24/32 [00:03<00:01,  7.35it/s]
(53/65): Propagating:  78%|███████▊  | 25/32 [00:03<00:00,  7.40it/s]
(53/65): Propagating:  81%|████████▏ | 26/32 [00:03<00:00,  7.43it/s]
(53/65): Propagating:  84%|████████▍ | 27/32 [00:03<00:00,  7.46it/s]
(53/65): Propagating:  88%|████████▊ | 28/32 [00:03<00:00,  7.48it/s]
(53/65): Propagating:  91%|█████████ | 29/32 [00:03<00:00,  7.49it/s]
(53/65): Propagating:  94%|█████████▍| 30/32 [00:03<00:00,  7.51it/s]
(53/65): Propagating:  97%|█████████▋| 31/32 [00:04<00:00,  7.52it/s]
(53/65): Propagating: 100%|██████████| 32/32 [00:04<00:00,  7.54it/s]
(53/65): Propagating: 100%|██████████| 32/32 [00:04<00:00,  7.51it/s]

(54/65): Calibrating:   0%|          | 0/32 [00:00<?, ?it/s]
(54/65): Calibrating:   6%|▋         | 2/32 [00:00<00:02, 12.02it/s]
(54/65): Calibrating:  12%|█▎        | 4/32 [00:00<00:02, 10.05it/s]
(54/65): Calibrating:  19%|█▉        | 6/32 [00:00<00:02,  9.53it/s]
(54/65): Calibrating:  22%|██▏       | 7/32 [00:00<00:02,  9.39it/s]
(54/65): Calibrating:  25%|██▌       | 8/32 [00:00<00:02,  9.28it/s]
(54/65): Calibrating:  28%|██▊       | 9/32 [00:00<00:02,  9.21it/s]
(54/65): Calibrating:  31%|███▏      | 10/32 [00:01<00:02,  9.15it/s]
(54/65): Calibrating:  34%|███▍      | 11/32 [00:01<00:02,  9.11it/s]
(54/65): Calibrating:  38%|███▊      | 12/32 [00:01<00:02,  9.08it/s]
(54/65): Calibrating:  41%|████      | 13/32 [00:01<00:02,  9.07it/s]
(54/65): Calibrating:  44%|████▍     | 14/32 [00:01<00:01,  9.04it/s]
(54/65): Calibrating:  47%|████▋     | 15/32 [00:01<00:01,  9.01it/s]
(54/65): Calibrating:  50%|█████     | 16/32 [00:01<00:01,  9.01it/s]
(54/65): Calibrating:  53%|█████▎    | 17/32 [00:01<00:01,  9.00it/s]
(54/65): Calibrating:  56%|█████▋    | 18/32 [00:01<00:01,  9.01it/s]
(54/65): Calibrating:  59%|█████▉    | 19/32 [00:02<00:01,  9.02it/s]
(54/65): Calibrating:  62%|██████▎   | 20/32 [00:02<00:01,  9.02it/s]
(54/65): Calibrating:  66%|██████▌   | 21/32 [00:02<00:01,  9.01it/s]
(54/65): Calibrating:  69%|██████▉   | 22/32 [00:02<00:01,  9.01it/s]
(54/65): Calibrating:  72%|███████▏  | 23/32 [00:02<00:00,  9.01it/s]
(54/65): Calibrating:  75%|███████▌  | 24/32 [00:02<00:00,  9.03it/s]
(54/65): Calibrating:  78%|███████▊  | 25/32 [00:02<00:00,  9.03it/s]
(54/65): Calibrating:  81%|████████▏ | 26/32 [00:02<00:00,  9.02it/s]
(54/65): Calibrating:  84%|████████▍ | 27/32 [00:02<00:00,  9.03it/s]
(54/65): Calibrating:  88%|████████▊ | 28/32 [00:03<00:00,  9.02it/s]
(54/65): Calibrating:  91%|█████████ | 29/32 [00:03<00:00,  9.03it/s]
(54/65): Calibrating:  94%|█████████▍| 30/32 [00:03<00:00,  9.02it/s]
(54/65): Calibrating:  97%|█████████▋| 31/32 [00:03<00:00,  8.99it/s]
(54/65): Calibrating: 100%|██████████| 32/32 [00:03<00:00,  8.99it/s]
(54/65): Calibrating: 100%|██████████| 32/32 [00:03<00:00,  9.15it/s]

(54/65): Propagating:   0%|          | 0/32 [00:00<?, ?it/s]
(54/65): Propagating:   3%|▎         | 1/32 [00:00<00:04,  6.30it/s]
(54/65): Propagating:   6%|▋         | 2/32 [00:00<00:04,  6.29it/s]
(54/65): Propagating:   9%|▉         | 3/32 [00:00<00:04,  6.30it/s]
(54/65): Propagating:  12%|█▎        | 4/32 [00:00<00:04,  6.30it/s]
(54/65): Propagating:  16%|█▌        | 5/32 [00:00<00:04,  6.30it/s]
(54/65): Propagating:  19%|█▉        | 6/32 [00:00<00:04,  6.30it/s]
(54/65): Propagating:  22%|██▏       | 7/32 [00:01<00:03,  6.31it/s]
(54/65): Propagating:  25%|██▌       | 8/32 [00:01<00:03,  6.29it/s]
(54/65): Propagating:  28%|██▊       | 9/32 [00:01<00:03,  6.27it/s]
(54/65): Propagating:  31%|███▏      | 10/32 [00:01<00:03,  6.28it/s]
(54/65): Propagating:  34%|███▍      | 11/32 [00:01<00:03,  6.29it/s]
(54/65): Propagating:  38%|███▊      | 12/32 [00:01<00:03,  6.29it/s]
(54/65): Propagating:  41%|████      | 13/32 [00:02<00:03,  6.28it/s]
(54/65): Propagating:  44%|████▍     | 14/32 [00:02<00:02,  6.29it/s]
(54/65): Propagating:  47%|████▋     | 15/32 [00:02<00:02,  6.29it/s]
(54/65): Propagating:  50%|█████     | 16/32 [00:02<00:02,  6.30it/s]
(54/65): Propagating:  53%|█████▎    | 17/32 [00:02<00:02,  6.31it/s]
(54/65): Propagating:  56%|█████▋    | 18/32 [00:02<00:02,  6.32it/s]
(54/65): Propagating:  59%|█████▉    | 19/32 [00:03<00:02,  6.32it/s]
(54/65): Propagating:  62%|██████▎   | 20/32 [00:03<00:01,  6.15it/s]
(54/65): Propagating:  66%|██████▌   | 21/32 [00:03<00:01,  5.95it/s]
(54/65): Propagating:  69%|██████▉   | 22/32 [00:03<00:01,  5.90it/s]
(54/65): Propagating:  72%|███████▏  | 23/32 [00:03<00:01,  6.00it/s]
(54/65): Propagating:  75%|███████▌  | 24/32 [00:03<00:01,  6.06it/s]
(54/65): Propagating:  78%|███████▊  | 25/32 [00:04<00:01,  6.11it/s]
(54/65): Propagating:  81%|████████▏ | 26/32 [00:04<00:00,  6.16it/s]
(54/65): Propagating:  84%|████████▍ | 27/32 [00:04<00:00,  6.16it/s]
(54/65): Propagating:  88%|████████▊ | 28/32 [00:04<00:00,  6.18it/s]
(54/65): Propagating:  91%|█████████ | 29/32 [00:04<00:00,  6.21it/s]
(54/65): Propagating:  94%|█████████▍| 30/32 [00:04<00:00,  6.22it/s]
(54/65): Propagating:  97%|█████████▋| 31/32 [00:04<00:00,  6.24it/s]
(54/65): Propagating: 100%|██████████| 32/32 [00:05<00:00,  6.25it/s]
(54/65): Propagating: 100%|██████████| 32/32 [00:05<00:00,  6.22it/s]

(55/65): Calibrating:   0%|          | 0/32 [00:00<?, ?it/s]
(55/65): Calibrating:   6%|▋         | 2/32 [00:00<00:02, 11.91it/s]
(55/65): Calibrating:  12%|█▎        | 4/32 [00:00<00:02,  9.99it/s]
(55/65): Calibrating:  19%|█▉        | 6/32 [00:00<00:02,  9.51it/s]
(55/65): Calibrating:  22%|██▏       | 7/32 [00:00<00:02,  9.38it/s]
(55/65): Calibrating:  25%|██▌       | 8/32 [00:00<00:02,  9.28it/s]
(55/65): Calibrating:  28%|██▊       | 9/32 [00:00<00:02,  9.19it/s]
(55/65): Calibrating:  31%|███▏      | 10/32 [00:01<00:02,  9.09it/s]
(55/65): Calibrating:  34%|███▍      | 11/32 [00:01<00:02,  9.04it/s]
(55/65): Calibrating:  38%|███▊      | 12/32 [00:01<00:02,  9.02it/s]
(55/65): Calibrating:  41%|████      | 13/32 [00:01<00:02,  9.02it/s]
(55/65): Calibrating:  44%|████▍     | 14/32 [00:01<00:02,  8.99it/s]
(55/65): Calibrating:  47%|████▋     | 15/32 [00:01<00:01,  8.98it/s]
(55/65): Calibrating:  50%|█████     | 16/32 [00:01<00:01,  8.97it/s]
(55/65): Calibrating:  53%|█████▎    | 17/32 [00:01<00:01,  8.96it/s]
(55/65): Calibrating:  56%|█████▋    | 18/32 [00:01<00:01,  8.94it/s]
(55/65): Calibrating:  59%|█████▉    | 19/32 [00:02<00:01,  8.87it/s]
(55/65): Calibrating:  62%|██████▎   | 20/32 [00:02<00:01,  8.90it/s]
(55/65): Calibrating:  66%|██████▌   | 21/32 [00:02<00:01,  8.93it/s]
(55/65): Calibrating:  69%|██████▉   | 22/32 [00:02<00:01,  8.97it/s]
(55/65): Calibrating:  72%|███████▏  | 23/32 [00:02<00:01,  8.96it/s]
(55/65): Calibrating:  75%|███████▌  | 24/32 [00:02<00:00,  8.98it/s]
(55/65): Calibrating:  78%|███████▊  | 25/32 [00:02<00:00,  8.97it/s]
(55/65): Calibrating:  81%|████████▏ | 26/32 [00:02<00:00,  8.98it/s]
(55/65): Calibrating:  84%|████████▍ | 27/32 [00:02<00:00,  8.99it/s]
(55/65): Calibrating:  88%|████████▊ | 28/32 [00:03<00:00,  8.99it/s]
(55/65): Calibrating:  91%|█████████ | 29/32 [00:03<00:00,  8.98it/s]
(55/65): Calibrating:  94%|█████████▍| 30/32 [00:03<00:00,  8.98it/s]
(55/65): Calibrating:  97%|█████████▋| 31/32 [00:03<00:00,  9.00it/s]
(55/65): Calibrating: 100%|██████████| 32/32 [00:03<00:00,  9.00it/s]
(55/65): Calibrating: 100%|██████████| 32/32 [00:03<00:00,  9.11it/s]

(55/65): Propagating:   0%|          | 0/32 [00:00<?, ?it/s]
(55/65): Propagating:   3%|▎         | 1/32 [00:00<00:04,  6.27it/s]
(55/65): Propagating:   6%|▋         | 2/32 [00:00<00:04,  6.29it/s]
(55/65): Propagating:   9%|▉         | 3/32 [00:00<00:04,  6.30it/s]
(55/65): Propagating:  12%|█▎        | 4/32 [00:00<00:04,  6.30it/s]
(55/65): Propagating:  16%|█▌        | 5/32 [00:00<00:04,  6.30it/s]
(55/65): Propagating:  19%|█▉        | 6/32 [00:00<00:04,  6.30it/s]
(55/65): Propagating:  22%|██▏       | 7/32 [00:01<00:03,  6.31it/s]
(55/65): Propagating:  25%|██▌       | 8/32 [00:01<00:03,  6.31it/s]
(55/65): Propagating:  28%|██▊       | 9/32 [00:01<00:03,  6.30it/s]
(55/65): Propagating:  31%|███▏      | 10/32 [00:01<00:03,  6.28it/s]
(55/65): Propagating:  34%|███▍      | 11/32 [00:01<00:03,  6.28it/s]
(55/65): Propagating:  38%|███▊      | 12/32 [00:01<00:03,  6.29it/s]
(55/65): Propagating:  41%|████      | 13/32 [00:02<00:03,  6.30it/s]
(55/65): Propagating:  44%|████▍     | 14/32 [00:02<00:02,  6.29it/s]
(55/65): Propagating:  47%|████▋     | 15/32 [00:02<00:02,  6.30it/s]
(55/65): Propagating:  50%|█████     | 16/32 [00:02<00:02,  6.30it/s]
(55/65): Propagating:  53%|█████▎    | 17/32 [00:02<00:02,  6.30it/s]
(55/65): Propagating:  56%|█████▋    | 18/32 [00:02<00:02,  6.31it/s]
(55/65): Propagating:  59%|█████▉    | 19/32 [00:03<00:02,  6.31it/s]
(55/65): Propagating:  62%|██████▎   | 20/32 [00:03<00:01,  6.30it/s]
(55/65): Propagating:  66%|██████▌   | 21/32 [00:03<00:01,  6.28it/s]
(55/65): Propagating:  69%|██████▉   | 22/32 [00:03<00:01,  6.27it/s]
(55/65): Propagating:  72%|███████▏  | 23/32 [00:03<00:01,  6.26it/s]
(55/65): Propagating:  75%|███████▌  | 24/32 [00:03<00:01,  6.27it/s]
(55/65): Propagating:  78%|███████▊  | 25/32 [00:03<00:01,  6.27it/s]
(55/65): Propagating:  81%|████████▏ | 26/32 [00:04<00:00,  6.27it/s]
(55/65): Propagating:  84%|████████▍ | 27/32 [00:04<00:00,  6.27it/s]
(55/65): Propagating:  88%|████████▊ | 28/32 [00:04<00:00,  6.28it/s]
(55/65): Propagating:  91%|█████████ | 29/32 [00:04<00:00,  6.29it/s]
(55/65): Propagating:  94%|█████████▍| 30/32 [00:04<00:00,  6.29it/s]
(55/65): Propagating:  97%|█████████▋| 31/32 [00:04<00:00,  6.29it/s]
(55/65): Propagating: 100%|██████████| 32/32 [00:05<00:00,  6.29it/s]
(55/65): Propagating: 100%|██████████| 32/32 [00:05<00:00,  6.29it/s]

(56/65): Calibrating:   0%|          | 0/32 [00:00<?, ?it/s]
(56/65): Calibrating:   6%|▋         | 2/32 [00:00<00:02, 12.01it/s]
(56/65): Calibrating:  12%|█▎        | 4/32 [00:00<00:02, 10.06it/s]
(56/65): Calibrating:  19%|█▉        | 6/32 [00:00<00:02,  9.55it/s]
(56/65): Calibrating:  22%|██▏       | 7/32 [00:00<00:02,  9.41it/s]
(56/65): Calibrating:  25%|██▌       | 8/32 [00:00<00:02,  9.30it/s]
(56/65): Calibrating:  28%|██▊       | 9/32 [00:00<00:02,  9.22it/s]
(56/65): Calibrating:  31%|███▏      | 10/32 [00:01<00:02,  9.17it/s]
(56/65): Calibrating:  34%|███▍      | 11/32 [00:01<00:02,  9.14it/s]
(56/65): Calibrating:  38%|███▊      | 12/32 [00:01<00:02,  9.11it/s]
(56/65): Calibrating:  41%|████      | 13/32 [00:01<00:02,  9.08it/s]
(56/65): Calibrating:  44%|████▍     | 14/32 [00:01<00:01,  9.06it/s]
(56/65): Calibrating:  47%|████▋     | 15/32 [00:01<00:01,  9.04it/s]
(56/65): Calibrating:  50%|█████     | 16/32 [00:01<00:01,  9.04it/s]
(56/65): Calibrating:  53%|█████▎    | 17/32 [00:01<00:01,  9.04it/s]
(56/65): Calibrating:  56%|█████▋    | 18/32 [00:01<00:01,  9.03it/s]
(56/65): Calibrating:  59%|█████▉    | 19/32 [00:02<00:01,  9.01it/s]
(56/65): Calibrating:  62%|██████▎   | 20/32 [00:02<00:01,  9.01it/s]
(56/65): Calibrating:  66%|██████▌   | 21/32 [00:02<00:01,  9.00it/s]
(56/65): Calibrating:  69%|██████▉   | 22/32 [00:02<00:01,  9.03it/s]
(56/65): Calibrating:  72%|███████▏  | 23/32 [00:02<00:00,  9.01it/s]
(56/65): Calibrating:  75%|███████▌  | 24/32 [00:02<00:00,  9.00it/s]
(56/65): Calibrating:  78%|███████▊  | 25/32 [00:02<00:00,  9.00it/s]
(56/65): Calibrating:  81%|████████▏ | 26/32 [00:02<00:00,  8.99it/s]
(56/65): Calibrating:  84%|████████▍ | 27/32 [00:02<00:00,  9.01it/s]
(56/65): Calibrating:  88%|████████▊ | 28/32 [00:03<00:00,  9.01it/s]
(56/65): Calibrating:  91%|█████████ | 29/32 [00:03<00:00,  8.99it/s]
(56/65): Calibrating:  94%|█████████▍| 30/32 [00:03<00:00,  8.98it/s]
(56/65): Calibrating:  97%|█████████▋| 31/32 [00:03<00:00,  8.99it/s]
(56/65): Calibrating: 100%|██████████| 32/32 [00:03<00:00,  8.99it/s]
(56/65): Calibrating: 100%|██████████| 32/32 [00:03<00:00,  9.15it/s]

(56/65): Propagating:   0%|          | 0/32 [00:00<?, ?it/s]
(56/65): Propagating:   3%|▎         | 1/32 [00:00<00:04,  6.25it/s]
(56/65): Propagating:   6%|▋         | 2/32 [00:00<00:04,  6.28it/s]
(56/65): Propagating:   9%|▉         | 3/32 [00:00<00:04,  6.29it/s]
(56/65): Propagating:  12%|█▎        | 4/32 [00:00<00:04,  6.30it/s]
(56/65): Propagating:  16%|█▌        | 5/32 [00:00<00:04,  6.30it/s]
(56/65): Propagating:  19%|█▉        | 6/32 [00:00<00:04,  6.31it/s]
(56/65): Propagating:  22%|██▏       | 7/32 [00:01<00:03,  6.32it/s]
(56/65): Propagating:  25%|██▌       | 8/32 [00:01<00:03,  6.31it/s]
(56/65): Propagating:  28%|██▊       | 9/32 [00:01<00:03,  6.31it/s]
(56/65): Propagating:  31%|███▏      | 10/32 [00:01<00:03,  6.30it/s]
(56/65): Propagating:  34%|███▍      | 11/32 [00:01<00:03,  6.29it/s]
(56/65): Propagating:  38%|███▊      | 12/32 [00:01<00:03,  6.29it/s]
(56/65): Propagating:  41%|████      | 13/32 [00:02<00:03,  6.30it/s]
(56/65): Propagating:  44%|████▍     | 14/32 [00:02<00:02,  6.30it/s]
(56/65): Propagating:  47%|████▋     | 15/32 [00:02<00:02,  6.18it/s]
(56/65): Propagating:  50%|█████     | 16/32 [00:02<00:02,  6.08it/s]
(56/65): Propagating:  53%|█████▎    | 17/32 [00:02<00:02,  5.82it/s]
(56/65): Propagating:  56%|█████▋    | 18/32 [00:02<00:02,  5.63it/s]
(56/65): Propagating:  59%|█████▉    | 19/32 [00:03<00:02,  5.51it/s]
(56/65): Propagating:  62%|██████▎   | 20/32 [00:03<00:02,  5.43it/s]
(56/65): Propagating:  66%|██████▌   | 21/32 [00:03<00:01,  5.64it/s]
(56/65): Propagating:  69%|██████▉   | 22/32 [00:03<00:01,  5.81it/s]
(56/65): Propagating:  72%|███████▏  | 23/32 [00:03<00:01,  5.93it/s]
(56/65): Propagating:  75%|███████▌  | 24/32 [00:03<00:01,  6.02it/s]
(56/65): Propagating:  78%|███████▊  | 25/32 [00:04<00:01,  6.09it/s]
(56/65): Propagating:  81%|████████▏ | 26/32 [00:04<00:00,  6.15it/s]
(56/65): Propagating:  84%|████████▍ | 27/32 [00:04<00:00,  6.19it/s]
(56/65): Propagating:  88%|████████▊ | 28/32 [00:04<00:00,  6.22it/s]
(56/65): Propagating:  91%|█████████ | 29/32 [00:04<00:00,  6.24it/s]
(56/65): Propagating:  94%|█████████▍| 30/32 [00:04<00:00,  6.26it/s]
(56/65): Propagating:  97%|█████████▋| 31/32 [00:05<00:00,  6.27it/s]
(56/65): Propagating: 100%|██████████| 32/32 [00:05<00:00,  6.28it/s]
(56/65): Propagating: 100%|██████████| 32/32 [00:05<00:00,  6.11it/s]

(57/65): Calibrating:   0%|          | 0/32 [00:00<?, ?it/s]
(57/65): Calibrating:   6%|▋         | 2/32 [00:00<00:02, 14.96it/s]
(57/65): Calibrating:  12%|█▎        | 4/32 [00:00<00:02, 12.87it/s]
(57/65): Calibrating:  19%|█▉        | 6/32 [00:00<00:02, 12.29it/s]
(57/65): Calibrating:  25%|██▌       | 8/32 [00:00<00:02, 11.94it/s]
(57/65): Calibrating:  31%|███▏      | 10/32 [00:00<00:01, 11.76it/s]
(57/65): Calibrating:  38%|███▊      | 12/32 [00:00<00:01, 11.66it/s]
(57/65): Calibrating:  44%|████▍     | 14/32 [00:01<00:01, 11.66it/s]
(57/65): Calibrating:  50%|█████     | 16/32 [00:01<00:01, 11.62it/s]
(57/65): Calibrating:  56%|█████▋    | 18/32 [00:01<00:01, 11.61it/s]
(57/65): Calibrating:  62%|██████▎   | 20/32 [00:01<00:01, 11.57it/s]
(57/65): Calibrating:  69%|██████▉   | 22/32 [00:01<00:00, 11.53it/s]
(57/65): Calibrating:  75%|███████▌  | 24/32 [00:02<00:00, 11.49it/s]
(57/65): Calibrating:  81%|████████▏ | 26/32 [00:02<00:00, 11.46it/s]
(57/65): Calibrating:  88%|████████▊ | 28/32 [00:02<00:00, 11.50it/s]
(57/65): Calibrating:  94%|█████████▍| 30/32 [00:02<00:00, 11.52it/s]
(57/65): Calibrating: 100%|██████████| 32/32 [00:02<00:00, 11.52it/s]
(57/65): Calibrating: 100%|██████████| 32/32 [00:02<00:00, 11.70it/s]

(57/65): Propagating:   0%|          | 0/32 [00:00<?, ?it/s]
(57/65): Propagating:   3%|▎         | 1/32 [00:00<00:04,  7.42it/s]
(57/65): Propagating:   6%|▋         | 2/32 [00:00<00:04,  7.46it/s]
(57/65): Propagating:   9%|▉         | 3/32 [00:00<00:03,  7.52it/s]
(57/65): Propagating:  12%|█▎        | 4/32 [00:00<00:03,  7.53it/s]
(57/65): Propagating:  16%|█▌        | 5/32 [00:00<00:03,  7.52it/s]
(57/65): Propagating:  19%|█▉        | 6/32 [00:00<00:03,  7.54it/s]
(57/65): Propagating:  22%|██▏       | 7/32 [00:00<00:03,  7.55it/s]
(57/65): Propagating:  25%|██▌       | 8/32 [00:01<00:03,  7.55it/s]
(57/65): Propagating:  28%|██▊       | 9/32 [00:01<00:03,  7.55it/s]
(57/65): Propagating:  31%|███▏      | 10/32 [00:01<00:02,  7.55it/s]
(57/65): Propagating:  34%|███▍      | 11/32 [00:01<00:02,  7.54it/s]
(57/65): Propagating:  38%|███▊      | 12/32 [00:01<00:02,  7.53it/s]
(57/65): Propagating:  41%|████      | 13/32 [00:01<00:02,  7.54it/s]
(57/65): Propagating:  44%|████▍     | 14/32 [00:01<00:02,  7.55it/s]
(57/65): Propagating:  47%|████▋     | 15/32 [00:01<00:02,  7.56it/s]
(57/65): Propagating:  50%|█████     | 16/32 [00:02<00:02,  7.54it/s]
(57/65): Propagating:  53%|█████▎    | 17/32 [00:02<00:01,  7.55it/s]
(57/65): Propagating:  56%|█████▋    | 18/32 [00:02<00:01,  7.56it/s]
(57/65): Propagating:  59%|█████▉    | 19/32 [00:02<00:01,  7.56it/s]
(57/65): Propagating:  62%|██████▎   | 20/32 [00:02<00:01,  7.56it/s]
(57/65): Propagating:  66%|██████▌   | 21/32 [00:02<00:01,  7.58it/s]
(57/65): Propagating:  69%|██████▉   | 22/32 [00:02<00:01,  7.57it/s]
(57/65): Propagating:  72%|███████▏  | 23/32 [00:03<00:01,  7.52it/s]
(57/65): Propagating:  75%|███████▌  | 24/32 [00:03<00:01,  7.50it/s]
(57/65): Propagating:  78%|███████▊  | 25/32 [00:03<00:00,  7.15it/s]
(57/65): Propagating:  81%|████████▏ | 26/32 [00:03<00:00,  7.15it/s]
(57/65): Propagating:  84%|████████▍ | 27/32 [00:03<00:00,  7.10it/s]
(57/65): Propagating:  88%|████████▊ | 28/32 [00:03<00:00,  7.22it/s]
(57/65): Propagating:  91%|█████████ | 29/32 [00:03<00:00,  7.30it/s]
(57/65): Propagating:  94%|█████████▍| 30/32 [00:04<00:00,  7.36it/s]
(57/65): Propagating:  97%|█████████▋| 31/32 [00:04<00:00,  7.41it/s]
(57/65): Propagating: 100%|██████████| 32/32 [00:04<00:00,  7.44it/s]
(57/65): Propagating: 100%|██████████| 32/32 [00:04<00:00,  7.46it/s]

(58/65): Calibrating:   0%|          | 0/32 [00:00<?, ?it/s]
(58/65): Calibrating:   6%|▋         | 2/32 [00:00<00:02, 12.01it/s]
(58/65): Calibrating:  12%|█▎        | 4/32 [00:00<00:02, 10.04it/s]
(58/65): Calibrating:  19%|█▉        | 6/32 [00:00<00:02,  9.52it/s]
(58/65): Calibrating:  22%|██▏       | 7/32 [00:00<00:02,  9.38it/s]
(58/65): Calibrating:  25%|██▌       | 8/32 [00:00<00:02,  9.27it/s]
(58/65): Calibrating:  28%|██▊       | 9/32 [00:00<00:02,  9.20it/s]
(58/65): Calibrating:  31%|███▏      | 10/32 [00:01<00:02,  9.14it/s]
(58/65): Calibrating:  34%|███▍      | 11/32 [00:01<00:02,  9.10it/s]
(58/65): Calibrating:  38%|███▊      | 12/32 [00:01<00:02,  9.07it/s]
(58/65): Calibrating:  41%|████      | 13/32 [00:01<00:02,  9.04it/s]
(58/65): Calibrating:  44%|████▍     | 14/32 [00:01<00:01,  9.03it/s]
(58/65): Calibrating:  47%|████▋     | 15/32 [00:01<00:01,  9.02it/s]
(58/65): Calibrating:  50%|█████     | 16/32 [00:01<00:01,  9.03it/s]
(58/65): Calibrating:  53%|█████▎    | 17/32 [00:01<00:01,  9.01it/s]
(58/65): Calibrating:  56%|█████▋    | 18/32 [00:01<00:01,  9.01it/s]
(58/65): Calibrating:  59%|█████▉    | 19/32 [00:02<00:01,  9.01it/s]
(58/65): Calibrating:  62%|██████▎   | 20/32 [00:02<00:01,  9.02it/s]
(58/65): Calibrating:  66%|██████▌   | 21/32 [00:02<00:01,  9.02it/s]
(58/65): Calibrating:  69%|██████▉   | 22/32 [00:02<00:01,  9.03it/s]
(58/65): Calibrating:  72%|███████▏  | 23/32 [00:02<00:00,  9.01it/s]
(58/65): Calibrating:  75%|███████▌  | 24/32 [00:02<00:00,  9.00it/s]
(58/65): Calibrating:  78%|███████▊  | 25/32 [00:02<00:00,  8.85it/s]
(58/65): Calibrating:  81%|████████▏ | 26/32 [00:02<00:00,  8.98it/s]
(58/65): Calibrating:  84%|████████▍ | 27/32 [00:02<00:00,  8.99it/s]
(58/65): Calibrating:  88%|████████▊ | 28/32 [00:03<00:00,  8.88it/s]
(58/65): Calibrating:  91%|█████████ | 29/32 [00:03<00:00,  8.85it/s]
(58/65): Calibrating:  94%|█████████▍| 30/32 [00:03<00:00,  9.03it/s]
(58/65): Calibrating:  97%|█████████▋| 31/32 [00:03<00:00,  9.04it/s]
(58/65): Calibrating: 100%|██████████| 32/32 [00:03<00:00,  9.03it/s]
(58/65): Calibrating: 100%|██████████| 32/32 [00:03<00:00,  9.13it/s]

(58/65): Propagating:   0%|          | 0/32 [00:00<?, ?it/s]
(58/65): Propagating:   3%|▎         | 1/32 [00:00<00:04,  6.22it/s]
(58/65): Propagating:   6%|▋         | 2/32 [00:00<00:04,  6.26it/s]
(58/65): Propagating:   9%|▉         | 3/32 [00:00<00:04,  6.27it/s]
(58/65): Propagating:  12%|█▎        | 4/32 [00:00<00:04,  6.29it/s]
(58/65): Propagating:  16%|█▌        | 5/32 [00:00<00:04,  6.30it/s]
(58/65): Propagating:  19%|█▉        | 6/32 [00:00<00:04,  6.30it/s]
(58/65): Propagating:  22%|██▏       | 7/32 [00:01<00:03,  6.31it/s]
(58/65): Propagating:  25%|██▌       | 8/32 [00:01<00:03,  6.31it/s]
(58/65): Propagating:  28%|██▊       | 9/32 [00:01<00:03,  6.31it/s]
(58/65): Propagating:  31%|███▏      | 10/32 [00:01<00:03,  6.31it/s]
(58/65): Propagating:  34%|███▍      | 11/32 [00:01<00:03,  6.31it/s]
(58/65): Propagating:  38%|███▊      | 12/32 [00:01<00:03,  6.22it/s]
(58/65): Propagating:  41%|████      | 13/32 [00:02<00:03,  6.22it/s]
(58/65): Propagating:  44%|████▍     | 14/32 [00:02<00:02,  6.24it/s]
(58/65): Propagating:  47%|████▋     | 15/32 [00:02<00:02,  6.27it/s]
(58/65): Propagating:  50%|█████     | 16/32 [00:02<00:02,  6.27it/s]
(58/65): Propagating:  53%|█████▎    | 17/32 [00:02<00:02,  6.26it/s]
(58/65): Propagating:  56%|█████▋    | 18/32 [00:02<00:02,  6.28it/s]
(58/65): Propagating:  59%|█████▉    | 19/32 [00:03<00:02,  6.28it/s]
(58/65): Propagating:  62%|██████▎   | 20/32 [00:03<00:01,  6.29it/s]
(58/65): Propagating:  66%|██████▌   | 21/32 [00:03<00:01,  6.31it/s]
(58/65): Propagating:  69%|██████▉   | 22/32 [00:03<00:01,  6.14it/s]
(58/65): Propagating:  72%|███████▏  | 23/32 [00:03<00:01,  5.99it/s]
(58/65): Propagating:  75%|███████▌  | 24/32 [00:03<00:01,  6.01it/s]
(58/65): Propagating:  78%|███████▊  | 25/32 [00:04<00:01,  6.04it/s]
(58/65): Propagating:  81%|████████▏ | 26/32 [00:04<00:00,  6.11it/s]
(58/65): Propagating:  84%|████████▍ | 27/32 [00:04<00:00,  6.18it/s]
(58/65): Propagating:  88%|████████▊ | 28/32 [00:04<00:00,  6.21it/s]
(58/65): Propagating:  91%|█████████ | 29/32 [00:04<00:00,  6.23it/s]
(58/65): Propagating:  94%|█████████▍| 30/32 [00:04<00:00,  6.25it/s]
(58/65): Propagating:  97%|█████████▋| 31/32 [00:04<00:00,  6.26it/s]
(58/65): Propagating: 100%|██████████| 32/32 [00:05<00:00,  6.27it/s]
(58/65): Propagating: 100%|██████████| 32/32 [00:05<00:00,  6.23it/s]

(59/65): Calibrating:   0%|          | 0/32 [00:00<?, ?it/s]
(59/65): Calibrating:   6%|▋         | 2/32 [00:00<00:02, 11.59it/s]
(59/65): Calibrating:  12%|█▎        | 4/32 [00:00<00:02, 10.01it/s]
(59/65): Calibrating:  19%|█▉        | 6/32 [00:00<00:02,  9.36it/s]
(59/65): Calibrating:  22%|██▏       | 7/32 [00:00<00:02,  9.37it/s]
(59/65): Calibrating:  25%|██▌       | 8/32 [00:00<00:02,  9.26it/s]
(59/65): Calibrating:  28%|██▊       | 9/32 [00:00<00:02,  9.20it/s]
(59/65): Calibrating:  31%|███▏      | 10/32 [00:01<00:02,  9.14it/s]
(59/65): Calibrating:  34%|███▍      | 11/32 [00:01<00:02,  9.09it/s]
(59/65): Calibrating:  38%|███▊      | 12/32 [00:01<00:02,  9.04it/s]
(59/65): Calibrating:  41%|████      | 13/32 [00:01<00:02,  9.02it/s]
(59/65): Calibrating:  44%|████▍     | 14/32 [00:01<00:01,  9.01it/s]
(59/65): Calibrating:  47%|████▋     | 15/32 [00:01<00:01,  8.99it/s]
(59/65): Calibrating:  50%|█████     | 16/32 [00:01<00:01,  8.97it/s]
(59/65): Calibrating:  53%|█████▎    | 17/32 [00:01<00:01,  8.96it/s]
(59/65): Calibrating:  56%|█████▋    | 18/32 [00:01<00:01,  8.98it/s]
(59/65): Calibrating:  59%|█████▉    | 19/32 [00:02<00:01,  8.99it/s]
(59/65): Calibrating:  62%|██████▎   | 20/32 [00:02<00:01,  8.96it/s]
(59/65): Calibrating:  66%|██████▌   | 21/32 [00:02<00:01,  8.98it/s]
(59/65): Calibrating:  69%|██████▉   | 22/32 [00:02<00:01,  8.96it/s]
(59/65): Calibrating:  72%|███████▏  | 23/32 [00:02<00:01,  8.97it/s]
(59/65): Calibrating:  75%|███████▌  | 24/32 [00:02<00:00,  8.97it/s]
(59/65): Calibrating:  78%|███████▊  | 25/32 [00:02<00:00,  8.97it/s]
(59/65): Calibrating:  81%|████████▏ | 26/32 [00:02<00:00,  8.98it/s]
(59/65): Calibrating:  84%|████████▍ | 27/32 [00:02<00:00,  8.99it/s]
(59/65): Calibrating:  88%|████████▊ | 28/32 [00:03<00:00,  8.99it/s]
(59/65): Calibrating:  91%|█████████ | 29/32 [00:03<00:00,  8.98it/s]
(59/65): Calibrating:  94%|█████████▍| 30/32 [00:03<00:00,  8.99it/s]
(59/65): Calibrating:  97%|█████████▋| 31/32 [00:03<00:00,  8.98it/s]
(59/65): Calibrating: 100%|██████████| 32/32 [00:03<00:00,  9.00it/s]
(59/65): Calibrating: 100%|██████████| 32/32 [00:03<00:00,  9.11it/s]

(59/65): Propagating:   0%|          | 0/32 [00:00<?, ?it/s]
(59/65): Propagating:   3%|▎         | 1/32 [00:00<00:04,  6.21it/s]
(59/65): Propagating:   6%|▋         | 2/32 [00:00<00:04,  6.25it/s]
(59/65): Propagating:   9%|▉         | 3/32 [00:00<00:04,  6.27it/s]
(59/65): Propagating:  12%|█▎        | 4/32 [00:00<00:04,  6.29it/s]
(59/65): Propagating:  16%|█▌        | 5/32 [00:00<00:04,  6.30it/s]
(59/65): Propagating:  19%|█▉        | 6/32 [00:00<00:04,  6.30it/s]
(59/65): Propagating:  22%|██▏       | 7/32 [00:01<00:03,  6.31it/s]
(59/65): Propagating:  25%|██▌       | 8/32 [00:01<00:03,  6.32it/s]
(59/65): Propagating:  28%|██▊       | 9/32 [00:01<00:03,  6.32it/s]
(59/65): Propagating:  31%|███▏      | 10/32 [00:01<00:03,  6.32it/s]
(59/65): Propagating:  34%|███▍      | 11/32 [00:01<00:03,  6.33it/s]
(59/65): Propagating:  38%|███▊      | 12/32 [00:01<00:03,  6.33it/s]
(59/65): Propagating:  41%|████      | 13/32 [00:02<00:03,  6.31it/s]
(59/65): Propagating:  44%|████▍     | 14/32 [00:02<00:02,  6.31it/s]
(59/65): Propagating:  47%|████▋     | 15/32 [00:02<00:02,  6.31it/s]
(59/65): Propagating:  50%|█████     | 16/32 [00:02<00:02,  6.31it/s]
(59/65): Propagating:  53%|█████▎    | 17/32 [00:02<00:02,  6.31it/s]
(59/65): Propagating:  56%|█████▋    | 18/32 [00:02<00:02,  6.30it/s]
(59/65): Propagating:  59%|█████▉    | 19/32 [00:03<00:02,  6.32it/s]
(59/65): Propagating:  62%|██████▎   | 20/32 [00:03<00:01,  6.32it/s]
(59/65): Propagating:  66%|██████▌   | 21/32 [00:03<00:01,  6.33it/s]
(59/65): Propagating:  69%|██████▉   | 22/32 [00:03<00:01,  6.32it/s]
(59/65): Propagating:  72%|███████▏  | 23/32 [00:03<00:01,  6.30it/s]
(59/65): Propagating:  75%|███████▌  | 24/32 [00:03<00:01,  6.28it/s]
(59/65): Propagating:  78%|███████▊  | 25/32 [00:03<00:01,  6.28it/s]
(59/65): Propagating:  81%|████████▏ | 26/32 [00:04<00:00,  6.29it/s]
(59/65): Propagating:  84%|████████▍ | 27/32 [00:04<00:00,  6.30it/s]
(59/65): Propagating:  88%|████████▊ | 28/32 [00:04<00:00,  6.30it/s]
(59/65): Propagating:  91%|█████████ | 29/32 [00:04<00:00,  6.30it/s]
(59/65): Propagating:  94%|█████████▍| 30/32 [00:04<00:00,  6.30it/s]
(59/65): Propagating:  97%|█████████▋| 31/32 [00:04<00:00,  6.29it/s]
(59/65): Propagating: 100%|██████████| 32/32 [00:05<00:00,  6.30it/s]
(59/65): Propagating: 100%|██████████| 32/32 [00:05<00:00,  6.30it/s]

(60/65): Calibrating:   0%|          | 0/32 [00:00<?, ?it/s]
(60/65): Calibrating:   6%|▋         | 2/32 [00:00<00:02, 12.02it/s]
(60/65): Calibrating:  12%|█▎        | 4/32 [00:00<00:02, 10.09it/s]
(60/65): Calibrating:  19%|█▉        | 6/32 [00:00<00:02,  9.55it/s]
(60/65): Calibrating:  22%|██▏       | 7/32 [00:00<00:02,  9.40it/s]
(60/65): Calibrating:  25%|██▌       | 8/32 [00:00<00:02,  9.29it/s]
(60/65): Calibrating:  28%|██▊       | 9/32 [00:00<00:02,  9.22it/s]
(60/65): Calibrating:  31%|███▏      | 10/32 [00:01<00:02,  9.16it/s]
(60/65): Calibrating:  34%|███▍      | 11/32 [00:01<00:02,  9.09it/s]
(60/65): Calibrating:  38%|███▊      | 12/32 [00:01<00:02,  9.05it/s]
(60/65): Calibrating:  41%|████      | 13/32 [00:01<00:02,  9.02it/s]
(60/65): Calibrating:  44%|████▍     | 14/32 [00:01<00:01,  9.02it/s]
(60/65): Calibrating:  47%|████▋     | 15/32 [00:01<00:01,  9.00it/s]
(60/65): Calibrating:  50%|█████     | 16/32 [00:01<00:01,  9.01it/s]
(60/65): Calibrating:  53%|█████▎    | 17/32 [00:01<00:01,  9.00it/s]
(60/65): Calibrating:  56%|█████▋    | 18/32 [00:01<00:01,  9.00it/s]
(60/65): Calibrating:  59%|█████▉    | 19/32 [00:02<00:01,  9.00it/s]
(60/65): Calibrating:  62%|██████▎   | 20/32 [00:02<00:01,  8.98it/s]
(60/65): Calibrating:  66%|██████▌   | 21/32 [00:02<00:01,  8.98it/s]
(60/65): Calibrating:  69%|██████▉   | 22/32 [00:02<00:01,  8.98it/s]
(60/65): Calibrating:  72%|███████▏  | 23/32 [00:02<00:01,  8.99it/s]
(60/65): Calibrating:  75%|███████▌  | 24/32 [00:02<00:00,  8.98it/s]
(60/65): Calibrating:  78%|███████▊  | 25/32 [00:02<00:00,  8.99it/s]
(60/65): Calibrating:  81%|████████▏ | 26/32 [00:02<00:00,  9.00it/s]
(60/65): Calibrating:  84%|████████▍ | 27/32 [00:02<00:00,  9.01it/s]
(60/65): Calibrating:  88%|████████▊ | 28/32 [00:03<00:00,  9.01it/s]
(60/65): Calibrating:  91%|█████████ | 29/32 [00:03<00:00,  9.00it/s]
(60/65): Calibrating:  94%|█████████▍| 30/32 [00:03<00:00,  8.99it/s]
(60/65): Calibrating:  97%|█████████▋| 31/32 [00:03<00:00,  8.99it/s]
(60/65): Calibrating: 100%|██████████| 32/32 [00:03<00:00,  9.00it/s]
(60/65): Calibrating: 100%|██████████| 32/32 [00:03<00:00,  9.14it/s]

(60/65): Propagating:   0%|          | 0/32 [00:00<?, ?it/s]
(60/65): Propagating:   3%|▎         | 1/32 [00:00<00:04,  6.21it/s]
(60/65): Propagating:   6%|▋         | 2/32 [00:00<00:04,  6.23it/s]
(60/65): Propagating:   9%|▉         | 3/32 [00:00<00:04,  6.26it/s]
(60/65): Propagating:  12%|█▎        | 4/32 [00:00<00:04,  6.28it/s]
(60/65): Propagating:  16%|█▌        | 5/32 [00:00<00:04,  6.29it/s]
(60/65): Propagating:  19%|█▉        | 6/32 [00:00<00:04,  6.30it/s]
(60/65): Propagating:  22%|██▏       | 7/32 [00:01<00:03,  6.30it/s]
(60/65): Propagating:  25%|██▌       | 8/32 [00:01<00:03,  6.31it/s]
(60/65): Propagating:  28%|██▊       | 9/32 [00:01<00:03,  6.31it/s]
(60/65): Propagating:  31%|███▏      | 10/32 [00:01<00:03,  6.31it/s]
(60/65): Propagating:  34%|███▍      | 11/32 [00:01<00:03,  6.31it/s]
(60/65): Propagating:  38%|███▊      | 12/32 [00:01<00:03,  6.32it/s]
(60/65): Propagating:  41%|████      | 13/32 [00:02<00:03,  6.32it/s]
(60/65): Propagating:  44%|████▍     | 14/32 [00:02<00:02,  6.30it/s]
(60/65): Propagating:  47%|████▋     | 15/32 [00:02<00:02,  6.29it/s]
(60/65): Propagating:  50%|█████     | 16/32 [00:02<00:02,  6.30it/s]
(60/65): Propagating:  53%|█████▎    | 17/32 [00:02<00:02,  6.31it/s]
(60/65): Propagating:  56%|█████▋    | 18/32 [00:02<00:02,  6.31it/s]
(60/65): Propagating:  59%|█████▉    | 19/32 [00:03<00:02,  6.31it/s]
(60/65): Propagating:  62%|██████▎   | 20/32 [00:03<00:01,  6.31it/s]
(60/65): Propagating:  66%|██████▌   | 21/32 [00:03<00:01,  6.19it/s]
(60/65): Propagating:  69%|██████▉   | 22/32 [00:03<00:01,  6.16it/s]
(60/65): Propagating:  72%|███████▏  | 23/32 [00:03<00:01,  6.18it/s]
(60/65): Propagating:  75%|███████▌  | 24/32 [00:03<00:01,  6.19it/s]
(60/65): Propagating:  78%|███████▊  | 25/32 [00:03<00:01,  6.21it/s]
(60/65): Propagating:  81%|████████▏ | 26/32 [00:04<00:00,  6.24it/s]
(60/65): Propagating:  84%|████████▍ | 27/32 [00:04<00:00,  6.26it/s]
(60/65): Propagating:  88%|████████▊ | 28/32 [00:04<00:00,  6.28it/s]
(60/65): Propagating:  91%|█████████ | 29/32 [00:04<00:00,  6.29it/s]
(60/65): Propagating:  94%|█████████▍| 30/32 [00:04<00:00,  6.29it/s]
(60/65): Propagating:  97%|█████████▋| 31/32 [00:04<00:00,  6.30it/s]
(60/65): Propagating: 100%|██████████| 32/32 [00:05<00:00,  6.30it/s]
(60/65): Propagating: 100%|██████████| 32/32 [00:05<00:00,  6.28it/s]

(61/65): Calibrating:   0%|          | 0/32 [00:00<?, ?it/s]
(61/65): Calibrating:   6%|▋         | 2/32 [00:00<00:01, 15.37it/s]
(61/65): Calibrating:  12%|█▎        | 4/32 [00:00<00:02, 12.98it/s]
(61/65): Calibrating:  19%|█▉        | 6/32 [00:00<00:02, 12.39it/s]
(61/65): Calibrating:  25%|██▌       | 8/32 [00:00<00:01, 12.10it/s]
(61/65): Calibrating:  31%|███▏      | 10/32 [00:00<00:01, 11.95it/s]
(61/65): Calibrating:  38%|███▊      | 12/32 [00:00<00:01, 11.87it/s]
(61/65): Calibrating:  44%|████▍     | 14/32 [00:01<00:01, 11.82it/s]
(61/65): Calibrating:  50%|█████     | 16/32 [00:01<00:01, 11.79it/s]
(61/65): Calibrating:  56%|█████▋    | 18/32 [00:01<00:01, 11.77it/s]
(61/65): Calibrating:  62%|██████▎   | 20/32 [00:01<00:01, 11.75it/s]
(61/65): Calibrating:  69%|██████▉   | 22/32 [00:01<00:00, 11.74it/s]
(61/65): Calibrating:  75%|███████▌  | 24/32 [00:02<00:00, 11.73it/s]
(61/65): Calibrating:  81%|████████▏ | 26/32 [00:02<00:00, 11.71it/s]
(61/65): Calibrating:  88%|████████▊ | 28/32 [00:02<00:00, 11.71it/s]
(61/65): Calibrating:  94%|█████████▍| 30/32 [00:02<00:00, 11.70it/s]
(61/65): Calibrating: 100%|██████████| 32/32 [00:02<00:00, 11.69it/s]
(61/65): Calibrating: 100%|██████████| 32/32 [00:02<00:00, 11.88it/s]

(61/65): Propagating:   0%|          | 0/32 [00:00<?, ?it/s]
(61/65): Propagating:   3%|▎         | 1/32 [00:00<00:04,  7.44it/s]
(61/65): Propagating:   6%|▋         | 2/32 [00:00<00:04,  7.48it/s]
(61/65): Propagating:   9%|▉         | 3/32 [00:00<00:03,  7.50it/s]
(61/65): Propagating:  12%|█▎        | 4/32 [00:00<00:03,  7.52it/s]
(61/65): Propagating:  16%|█▌        | 5/32 [00:00<00:03,  7.51it/s]
(61/65): Propagating:  19%|█▉        | 6/32 [00:00<00:03,  7.51it/s]
(61/65): Propagating:  22%|██▏       | 7/32 [00:00<00:03,  7.53it/s]
(61/65): Propagating:  25%|██▌       | 8/32 [00:01<00:03,  7.55it/s]
(61/65): Propagating:  28%|██▊       | 9/32 [00:01<00:03,  7.55it/s]
(61/65): Propagating:  31%|███▏      | 10/32 [00:01<00:02,  7.56it/s]
(61/65): Propagating:  34%|███▍      | 11/32 [00:01<00:02,  7.57it/s]
(61/65): Propagating:  38%|███▊      | 12/32 [00:01<00:02,  7.58it/s]
(61/65): Propagating:  41%|████      | 13/32 [00:01<00:02,  7.58it/s]
(61/65): Propagating:  44%|████▍     | 14/32 [00:01<00:02,  7.58it/s]
(61/65): Propagating:  47%|████▋     | 15/32 [00:01<00:02,  7.56it/s]
(61/65): Propagating:  50%|█████     | 16/32 [00:02<00:02,  7.55it/s]
(61/65): Propagating:  53%|█████▎    | 17/32 [00:02<00:01,  7.54it/s]
(61/65): Propagating:  56%|█████▋    | 18/32 [00:02<00:01,  7.55it/s]
(61/65): Propagating:  59%|█████▉    | 19/32 [00:02<00:01,  7.55it/s]
(61/65): Propagating:  62%|██████▎   | 20/32 [00:02<00:01,  7.53it/s]
(61/65): Propagating:  66%|██████▌   | 21/32 [00:02<00:01,  7.54it/s]
(61/65): Propagating:  69%|██████▉   | 22/32 [00:02<00:01,  7.55it/s]
(61/65): Propagating:  72%|███████▏  | 23/32 [00:03<00:01,  7.56it/s]
(61/65): Propagating:  75%|███████▌  | 24/32 [00:03<00:01,  7.54it/s]
(61/65): Propagating:  78%|███████▊  | 25/32 [00:03<00:00,  7.50it/s]
(61/65): Propagating:  81%|████████▏ | 26/32 [00:03<00:00,  7.49it/s]
(61/65): Propagating:  84%|████████▍ | 27/32 [00:03<00:00,  7.49it/s]
(61/65): Propagating:  88%|████████▊ | 28/32 [00:03<00:00,  7.06it/s]
(61/65): Propagating:  91%|█████████ | 29/32 [00:03<00:00,  7.20it/s]
(61/65): Propagating:  94%|█████████▍| 30/32 [00:04<00:00,  7.30it/s]
(61/65): Propagating:  97%|█████████▋| 31/32 [00:04<00:00,  7.37it/s]
(61/65): Propagating: 100%|██████████| 32/32 [00:04<00:00,  7.41it/s]
(61/65): Propagating: 100%|██████████| 32/32 [00:04<00:00,  7.48it/s]

(62/65): Calibrating:   0%|          | 0/32 [00:00<?, ?it/s]
(62/65): Calibrating:   6%|▋         | 2/32 [00:00<00:02, 12.02it/s]
(62/65): Calibrating:  12%|█▎        | 4/32 [00:00<00:02, 10.06it/s]
(62/65): Calibrating:  19%|█▉        | 6/32 [00:00<00:02,  9.56it/s]
(62/65): Calibrating:  22%|██▏       | 7/32 [00:00<00:02,  9.41it/s]
(62/65): Calibrating:  25%|██▌       | 8/32 [00:00<00:02,  9.30it/s]
(62/65): Calibrating:  28%|██▊       | 9/32 [00:00<00:02,  9.22it/s]
(62/65): Calibrating:  31%|███▏      | 10/32 [00:01<00:02,  9.17it/s]
(62/65): Calibrating:  34%|███▍      | 11/32 [00:01<00:02,  9.14it/s]
(62/65): Calibrating:  38%|███▊      | 12/32 [00:01<00:02,  9.10it/s]
(62/65): Calibrating:  41%|████      | 13/32 [00:01<00:02,  9.06it/s]
(62/65): Calibrating:  44%|████▍     | 14/32 [00:01<00:01,  9.04it/s]
(62/65): Calibrating:  47%|████▋     | 15/32 [00:01<00:01,  9.03it/s]
(62/65): Calibrating:  50%|█████     | 16/32 [00:01<00:01,  9.04it/s]
(62/65): Calibrating:  53%|█████▎    | 17/32 [00:01<00:01,  9.03it/s]
(62/65): Calibrating:  56%|█████▋    | 18/32 [00:01<00:01,  9.00it/s]
(62/65): Calibrating:  59%|█████▉    | 19/32 [00:02<00:01,  8.99it/s]
(62/65): Calibrating:  62%|██████▎   | 20/32 [00:02<00:01,  9.00it/s]
(62/65): Calibrating:  66%|██████▌   | 21/32 [00:02<00:01,  9.01it/s]
(62/65): Calibrating:  69%|██████▉   | 22/32 [00:02<00:01,  9.01it/s]
(62/65): Calibrating:  72%|███████▏  | 23/32 [00:02<00:01,  8.98it/s]
(62/65): Calibrating:  75%|███████▌  | 24/32 [00:02<00:00,  8.97it/s]
(62/65): Calibrating:  78%|███████▊  | 25/32 [00:02<00:00,  8.97it/s]
(62/65): Calibrating:  81%|████████▏ | 26/32 [00:02<00:00,  8.99it/s]
(62/65): Calibrating:  84%|████████▍ | 27/32 [00:02<00:00,  8.99it/s]
(62/65): Calibrating:  88%|████████▊ | 28/32 [00:03<00:00,  8.97it/s]
(62/65): Calibrating:  91%|█████████ | 29/32 [00:03<00:00,  8.96it/s]
(62/65): Calibrating:  94%|█████████▍| 30/32 [00:03<00:00,  8.97it/s]
(62/65): Calibrating:  97%|█████████▋| 31/32 [00:03<00:00,  8.97it/s]
(62/65): Calibrating: 100%|██████████| 32/32 [00:03<00:00,  8.98it/s]
(62/65): Calibrating: 100%|██████████| 32/32 [00:03<00:00,  9.14it/s]

(62/65): Propagating:   0%|          | 0/32 [00:00<?, ?it/s]
(62/65): Propagating:   3%|▎         | 1/32 [00:00<00:04,  6.20it/s]
(62/65): Propagating:   6%|▋         | 2/32 [00:00<00:04,  6.23it/s]
(62/65): Propagating:   9%|▉         | 3/32 [00:00<00:04,  6.25it/s]
(62/65): Propagating:  12%|█▎        | 4/32 [00:00<00:04,  6.27it/s]
(62/65): Propagating:  16%|█▌        | 5/32 [00:00<00:04,  6.27it/s]
(62/65): Propagating:  19%|█▉        | 6/32 [00:00<00:04,  6.28it/s]
(62/65): Propagating:  22%|██▏       | 7/32 [00:01<00:03,  6.30it/s]
(62/65): Propagating:  25%|██▌       | 8/32 [00:01<00:03,  6.31it/s]
(62/65): Propagating:  28%|██▊       | 9/32 [00:01<00:03,  6.31it/s]
(62/65): Propagating:  31%|███▏      | 10/32 [00:01<00:03,  6.32it/s]
(62/65): Propagating:  34%|███▍      | 11/32 [00:01<00:03,  6.32it/s]
(62/65): Propagating:  38%|███▊      | 12/32 [00:01<00:03,  6.32it/s]
(62/65): Propagating:  41%|████      | 13/32 [00:02<00:03,  6.33it/s]
(62/65): Propagating:  44%|████▍     | 14/32 [00:02<00:02,  6.33it/s]
(62/65): Propagating:  47%|████▋     | 15/32 [00:02<00:02,  6.32it/s]
(62/65): Propagating:  50%|█████     | 16/32 [00:02<00:02,  6.32it/s]
(62/65): Propagating:  53%|█████▎    | 17/32 [00:02<00:02,  6.31it/s]
(62/65): Propagating:  56%|█████▋    | 18/32 [00:02<00:02,  6.31it/s]
(62/65): Propagating:  59%|█████▉    | 19/32 [00:03<00:02,  6.31it/s]
(62/65): Propagating:  62%|██████▎   | 20/32 [00:03<00:01,  6.31it/s]
(62/65): Propagating:  66%|██████▌   | 21/32 [00:03<00:01,  6.31it/s]
(62/65): Propagating:  69%|██████▉   | 22/32 [00:03<00:01,  6.31it/s]
(62/65): Propagating:  72%|███████▏  | 23/32 [00:03<00:01,  6.32it/s]
(62/65): Propagating:  75%|███████▌  | 24/32 [00:03<00:01,  6.15it/s]
(62/65): Propagating:  78%|███████▊  | 25/32 [00:03<00:01,  6.01it/s]
(62/65): Propagating:  81%|████████▏ | 26/32 [00:04<00:01,  6.00it/s]
(62/65): Propagating:  84%|████████▍ | 27/32 [00:04<00:00,  6.02it/s]
(62/65): Propagating:  88%|████████▊ | 28/32 [00:04<00:00,  6.11it/s]
(62/65): Propagating:  91%|█████████ | 29/32 [00:04<00:00,  6.16it/s]
(62/65): Propagating:  94%|█████████▍| 30/32 [00:04<00:00,  6.21it/s]
(62/65): Propagating:  97%|█████████▋| 31/32 [00:04<00:00,  6.23it/s]
(62/65): Propagating: 100%|██████████| 32/32 [00:05<00:00,  6.25it/s]
(62/65): Propagating: 100%|██████████| 32/32 [00:05<00:00,  6.25it/s]

(63/65): Calibrating:   0%|          | 0/32 [00:00<?, ?it/s]
(63/65): Calibrating:   6%|▋         | 2/32 [00:00<00:02, 11.96it/s]
(63/65): Calibrating:  12%|█▎        | 4/32 [00:00<00:02,  9.99it/s]
(63/65): Calibrating:  19%|█▉        | 6/32 [00:00<00:02,  9.47it/s]
(63/65): Calibrating:  22%|██▏       | 7/32 [00:00<00:02,  9.35it/s]
(63/65): Calibrating:  25%|██▌       | 8/32 [00:00<00:02,  9.27it/s]
(63/65): Calibrating:  28%|██▊       | 9/32 [00:00<00:02,  9.19it/s]
(63/65): Calibrating:  31%|███▏      | 10/32 [00:01<00:02,  9.12it/s]
(63/65): Calibrating:  34%|███▍      | 11/32 [00:01<00:02,  9.07it/s]
(63/65): Calibrating:  38%|███▊      | 12/32 [00:01<00:02,  9.03it/s]
(63/65): Calibrating:  41%|████      | 13/32 [00:01<00:02,  9.02it/s]
(63/65): Calibrating:  44%|████▍     | 14/32 [00:01<00:01,  9.01it/s]
(63/65): Calibrating:  47%|████▋     | 15/32 [00:01<00:01,  9.01it/s]
(63/65): Calibrating:  50%|█████     | 16/32 [00:01<00:01,  9.00it/s]
(63/65): Calibrating:  53%|█████▎    | 17/32 [00:01<00:01,  9.00it/s]
(63/65): Calibrating:  56%|█████▋    | 18/32 [00:01<00:01,  9.01it/s]
(63/65): Calibrating:  59%|█████▉    | 19/32 [00:02<00:01,  9.00it/s]
(63/65): Calibrating:  62%|██████▎   | 20/32 [00:02<00:01,  8.99it/s]
(63/65): Calibrating:  66%|██████▌   | 21/32 [00:02<00:01,  8.99it/s]
(63/65): Calibrating:  69%|██████▉   | 22/32 [00:02<00:01,  9.00it/s]
(63/65): Calibrating:  72%|███████▏  | 23/32 [00:02<00:00,  9.00it/s]
(63/65): Calibrating:  75%|███████▌  | 24/32 [00:02<00:00,  9.00it/s]
(63/65): Calibrating:  78%|███████▊  | 25/32 [00:02<00:00,  8.99it/s]
(63/65): Calibrating:  81%|████████▏ | 26/32 [00:02<00:00,  8.99it/s]
(63/65): Calibrating:  84%|████████▍ | 27/32 [00:02<00:00,  8.99it/s]
(63/65): Calibrating:  88%|████████▊ | 28/32 [00:03<00:00,  8.99it/s]
(63/65): Calibrating:  91%|█████████ | 29/32 [00:03<00:00,  8.99it/s]
(63/65): Calibrating:  94%|█████████▍| 30/32 [00:03<00:00,  8.98it/s]
(63/65): Calibrating:  97%|█████████▋| 31/32 [00:03<00:00,  9.00it/s]
(63/65): Calibrating: 100%|██████████| 32/32 [00:03<00:00,  9.01it/s]
(63/65): Calibrating: 100%|██████████| 32/32 [00:03<00:00,  9.13it/s]

(63/65): Propagating:   0%|          | 0/32 [00:00<?, ?it/s]
(63/65): Propagating:   3%|▎         | 1/32 [00:00<00:04,  6.21it/s]
(63/65): Propagating:   6%|▋         | 2/32 [00:00<00:04,  6.24it/s]
(63/65): Propagating:   9%|▉         | 3/32 [00:00<00:04,  6.24it/s]
(63/65): Propagating:  12%|█▎        | 4/32 [00:00<00:04,  6.25it/s]
(63/65): Propagating:  16%|█▌        | 5/32 [00:00<00:04,  6.26it/s]
(63/65): Propagating:  19%|█▉        | 6/32 [00:00<00:04,  6.28it/s]
(63/65): Propagating:  22%|██▏       | 7/32 [00:01<00:03,  6.28it/s]
(63/65): Propagating:  25%|██▌       | 8/32 [00:01<00:03,  6.28it/s]
(63/65): Propagating:  28%|██▊       | 9/32 [00:01<00:03,  6.28it/s]
(63/65): Propagating:  31%|███▏      | 10/32 [00:01<00:03,  6.29it/s]
(63/65): Propagating:  34%|███▍      | 11/32 [00:01<00:03,  6.30it/s]
(63/65): Propagating:  38%|███▊      | 12/32 [00:01<00:03,  6.30it/s]
(63/65): Propagating:  41%|████      | 13/32 [00:02<00:03,  6.31it/s]
(63/65): Propagating:  44%|████▍     | 14/32 [00:02<00:02,  6.32it/s]
(63/65): Propagating:  47%|████▋     | 15/32 [00:02<00:02,  6.32it/s]
(63/65): Propagating:  50%|█████     | 16/32 [00:02<00:02,  6.32it/s]
(63/65): Propagating:  53%|█████▎    | 17/32 [00:02<00:02,  6.31it/s]
(63/65): Propagating:  56%|█████▋    | 18/32 [00:02<00:02,  6.30it/s]
(63/65): Propagating:  59%|█████▉    | 19/32 [00:03<00:02,  6.30it/s]
(63/65): Propagating:  62%|██████▎   | 20/32 [00:03<00:01,  6.31it/s]
(63/65): Propagating:  66%|██████▌   | 21/32 [00:03<00:01,  6.31it/s]
(63/65): Propagating:  69%|██████▉   | 22/32 [00:03<00:01,  6.30it/s]
(63/65): Propagating:  72%|███████▏  | 23/32 [00:03<00:01,  6.30it/s]
(63/65): Propagating:  75%|███████▌  | 24/32 [00:03<00:01,  6.30it/s]
(63/65): Propagating:  78%|███████▊  | 25/32 [00:03<00:01,  6.29it/s]
(63/65): Propagating:  81%|████████▏ | 26/32 [00:04<00:00,  6.27it/s]
(63/65): Propagating:  84%|████████▍ | 27/32 [00:04<00:00,  6.27it/s]
(63/65): Propagating:  88%|████████▊ | 28/32 [00:04<00:00,  6.29it/s]
(63/65): Propagating:  91%|█████████ | 29/32 [00:04<00:00,  6.29it/s]
(63/65): Propagating:  94%|█████████▍| 30/32 [00:04<00:00,  6.30it/s]
(63/65): Propagating:  97%|█████████▋| 31/32 [00:04<00:00,  6.31it/s]
(63/65): Propagating: 100%|██████████| 32/32 [00:05<00:00,  6.31it/s]
(63/65): Propagating: 100%|██████████| 32/32 [00:05<00:00,  6.29it/s]

(64/65): Calibrating:   0%|          | 0/32 [00:00<?, ?it/s]
(64/65): Calibrating:   6%|▋         | 2/32 [00:00<00:02, 12.03it/s]
(64/65): Calibrating:  12%|█▎        | 4/32 [00:00<00:02, 10.05it/s]
(64/65): Calibrating:  19%|█▉        | 6/32 [00:00<00:02,  9.54it/s]
(64/65): Calibrating:  22%|██▏       | 7/32 [00:00<00:02,  9.40it/s]
(64/65): Calibrating:  25%|██▌       | 8/32 [00:00<00:02,  9.31it/s]
(64/65): Calibrating:  28%|██▊       | 9/32 [00:00<00:02,  9.24it/s]
(64/65): Calibrating:  31%|███▏      | 10/32 [00:01<00:02,  9.17it/s]
(64/65): Calibrating:  34%|███▍      | 11/32 [00:01<00:02,  9.12it/s]
(64/65): Calibrating:  38%|███▊      | 12/32 [00:01<00:02,  9.08it/s]
(64/65): Calibrating:  41%|████      | 13/32 [00:01<00:02,  9.07it/s]
(64/65): Calibrating:  44%|████▍     | 14/32 [00:01<00:01,  9.03it/s]
(64/65): Calibrating:  47%|████▋     | 15/32 [00:01<00:01,  9.02it/s]
(64/65): Calibrating:  50%|█████     | 16/32 [00:01<00:01,  9.01it/s]
(64/65): Calibrating:  53%|█████▎    | 17/32 [00:01<00:01,  9.01it/s]
(64/65): Calibrating:  56%|█████▋    | 18/32 [00:01<00:01,  9.00it/s]
(64/65): Calibrating:  59%|█████▉    | 19/32 [00:02<00:01,  9.00it/s]
(64/65): Calibrating:  62%|██████▎   | 20/32 [00:02<00:01,  9.00it/s]
(64/65): Calibrating:  66%|██████▌   | 21/32 [00:02<00:01,  8.99it/s]
(64/65): Calibrating:  69%|██████▉   | 22/32 [00:02<00:01,  9.00it/s]
(64/65): Calibrating:  72%|███████▏  | 23/32 [00:02<00:01,  9.00it/s]
(64/65): Calibrating:  75%|███████▌  | 24/32 [00:02<00:00,  8.99it/s]
(64/65): Calibrating:  78%|███████▊  | 25/32 [00:02<00:00,  8.98it/s]
(64/65): Calibrating:  81%|████████▏ | 26/32 [00:02<00:00,  8.99it/s]
(64/65): Calibrating:  84%|████████▍ | 27/32 [00:02<00:00,  9.00it/s]
(64/65): Calibrating:  88%|████████▊ | 28/32 [00:03<00:00,  9.00it/s]
(64/65): Calibrating:  91%|█████████ | 29/32 [00:03<00:00,  9.00it/s]
(64/65): Calibrating:  94%|█████████▍| 30/32 [00:03<00:00,  9.01it/s]
(64/65): Calibrating:  97%|█████████▋| 31/32 [00:03<00:00,  9.02it/s]
(64/65): Calibrating: 100%|██████████| 32/32 [00:03<00:00,  9.03it/s]
(64/65): Calibrating: 100%|██████████| 32/32 [00:03<00:00,  9.15it/s]

(64/65): Propagating:   0%|          | 0/32 [00:00<?, ?it/s]
(64/65): Propagating:   3%|▎         | 1/32 [00:00<00:04,  6.23it/s]
(64/65): Propagating:   6%|▋         | 2/32 [00:00<00:04,  6.26it/s]
(64/65): Propagating:   9%|▉         | 3/32 [00:00<00:04,  6.26it/s]
(64/65): Propagating:  12%|█▎        | 4/32 [00:00<00:04,  6.27it/s]
(64/65): Propagating:  16%|█▌        | 5/32 [00:00<00:04,  6.28it/s]
(64/65): Propagating:  19%|█▉        | 6/32 [00:00<00:04,  6.29it/s]
(64/65): Propagating:  22%|██▏       | 7/32 [00:01<00:03,  6.29it/s]
(64/65): Propagating:  25%|██▌       | 8/32 [00:01<00:03,  6.29it/s]
(64/65): Propagating:  28%|██▊       | 9/32 [00:01<00:03,  6.29it/s]
(64/65): Propagating:  31%|███▏      | 10/32 [00:01<00:03,  6.30it/s]
(64/65): Propagating:  34%|███▍      | 11/32 [00:01<00:03,  6.31it/s]
(64/65): Propagating:  38%|███▊      | 12/32 [00:01<00:03,  6.31it/s]
(64/65): Propagating:  41%|████      | 13/32 [00:02<00:03,  6.32it/s]
(64/65): Propagating:  44%|████▍     | 14/32 [00:02<00:02,  6.32it/s]
(64/65): Propagating:  47%|████▋     | 15/32 [00:02<00:02,  6.32it/s]
(64/65): Propagating:  50%|█████     | 16/32 [00:02<00:02,  6.32it/s]
(64/65): Propagating:  53%|█████▎    | 17/32 [00:02<00:02,  6.32it/s]
(64/65): Propagating:  56%|█████▋    | 18/32 [00:02<00:02,  6.30it/s]
(64/65): Propagating:  59%|█████▉    | 19/32 [00:03<00:02,  6.29it/s]
(64/65): Propagating:  62%|██████▎   | 20/32 [00:03<00:01,  6.29it/s]
(64/65): Propagating:  66%|██████▌   | 21/32 [00:03<00:01,  6.31it/s]
(64/65): Propagating:  69%|██████▉   | 22/32 [00:03<00:01,  6.31it/s]
(64/65): Propagating:  72%|███████▏  | 23/32 [00:03<00:01,  6.30it/s]
(64/65): Propagating:  75%|███████▌  | 24/32 [00:03<00:01,  6.19it/s]
(64/65): Propagating:  78%|███████▊  | 25/32 [00:03<00:01,  6.12it/s]
(64/65): Propagating:  81%|████████▏ | 26/32 [00:04<00:00,  6.16it/s]
(64/65): Propagating:  84%|████████▍ | 27/32 [00:04<00:00,  6.19it/s]
(64/65): Propagating:  88%|████████▊ | 28/32 [00:04<00:00,  6.21it/s]
(64/65): Propagating:  91%|█████████ | 29/32 [00:04<00:00,  6.25it/s]
(64/65): Propagating:  94%|█████████▍| 30/32 [00:04<00:00,  6.27it/s]
(64/65): Propagating:  97%|█████████▋| 31/32 [00:04<00:00,  6.29it/s]
(64/65): Propagating: 100%|██████████| 32/32 [00:05<00:00,  6.30it/s]
(64/65): Propagating: 100%|██████████| 32/32 [00:05<00:00,  6.28it/s]

(65/65): Calibrating:   0%|          | 0/32 [00:00<?, ?it/s]
(65/65): Calibrating:   6%|▋         | 2/32 [00:00<00:01, 15.03it/s]
(65/65): Calibrating:  12%|█▎        | 4/32 [00:00<00:02, 12.69it/s]
(65/65): Calibrating:  19%|█▉        | 6/32 [00:00<00:02, 12.07it/s]
(65/65): Calibrating:  25%|██▌       | 8/32 [00:00<00:02, 11.78it/s]
(65/65): Calibrating:  31%|███▏      | 10/32 [00:00<00:01, 11.63it/s]
(65/65): Calibrating:  38%|███▊      | 12/32 [00:01<00:01, 11.54it/s]
(65/65): Calibrating:  44%|████▍     | 14/32 [00:01<00:01, 11.50it/s]
(65/65): Calibrating:  50%|█████     | 16/32 [00:01<00:01, 11.48it/s]
(65/65): Calibrating:  56%|█████▋    | 18/32 [00:01<00:01, 11.44it/s]
(65/65): Calibrating:  62%|██████▎   | 20/32 [00:01<00:01, 11.43it/s]
(65/65): Calibrating:  69%|██████▉   | 22/32 [00:01<00:00, 11.42it/s]
(65/65): Calibrating:  75%|███████▌  | 24/32 [00:02<00:00, 11.41it/s]
(65/65): Calibrating:  81%|████████▏ | 26/32 [00:02<00:00, 11.41it/s]
(65/65): Calibrating:  88%|████████▊ | 28/32 [00:02<00:00, 11.41it/s]
(65/65): Calibrating:  94%|█████████▍| 30/32 [00:02<00:00, 11.39it/s]
(65/65): Calibrating: 100%|██████████| 32/32 [00:02<00:00, 11.39it/s]
(65/65): Calibrating: 100%|██████████| 32/32 [00:02<00:00, 11.57it/s]

(65/65): Propagating:   0%|          | 0/32 [00:00<?, ?it/s]
(65/65): Propagating:   9%|▉         | 3/32 [00:00<00:01, 15.97it/s]
(65/65): Propagating:  16%|█▌        | 5/32 [00:00<00:02, 13.35it/s]
(65/65): Propagating:  22%|██▏       | 7/32 [00:00<00:02, 12.48it/s]
(65/65): Propagating:  28%|██▊       | 9/32 [00:00<00:01, 12.08it/s]
(65/65): Propagating:  34%|███▍      | 11/32 [00:00<00:01, 11.83it/s]
(65/65): Propagating:  41%|████      | 13/32 [00:01<00:01, 11.68it/s]
(65/65): Propagating:  47%|████▋     | 15/32 [00:01<00:01, 11.58it/s]
(65/65): Propagating:  53%|█████▎    | 17/32 [00:01<00:01, 11.53it/s]
(65/65): Propagating:  59%|█████▉    | 19/32 [00:01<00:01, 11.49it/s]
(65/65): Propagating:  66%|██████▌   | 21/32 [00:01<00:00, 11.46it/s]
(65/65): Propagating:  72%|███████▏  | 23/32 [00:01<00:00, 11.44it/s]
(65/65): Propagating:  78%|███████▊  | 25/32 [00:02<00:00, 11.42it/s]
(65/65): Propagating:  84%|████████▍ | 27/32 [00:02<00:00, 11.42it/s]
(65/65): Propagating:  91%|█████████ | 29/32 [00:02<00:00, 11.42it/s]
(65/65): Propagating:  97%|█████████▋| 31/32 [00:02<00:00, 11.41it/s]
(65/65): Propagating: 100%|██████████| 32/32 [00:02<00:00, 11.72it/s]
2026-09-06T10:20:49.6583 | norm_calibration_context | INFO - Restoring 161 norm modules to offset convention
2026-09-06T10:20:49.6693 | finalize | INFO - Compression lifecycle finalized for 1 modifiers

Compressing model:   0%|          | 0/622 [00:00<?, ?it/s]
Compressing model:  26%|██▌       | 161/622 [00:00<00:00, 1588.79it/s]
Compressing model:  51%|█████▏    | 320/622 [00:00<00:00, 857.63it/s] 
Compressing model:  68%|██████▊   | 424/622 [00:01<00:00, 328.71it/s]
Compressing model:  78%|███████▊  | 488/622 [00:01<00:00, 238.65it/s]
Compressing model:  86%|████████▌ | 532/622 [00:01<00:00, 206.73it/s]
Compressing model:  91%|█████████ | 565/622 [00:02<00:00, 185.75it/s]
Compressing model:  95%|█████████▌| 591/622 [00:02<00:00, 171.48it/s]
Compressing model:  99%|█████████▊| 613/622 [00:02<00:00, 163.72it/s]
Compressing model: 100%|██████████| 622/622 [00:02<00:00, 240.87it/s]
<lc-venv>/lib/python3.12/site-packages/transformers/modeling_utils.py:3574: UserWarning: Attempting to save a model with offloaded modules. Ensure that unallocated cpu memory exceeds the `shard_size` (50GB default)
  warnings.warn(

Writing model shards:   0%|          | 0/7 [00:00<?, ?it/s]
Writing model shards:  14%|█▍        | 1/7 [00:04<00:26,  4.46s/it]
Writing model shards:  29%|██▊       | 2/7 [00:09<00:24,  4.84s/it]
Writing model shards:  43%|████▎     | 3/7 [00:14<00:19,  4.89s/it]
Writing model shards:  57%|█████▋    | 4/7 [00:18<00:14,  4.72s/it]
Writing model shards:  71%|███████▏  | 5/7 [00:23<00:09,  4.70s/it]
Writing model shards:  86%|████████▌ | 6/7 [00:26<00:03,  3.93s/it]
Writing model shards: 100%|██████████| 7/7 [00:28<00:00,  3.43s/it]
Writing model shards: 100%|██████████| 7/7 [00:28<00:00,  4.07s/it]

Dispatching model:   0%|          | 0/1361 [00:00<?, ?it/s]
Dispatching model:  79%|███████▉  | 1078/1361 [00:00<00:00, 10524.96it/s]
Dispatching model: 100%|██████████| 1361/1361 [00:00<00:00, 3541.39it/s] 
CALIB_DONE 582.907063961029
